[0, 0, 722.2975]
[0, 1, 721.765]
[0, 2, 721.1975]
[0, 3, 720.6875]
[0, 4, 720.3025]
[0, 5, 719.86]
[0, 6, 719.4525]
[0, 7, 718.995]
[0, 8, 718.5225]
[0, 9, 718.0725]
[0, 10, 717.66]
[0, 11, 717.24]
[0, 12, 716.8275]
[0, 13, 716.4775]
[0, 14, 716.23]
[0, 15, 715.83]
[0, 16, 715.445]
[0, 17, 715.22]
[0, 18, 715.13]
[0, 19, 714.8575]
[0, 20, 714.5225]
[0, 21, 714.0875]
[0, 22, 713.6675]
[0, 23, 713.005]
[0, 24, 712.585]
[0, 25, 712.275]
[0, 26, 711.995]
[0, 27, 711.7575]
[0, 28, 711.325]
[0, 29, 710.85]
[0, 30, 710.2975]
[0, 31, 709.695]
[0, 32, 709.28]
[0, 33, 708.9975]
[0, 34, 708.635]
[0, 35, 708.3875]
[0, 36, 708.1075]
[0, 37, 707.7]
[0, 38, 707.3175]
[0, 39, 706.89]
[0, 40, 706.44]
[0, 41, 705.9925]
[0, 42, 705.6]
[0, 43, 705.265]
[0, 44, 704.8625]
[0, 45, 704.4375]
[0, 46, 703.9825]
[0, 47, 703.485]
[0, 48, 702.845]
[0, 49, 702.2]
[0, 50, 701.72]
[0, 51, 701.2375]
[0, 52, 700.83]
[0, 53, 700.3575]
[0, 54, 700.0225]
[0, 55, 699.735]
[0, 56, 699.29]
[0, 57, 698.8475]
[0, 58, 698.2775]
[0, 59, 697.87]
[0, 60, 697.4175]
[0, 61, 697.03]
[0, 62, 696.5275]
[0, 63, 696.055]
[0, 64, 695.525]
[0, 65, 695.0]
[0, 66, 694.445]
[0, 67, 693.9025]
[0, 68, 693.465]
[0, 69, 693.005]
[0, 70, 692.1325]
[0, 71, 691.38]
[0, 72, 690.71]
[0, 73, 690.0425]
[0, 74, 689.54]
[0, 75, 689.02]
[0, 76, 688.435]
[0, 77, 687.845]
[0, 78, 687.2775]
[0, 79, 686.745]
[0, 80, 686.115]
[0, 81, 685.4975]
[0, 82, 684.84]
[0, 83, 684.13]
[0, 84, 683.4625]
[0, 85, 682.765]
[0, 86, 682.13]
[0, 87, 681.315]
[0, 88, 680.6175]
[0, 89, 680.2375]
[0, 90, 679.7375]
[0, 91, 679.19]
[0, 92, 678.5575]
[0, 93, 677.9875]
[0, 94, 677.4475]
[0, 95, 677.0]
[0, 96, 676.4325]
[0, 97, 675.95]
[0, 98, 675.3875]
[0, 99, 674.855]
[0, 100, 674.23]
[0, 101, 673.59]
[0, 102, 672.9925]
[0, 103, 672.3275]
[0, 104, 671.67]
[0, 105, 671.1925]
[0, 106, 670.6725]
[0, 107, 670.1425]
[0, 108, 669.695]
[0, 109, 669.0975]
[0, 110, 668.44]
[0, 111, 667.8225]
[0, 112, 667.1525]
[0, 113, 666.555]
[0, 114, 665.9875]
[0, 115, 665.4825]
[0, 116, 664.915]
[0, 117, 664.285]
[0, 118, 663.6425]
[0, 119, 662.97]
[0, 120, 662.345]
[0, 121, 661.7525]
[0, 122, 660.935]
[0, 123, 660.2525]
[0, 124, 659.605]
[0, 125, 659.005]
[0, 126, 658.3975]
[0, 127, 657.8175]
[0, 128, 657.2625]
[0, 129, 656.695]
[0, 130, 656.0725]
[0, 131, 655.52]
[0, 132, 654.845]
[0, 133, 654.16]
[0, 134, 653.5575]
[0, 135, 652.9575]
[0, 136, 652.3375]
[0, 137, 651.7425]
[0, 138, 651.1475]
[0, 139, 650.5675]
[0, 140, 649.895]
[0, 141, 649.1675]
[0, 142, 648.445]
[0, 143, 647.665]
[0, 144, 646.9725]
[0, 145, 646.425]
[0, 146, 645.9425]
[0, 147, 645.3775]
[0, 148, 644.805]
[0, 149, 644.1975]
[0, 150, 643.5525]
[0, 151, 642.9025]
[0, 152, 642.25]
[0, 153, 641.6525]
[0, 154, 641.1125]
[0, 155, 640.54]
[0, 156, 639.95]
[0, 157, 639.32]
[0, 158, 638.615]
[0, 159, 637.9725]
[0, 160, 637.495]
[0, 161, 637.08]
[0, 162, 636.6625]
[0, 163, 636.145]
[0, 164, 635.75]
[0, 165, 635.3425]
[0, 166, 634.89]
[0, 167, 634.4275]
[0, 168, 633.9575]
[0, 169, 633.385]
[0, 170, 632.7975]
[0, 171, 632.24]
[0, 172, 631.5975]
[0, 173, 630.94]
[0, 174, 630.1675]
[0, 175, 629.4925]
[0, 176, 628.8825]
[0, 177, 628.1875]
[0, 178, 627.5675]
[0, 179, 627.025]
[0, 180, 626.5175]
[0, 181, 626.01]
[0, 182, 625.5025]
[0, 183, 624.865]
[0, 184, 624.265]
[0, 185, 623.775]
[0, 186, 623.2425]
[0, 187, 622.7575]
[0, 188, 622.2275]
[0, 189, 621.6775]
[0, 190, 621.2]
[0, 191, 620.7225]
[0, 192, 620.245]
[0, 193, 619.7125]
[0, 194, 619.155]
[0, 195, 618.6175]
[0, 196, 618.12]
[0, 197, 617.64]
[0, 198, 617.17]
[0, 199, 616.7375]
[0, 200, 616.2475]
[0, 201, 615.8025]
[0, 202, 615.28]
[0, 203, 614.83]
[0, 204, 614.345]
[0, 205, 613.8975]
[0, 206, 613.4625]
[0, 207, 612.88]
[0, 208, 612.315]
[0, 209, 611.81]
[0, 210, 611.3325]
[0, 211, 610.855]
[0, 212, 610.345]
[0, 213, 609.945]
[0, 214, 609.4875]
[0, 215, 608.9475]
[0, 216, 608.575]
[0, 217, 608.35]
[0, 218, 608.085]
[0, 219, 607.8175]
[0, 220, 607.525]
[0, 221, 607.1925]
[0, 222, 606.82]
[0, 223, 606.46]
[0, 224, 606.07]
[0, 225, 605.705]
[0, 226, 605.2775]
[0, 227, 604.94]
[0, 228, 604.63]
[0, 229, 604.2925]
[0, 230, 603.8925]
[0, 231, 603.4675]
[0, 232, 603.005]
[0, 233, 602.5225]
[0, 234, 602.125]
[0, 235, 601.695]
[0, 236, 601.27]
[0, 237, 600.8475]
[0, 238, 600.385]
[0, 239, 599.905]
[0, 240, 599.4575]
[0, 241, 599.0825]
[0, 242, 598.765]
[0, 243, 598.4175]
[0, 244, 598.0975]
[0, 245, 597.77]
[0, 246, 597.37]
[0, 247, 596.9]
[0, 248, 596.48]
[0, 249, 596.055]
[0, 250, 595.595]
[0, 251, 595.16]
[0, 252, 594.6475]
[0, 253, 594.225]
[0, 254, 593.8225]
[0, 255, 593.36]
[0, 256, 592.905]
[0, 257, 592.505]
[0, 258, 592.18]
[0, 259, 591.89]
[0, 260, 591.6225]
[0, 261, 591.345]
[0, 262, 591.1]
[0, 263, 590.815]
[0, 264, 590.52]
[0, 265, 590.27]
[0, 266, 589.9575]
[0, 267, 589.5725]
[0, 268, 589.195]
[0, 269, 588.8125]
[0, 270, 588.26]
[0, 271, 587.5475]
[0, 272, 586.9575]
[0, 273, 586.6925]
[0, 274, 586.2925]
[0, 275, 585.9375]
[0, 276, 585.715]
[0, 277, 585.57]
[0, 278, 585.345]
[0, 279, 585.0825]
[0, 280, 584.79]
[0, 281, 584.5]
[0, 282, 584.1975]
[0, 283, 583.775]
[0, 284, 583.3475]
[0, 285, 583.0]
[0, 286, 582.5775]
[0, 287, 582.1475]
[0, 288, 581.7275]
[0, 289, 581.3225]
[0, 290, 580.9175]
[0, 291, 580.47]
[0, 292, 580.0325]
[0, 293, 579.8075]
[0, 294, 579.5625]
[0, 295, 579.28]
[0, 296, 578.95]
[0, 297, 578.4575]
[0, 298, 577.9875]
[0, 299, 577.61]
[0, 300, 577.5775]
[0, 301, 577.39]
[0, 302, 577.0925]
[0, 303, 576.8525]
[0, 304, 576.46]
[0, 305, 576.1325]
[0, 306, 575.8075]
[0, 307, 575.5125]
[0, 308, 575.16]
[0, 309, 574.735]
[0, 310, 574.2625]
[0, 311, 573.8325]
[0, 312, 573.435]
[0, 313, 573.0575]
[0, 314, 572.6825]
[0, 315, 572.125]
[0, 316, 571.64]
[0, 317, 571.3525]
[0, 318, 570.965]
[0, 319, 570.4625]
[0, 320, 570.0125]
[0, 321, 569.575]
[0, 322, 569.275]
[0, 323, 568.9075]
[0, 324, 568.5325]
[0, 325, 568.11]
[0, 326, 567.655]
[0, 327, 567.2625]
[0, 328, 567.0575]
[0, 329, 566.8625]
[0, 330, 566.78]
[0, 331, 566.615]
[0, 332, 566.3775]
[0, 333, 566.095]
[0, 334, 565.785]
[0, 335, 565.39]
[0, 336, 565.155]
[0, 337, 564.9125]
[0, 338, 564.6]
[0, 339, 564.3175]
[0, 340, 564.07]
[0, 341, 563.7775]
[0, 342, 563.4925]
[0, 343, 563.195]
[0, 344, 563.0]
[0, 345, 562.725]
[0, 346, 562.4475]
[0, 347, 562.22]
[0, 348, 561.99]
[0, 349, 561.7425]
[0, 350, 561.45]
[0, 351, 561.2075]
[0, 352, 561.01]
[0, 353, 560.725]
[0, 354, 560.5075]
[0, 355, 560.2625]
[0, 356, 559.995]
[0, 357, 559.7875]
[0, 358, 559.58]
[0, 359, 559.34]
[0, 360, 559.03]
[0, 361, 558.935]
[0, 362, 558.705]
[0, 363, 558.42]
[0, 364, 558.21]
[0, 365, 557.9875]
[0, 366, 557.705]
[0, 367, 557.3075]
[0, 368, 556.995]
[0, 369, 556.7725]
[0, 370, 556.525]
[0, 371, 556.3375]
[0, 372, 556.0275]
[0, 373, 555.7275]
[0, 374, 555.4375]
[0, 375, 555.1375]
[0, 376, 554.785]
[0, 377, 554.385]
[0, 378, 554.04]
[0, 379, 553.695]
[0, 380, 553.3575]
[0, 381, 553.0525]
[0, 382, 552.8175]
[0, 383, 552.535]
[0, 384, 552.1975]
[0, 385, 551.915]
[0, 386, 551.745]
[0, 387, 551.565]
[0, 388, 551.34]
[0, 389, 551.02]
[0, 390, 550.6375]
[0, 391, 550.33]
[0, 392, 550.0825]
[0, 393, 549.81]
[0, 394, 549.5775]
[0, 395, 549.3375]
[0, 396, 548.99]
[0, 397, 548.6775]
[0, 398, 548.48]
[0, 399, 548.215]
[0, 400, 547.94]
[0, 401, 547.6975]
[0, 402, 547.405]
[0, 403, 547.0525]
[0, 404, 546.7175]
[0, 405, 546.37]
[0, 406, 546.0275]
[0, 407, 545.71]
[0, 408, 545.445]
[0, 409, 545.275]
[0, 410, 545.0425]
[0, 411, 544.745]
[0, 412, 544.475]
[0, 413, 544.17]
[0, 414, 543.8975]
[0, 415, 543.765]
[0, 416, 543.5825]
[0, 417, 543.2675]
[0, 418, 542.9025]
[0, 419, 542.565]
[0, 420, 542.295]
[0, 421, 541.9925000000001]
[0, 422, 541.635]
[0, 423, 541.3025]
[0, 424, 540.9375]
[0, 425, 540.5675]
[0, 426, 540.1575]
[0, 427, 539.7525]
[0, 428, 539.3575000000001]
[0, 429, 538.9875]
[0, 430, 538.6324999999999]
[0, 431, 538.2825]
[0, 432, 537.9925000000001]
[0, 433, 537.7375]
[0, 434, 537.415]
[0, 435, 537.1324999999999]
[0, 436, 536.88]
[0, 437, 536.62]
[0, 438, 536.2425000000001]
[0, 439, 535.9225]
[0, 440, 535.5925]
[0, 441, 535.19]
[0, 442, 534.855]
[0, 443, 534.48]
[0, 444, 534.125]
[0, 445, 533.73]
[0, 446, 533.3275]
[0, 447, 533.015]
[0, 448, 532.7975]
[0, 449, 532.5274999999999]
[0, 450, 532.175]
[0, 451, 531.8425]
[0, 452, 531.6075000000001]
[0, 453, 531.35]
[0, 454, 531.0625]
[0, 455, 530.7125]
[0, 456, 530.3775]
[0, 457, 530.0350000000001]
[0, 458, 529.645]
[0, 459, 529.1700000000001]
[0, 460, 528.8125]
[0, 461, 528.4100000000001]
[0, 462, 528.0725]
[0, 463, 527.5125]
[0, 464, 527.13]
[0, 465, 526.71]
[0, 466, 526.29]
[0, 467, 525.8625]
[0, 468, 525.49]
[0, 469, 525.0375]
[0, 470, 524.69]
[0, 471, 524.3975]
[0, 472, 524.0775]
[0, 473, 523.7325000000001]
[0, 474, 523.4]
[0, 475, 523.095]
[0, 476, 522.7875]
[0, 477, 522.4475]
[0, 478, 522.0899999999999]
[0, 479, 521.7625]
[0, 480, 521.3375]
[0, 481, 521.0074999999999]
[0, 482, 520.7975]
[0, 483, 520.475]
[0, 484, 520.1125]
[0, 485, 519.72]
[0, 486, 519.3675000000001]
[0, 487, 518.925]
[0, 488, 518.5025]
[0, 489, 517.9775]
[0, 490, 517.4425]
[0, 491, 516.8575000000001]
[0, 492, 516.3975]
[0, 493, 515.745]
[0, 494, 514.9100000000001]
[0, 495, 513.9225]
[0, 496, 512.6975]
[0, 497, 511.6325]
[0, 498, 510.765]
[0, 499, 509.775]
[10, 499, 502.0875]
[10, 498, 502.9275]
[10, 497, 503.6625]
[10, 496, 504.33]
[10, 495, 505.0975]
[10, 494, 505.9]
[10, 493, 506.8125]
[10, 492, 507.8775]
[10, 491, 508.96]
[10, 490, 509.8375]
[10, 489, 510.6625]
[10, 488, 511.395]
[10, 487, 512.015]
[10, 486, 512.8475000000001]
[10, 485, 513.9575]
[10, 484, 514.995]
[10, 483, 516.0225]
[10, 482, 517.355]
[10, 481, 518.6925]
[10, 480, 519.9925000000001]
[10, 479, 521.0699999999999]
[10, 478, 522.075]
[10, 477, 522.6949999999999]
[10, 476, 523.1975]
[10, 475, 523.6625]
[10, 474, 524.0699999999999]
[10, 473, 524.4300000000001]
[10, 472, 524.8]
[10, 471, 525.1949999999999]
[10, 470, 525.5475]
[10, 469, 525.865]
[10, 468, 526.1825]
[10, 467, 526.5025]
[10, 466, 526.9300000000001]
[10, 465, 527.395]
[10, 464, 527.8075]
[10, 463, 528.26]
[10, 462, 528.69]
[10, 461, 529.1324999999999]
[10, 460, 529.5799999999999]
[10, 459, 529.9449999999999]
[10, 458, 530.265]
[10, 457, 530.6225]
[10, 456, 531.0450000000001]
[10, 455, 531.4225]
[10, 454, 531.7425000000001]
[10, 453, 532.0975000000001]
[10, 452, 532.425]
[10, 451, 532.8225]
[10, 450, 533.29]
[10, 449, 533.725]
[10, 448, 534.1275]
[10, 447, 534.4925000000001]
[10, 446, 534.8425]
[10, 445, 535.1949999999999]
[10, 444, 535.5350000000001]
[10, 443, 535.8525]
[10, 442, 536.2149999999999]
[10, 441, 536.5675]
[10, 440, 536.9425]
[10, 439, 537.31]
[10, 438, 537.6600000000001]
[10, 437, 537.9525]
[10, 436, 538.255]
[10, 435, 538.595]
[10, 434, 538.94]
[10, 433, 539.1949999999999]
[10, 432, 539.585]
[10, 431, 539.87]
[10, 430, 540.065]
[10, 429, 540.4825000000001]
[10, 428, 540.8050000000001]
[10, 427, 541.2425000000001]
[10, 426, 541.615]
[10, 425, 541.9300000000001]
[10, 424, 542.2125]
[10, 423, 542.51]
[10, 422, 542.84]
[10, 421, 543.0925]
[10, 420, 543.3725]
[10, 419, 543.6625]
[10, 418, 544.01]
[10, 417, 544.37]
[10, 416, 544.725]
[10, 415, 545.065]
[10, 414, 545.415]
[10, 413, 545.68]
[10, 412, 545.9]
[10, 411, 546.185]
[10, 410, 546.5125]
[10, 409, 546.935]
[10, 408, 547.2475]
[10, 407, 547.575]
[10, 406, 547.8375]
[10, 405, 548.0775]
[10, 404, 548.34]
[10, 403, 548.665]
[10, 402, 548.985]
[10, 401, 549.2275]
[10, 400, 549.545]
[10, 399, 549.8075]
[10, 398, 550.0475]
[10, 397, 550.31]
[10, 396, 550.5325]
[10, 395, 550.7775]
[10, 394, 551.015]
[10, 393, 551.2175]
[10, 392, 551.4525]
[10, 391, 551.7175]
[10, 390, 552.0175]
[10, 389, 552.3]
[10, 388, 552.5975]
[10, 387, 552.925]
[10, 386, 553.3275]
[10, 385, 553.7775]
[10, 384, 554.2025]
[10, 383, 554.5825]
[10, 382, 555.015]
[10, 381, 555.4425]
[10, 380, 555.8825]
[10, 379, 556.2275]
[10, 378, 556.455]
[10, 377, 556.8425]
[10, 376, 557.1425]
[10, 375, 557.45]
[10, 374, 557.7625]
[10, 373, 558.0825]
[10, 372, 558.405]
[10, 371, 558.75]
[10, 370, 559.0325]
[10, 369, 559.2275]
[10, 368, 559.46]
[10, 367, 559.805]
[10, 366, 560.095]
[10, 365, 560.4025]
[10, 364, 560.76]
[10, 363, 561.1025]
[10, 362, 561.44]
[10, 361, 561.6775]
[10, 360, 561.9375]
[10, 359, 562.2425]
[10, 358, 562.5675]
[10, 357, 562.85]
[10, 356, 563.175]
[10, 355, 563.475]
[10, 354, 563.7525]
[10, 353, 564.0325]
[10, 352, 564.3875]
[10, 351, 564.5775]
[10, 350, 564.8475]
[10, 349, 565.045]
[10, 348, 565.3675]
[10, 347, 565.6275]
[10, 346, 565.8825]
[10, 345, 566.115]
[10, 344, 566.21]
[10, 343, 566.5225]
[10, 342, 567.06]
[10, 341, 567.4475]
[10, 340, 567.8075]
[10, 339, 568.04]
[10, 338, 568.0425]
[10, 337, 568.375]
[10, 336, 568.825]
[10, 335, 569.095]
[10, 334, 569.46]
[10, 333, 569.775]
[10, 332, 570.165]
[10, 331, 570.535]
[10, 330, 570.8075]
[10, 329, 571.005]
[10, 328, 571.32]
[10, 327, 571.6975]
[10, 326, 571.8475]
[10, 325, 572.0775]
[10, 324, 572.355]
[10, 323, 572.6625]
[10, 322, 573.0875]
[10, 321, 573.41]
[10, 320, 573.7275]
[10, 319, 574.1125]
[10, 318, 574.4425]
[10, 317, 574.8175]
[10, 316, 575.2]
[10, 315, 575.6025]
[10, 314, 575.985]
[10, 313, 576.1625]
[10, 312, 576.435]
[10, 311, 576.7275]
[10, 310, 577.04]
[10, 309, 577.32]
[10, 308, 577.505]
[10, 307, 577.7325]
[10, 306, 577.9575]
[10, 305, 578.2225]
[10, 304, 578.5525]
[10, 303, 578.84]
[10, 302, 579.175]
[10, 301, 579.55]
[10, 300, 580.02]
[10, 299, 580.465]
[10, 298, 581.0075]
[10, 297, 581.415]
[10, 296, 581.8475]
[10, 295, 582.35]
[10, 294, 582.765]
[10, 293, 583.0925]
[10, 292, 583.4575]
[10, 291, 583.9675]
[10, 290, 584.33]
[10, 289, 584.7675]
[10, 288, 585.1725]
[10, 287, 585.48]
[10, 286, 585.8075]
[10, 285, 586.145]
[10, 284, 586.4525]
[10, 283, 586.705]
[10, 282, 586.9325]
[10, 281, 587.2625]
[10, 280, 587.6775]
[10, 279, 587.9875]
[10, 278, 588.265]
[10, 277, 588.5175]
[10, 276, 588.7875]
[10, 275, 589.045]
[10, 274, 589.2925]
[10, 273, 589.605]
[10, 272, 589.865]
[10, 271, 590.26]
[10, 270, 590.6125]
[10, 269, 590.9575]
[10, 268, 591.2375]
[10, 267, 591.485]
[10, 266, 591.865]
[10, 265, 592.21]
[10, 264, 592.5175]
[10, 263, 592.825]
[10, 262, 593.25]
[10, 261, 593.6225]
[10, 260, 594.0425]
[10, 259, 594.565]
[10, 258, 594.9875]
[10, 257, 595.465]
[10, 256, 595.94]
[10, 255, 596.42]
[10, 254, 596.89]
[10, 253, 597.275]
[10, 252, 597.6675]
[10, 251, 598.07]
[10, 250, 598.5425]
[10, 249, 599.035]
[10, 248, 599.57]
[10, 247, 600.1375]
[10, 246, 600.62]
[10, 245, 601.055]
[10, 244, 601.43]
[10, 243, 601.7125]
[10, 242, 601.965]
[10, 241, 602.21]
[10, 240, 602.4075]
[10, 239, 602.74]
[10, 238, 603.1725]
[10, 237, 603.615]
[10, 236, 604.075]
[10, 235, 604.5225]
[10, 234, 605.0125]
[10, 233, 605.4875]
[10, 232, 606.005]
[10, 231, 606.5325]
[10, 230, 606.9575]
[10, 229, 607.32]
[10, 228, 607.6475]
[10, 227, 607.93]
[10, 226, 608.1975]
[10, 225, 608.605]
[10, 224, 609.0825]
[10, 223, 609.44]
[10, 222, 609.76]
[10, 221, 610.0875]
[10, 220, 610.51]
[10, 219, 610.9675]
[10, 218, 611.515]
[10, 217, 611.9925]
[10, 216, 612.39]
[10, 215, 612.8425]
[10, 214, 613.345]
[10, 213, 613.835]
[10, 212, 614.26]
[10, 211, 614.675]
[10, 210, 615.065]
[10, 209, 615.505]
[10, 208, 615.925]
[10, 207, 616.34]
[10, 206, 616.7625]
[10, 205, 617.26]
[10, 204, 617.71]
[10, 203, 618.29]
[10, 202, 618.8875]
[10, 201, 619.52]
[10, 200, 620.1125]
[10, 199, 620.665]
[10, 198, 621.22]
[10, 197, 621.7325]
[10, 196, 622.3125]
[10, 195, 622.82]
[10, 194, 623.4]
[10, 193, 623.91]
[10, 192, 624.4925]
[10, 191, 625.15]
[10, 190, 625.7625]
[10, 189, 626.26]
[10, 188, 626.7425]
[10, 187, 627.1675]
[10, 186, 627.745]
[10, 185, 628.3175]
[10, 184, 628.8575]
[10, 183, 629.4975]
[10, 182, 630.075]
[10, 181, 630.67]
[10, 180, 631.31]
[10, 179, 631.9425]
[10, 178, 632.55]
[10, 177, 633.2325]
[10, 176, 633.83]
[10, 175, 634.415]
[10, 174, 635.05]
[10, 173, 635.5775]
[10, 172, 636.1875]
[10, 171, 636.8675]
[10, 170, 637.59]
[10, 169, 638.365]
[10, 168, 639.1125]
[10, 167, 639.8225]
[10, 166, 640.51]
[10, 165, 641.165]
[10, 164, 641.8225]
[10, 163, 642.43]
[10, 162, 642.925]
[10, 161, 643.3875]
[10, 160, 643.985]
[10, 159, 644.545]
[10, 158, 645.115]
[10, 157, 645.615]
[10, 156, 646.2375]
[10, 155, 647.0075]
[10, 154, 647.72]
[10, 153, 648.3975]
[10, 152, 649.005]
[10, 151, 649.5775]
[10, 150, 650.0675]
[10, 149, 650.7125]
[10, 148, 651.485]
[10, 147, 652.2275]
[10, 146, 652.8125]
[10, 145, 653.3975]
[10, 144, 653.975]
[10, 143, 654.63]
[10, 142, 655.15]
[10, 141, 655.75]
[10, 140, 656.5775]
[10, 139, 657.37]
[10, 138, 658.1125]
[10, 137, 658.75]
[10, 136, 659.3975]
[10, 135, 660.0]
[10, 134, 660.6625]
[10, 133, 661.385]
[10, 132, 662.0375]
[10, 131, 662.7725]
[10, 130, 663.4175]
[10, 129, 664.1275]
[10, 128, 664.8875]
[10, 127, 665.5525]
[10, 126, 666.2575]
[10, 125, 666.9525]
[10, 124, 667.525]
[10, 123, 667.92]
[10, 122, 668.63]
[10, 121, 669.3975]
[10, 120, 670.025]
[10, 119, 670.5725]
[10, 118, 671.195]
[10, 117, 671.8475]
[10, 116, 672.44]
[10, 115, 673.1]
[10, 114, 673.9]
[10, 113, 674.605]
[10, 112, 675.3325]
[10, 111, 676.035]
[10, 110, 676.6875]
[10, 109, 677.22]
[10, 108, 677.7375]
[10, 107, 678.3125]
[10, 106, 678.915]
[10, 105, 679.4675]
[10, 104, 680.01]
[10, 103, 680.5575]
[10, 102, 681.0225]
[10, 101, 681.6075]
[10, 100, 682.265]
[10, 99, 682.9425]
[10, 98, 683.6375]
[10, 97, 684.255]
[10, 96, 684.8125]
[10, 95, 685.3325]
[10, 94, 686.015]
[10, 93, 686.6775]
[10, 92, 687.36]
[10, 91, 688.08]
[10, 90, 688.7025]
[10, 89, 689.3075]
[10, 88, 689.8525]
[10, 87, 690.27]
[10, 86, 690.85]
[10, 85, 691.655]
[10, 84, 692.47]
[10, 83, 693.17]
[10, 82, 693.8525]
[10, 81, 694.435]
[10, 80, 695.035]
[10, 79, 695.5975]
[10, 78, 696.195]
[10, 77, 696.82]
[10, 76, 697.39]
[10, 75, 698.0175]
[10, 74, 698.735]
[10, 73, 699.3875]
[10, 72, 699.975]
[10, 71, 700.53]
[10, 70, 700.92]
[10, 69, 701.3]
[10, 68, 701.8025]
[10, 67, 702.2575]
[10, 66, 702.6725]
[10, 65, 703.1525]
[10, 64, 703.6425]
[10, 63, 704.1675]
[10, 62, 704.68]
[10, 61, 705.0775]
[10, 60, 705.5625]
[10, 59, 706.025]
[10, 58, 706.405]
[10, 57, 706.81]
[10, 56, 707.3725]
[10, 55, 707.8925]
[10, 54, 708.37]
[10, 53, 708.775]
[10, 52, 709.205]
[10, 51, 709.645]
[10, 50, 710.225]
[10, 49, 710.7775]
[10, 48, 711.255]
[10, 47, 711.71]
[10, 46, 712.2475]
[10, 45, 712.665]
[10, 44, 712.9875]
[10, 43, 713.395]
[10, 42, 713.7175]
[10, 41, 714.0525]
[10, 40, 714.505]
[10, 39, 714.89]
[10, 38, 715.3425]
[10, 37, 715.86]
[10, 36, 716.3025]
[10, 35, 716.715]
[10, 34, 717.1025]
[10, 33, 717.5325]
[10, 32, 717.9575]
[10, 31, 718.355]
[10, 30, 718.8325]
[10, 29, 719.1575]
[10, 28, 719.415]
[10, 27, 719.7725]
[10, 26, 720.185]
[10, 25, 720.5875]
[10, 24, 721.0725]
[10, 23, 721.4225]
[10, 22, 721.965]
[10, 21, 722.3925]
[10, 20, 722.7375]
[10, 19, 723.115]
[10, 18, 723.5425]
[10, 17, 723.9275]
[10, 16, 724.315]
[10, 15, 724.6675]
[10, 14, 725.095]
[10, 13, 725.63]
[10, 12, 726.135]
[10, 11, 726.6325]
[10, 10, 727.18]
[10, 9, 727.63]
[10, 8, 728.13]
[10, 7, 728.53]
[10, 6, 728.95]
[10, 5, 729.4175]
[10, 4, 729.93]
[10, 3, 730.3975]
[10, 2, 730.84]
[10, 1, 731.32]
[10, 0, 731.7575]
[20, 0, 742.11]
[20, 1, 741.555]
[20, 2, 741.095]
[20, 3, 740.3875]
[20, 4, 739.775]
[20, 5, 739.4875]
[20, 6, 739.0725]
[20, 7, 738.5425]
[20, 8, 738.03]
[20, 9, 737.45]
[20, 10, 736.9575]
[20, 11, 736.5375]
[20, 12, 736.125]
[20, 13, 735.6225]
[20, 14, 735.2]
[20, 15, 734.83]
[20, 16, 734.335]
[20, 17, 733.91]
[20, 18, 733.4825]
[20, 19, 732.8875]
[20, 20, 732.3175]
[20, 21, 731.7075]
[20, 22, 731.0825]
[20, 23, 730.6925]
[20, 24, 730.2275]
[20, 25, 729.7225]
[20, 26, 729.2]
[20, 27, 728.6875]
[20, 28, 728.1225]
[20, 29, 727.3575]
[20, 30, 726.8275]
[20, 31, 726.42]
[20, 32, 725.9225]
[20, 33, 725.4475]
[20, 34, 725.0425]
[20, 35, 724.5625]
[20, 36, 724.115]
[20, 37, 723.8075]
[20, 38, 723.47]
[20, 39, 723.125]
[20, 40, 722.7625]
[20, 41, 722.3325]
[20, 42, 721.875]
[20, 43, 721.4975]
[20, 44, 721.0975]
[20, 45, 720.53]
[20, 46, 720.0075]
[20, 47, 719.8075]
[20, 48, 719.54]
[20, 49, 719.1825]
[20, 50, 718.77]
[20, 51, 718.3075]
[20, 52, 717.75]
[20, 53, 717.04]
[20, 54, 716.3275]
[20, 55, 715.8025]
[20, 56, 715.2725]
[20, 57, 714.7]
[20, 58, 714.065]
[20, 59, 713.3675]
[20, 60, 712.7975]
[20, 61, 712.3]
[20, 62, 711.7325]
[20, 63, 711.2425]
[20, 64, 710.695]
[20, 65, 710.15]
[20, 66, 709.6025]
[20, 67, 709.065]
[20, 68, 708.4975]
[20, 69, 708.0325]
[20, 70, 707.5725]
[20, 71, 707.0675]
[20, 72, 706.6]
[20, 73, 706.16]
[20, 74, 705.6175]
[20, 75, 704.995]
[20, 76, 704.3675]
[20, 77, 703.74]
[20, 78, 703.1625]
[20, 79, 702.6375]
[20, 80, 702.06]
[20, 81, 701.475]
[20, 82, 700.9575]
[20, 83, 700.315]
[20, 84, 699.6775]
[20, 85, 699.065]
[20, 86, 698.4525]
[20, 87, 697.765]
[20, 88, 697.2]
[20, 89, 696.6375]
[20, 90, 696.0725]
[20, 91, 695.59]
[20, 92, 694.9625]
[20, 93, 694.385]
[20, 94, 693.7475]
[20, 95, 693.1425]
[20, 96, 692.475]
[20, 97, 691.8375]
[20, 98, 691.29]
[20, 99, 690.79]
[20, 100, 690.1525]
[20, 101, 689.52]
[20, 102, 688.8225]
[20, 103, 687.94]
[20, 104, 687.1625]
[20, 105, 686.48]
[20, 106, 685.88]
[20, 107, 685.25]
[20, 108, 684.6175]
[20, 109, 684.0925]
[20, 110, 683.505]
[20, 111, 682.9]
[20, 112, 682.2575]
[20, 113, 681.6625]
[20, 114, 681.0425]
[20, 115, 680.485]
[20, 116, 679.79]
[20, 117, 679.1925]
[20, 118, 678.6]
[20, 119, 677.9125]
[20, 120, 677.2975]
[20, 121, 676.6275]
[20, 122, 675.9225]
[20, 123, 675.1825]
[20, 124, 674.265]
[20, 125, 673.37]
[20, 126, 672.78]
[20, 127, 672.275]
[20, 128, 671.5475]
[20, 129, 670.81]
[20, 130, 670.1425]
[20, 131, 669.3675]
[20, 132, 668.65]
[20, 133, 667.8975]
[20, 134, 667.22]
[20, 135, 666.54]
[20, 136, 665.8375]
[20, 137, 665.16]
[20, 138, 664.485]
[20, 139, 663.8075]
[20, 140, 663.05]
[20, 141, 662.1325]
[20, 142, 661.3275]
[20, 143, 660.4525]
[20, 144, 659.735]
[20, 145, 659.1575]
[20, 146, 658.585]
[20, 147, 657.9975]
[20, 148, 657.31]
[20, 149, 656.675]
[20, 150, 656.115]
[20, 151, 655.595]
[20, 152, 654.945]
[20, 153, 654.205]
[20, 154, 653.5075]
[20, 155, 652.895]
[20, 156, 652.3]
[20, 157, 651.64]
[20, 158, 651.06]
[20, 159, 650.4325]
[20, 160, 649.765]
[20, 161, 649.115]
[20, 162, 648.4575]
[20, 163, 647.885]
[20, 164, 647.2975]
[20, 165, 646.6625]
[20, 166, 645.935]
[20, 167, 645.1375]
[20, 168, 644.3575]
[20, 169, 643.7225]
[20, 170, 643.09]
[20, 171, 642.535]
[20, 172, 641.955]
[20, 173, 641.3325]
[20, 174, 640.7]
[20, 175, 639.985]
[20, 176, 639.28]
[20, 177, 638.6275]
[20, 178, 637.9475]
[20, 179, 637.305]
[20, 180, 636.5875]
[20, 181, 635.7625]
[20, 182, 635.0825]
[20, 183, 634.4025]
[20, 184, 633.8]
[20, 185, 633.1875]
[20, 186, 632.5775]
[20, 187, 631.9425]
[20, 188, 631.2875]
[20, 189, 630.6075]
[20, 190, 629.8775]
[20, 191, 629.24]
[20, 192, 628.6925]
[20, 193, 628.22]
[20, 194, 627.7125]
[20, 195, 627.1375]
[20, 196, 626.6875]
[20, 197, 626.1675]
[20, 198, 625.6575]
[20, 199, 625.1525]
[20, 200, 624.6875]
[20, 201, 624.1875]
[20, 202, 623.5675]
[20, 203, 623.04]
[20, 204, 622.4575]
[20, 205, 621.91]
[20, 206, 621.295]
[20, 207, 620.685]
[20, 208, 620.1525]
[20, 209, 619.6975]
[20, 210, 619.2925]
[20, 211, 618.8425]
[20, 212, 618.3625]
[20, 213, 617.855]
[20, 214, 617.3975]
[20, 215, 617.0075]
[20, 216, 616.5975]
[20, 217, 616.16]
[20, 218, 615.7325]
[20, 219, 615.225]
[20, 220, 614.78]
[20, 221, 614.335]
[20, 222, 613.8825]
[20, 223, 613.42]
[20, 224, 612.9575]
[20, 225, 612.5425]
[20, 226, 612.0975]
[20, 227, 611.6425]
[20, 228, 611.1575]
[20, 229, 610.665]
[20, 230, 610.16]
[20, 231, 609.6825]
[20, 232, 609.1925]
[20, 233, 608.8675]
[20, 234, 608.5925]
[20, 235, 608.27]
[20, 236, 607.8925]
[20, 237, 607.52]
[20, 238, 607.1]
[20, 239, 606.7425]
[20, 240, 606.3225]
[20, 241, 605.9725]
[20, 242, 605.685]
[20, 243, 605.37]
[20, 244, 605.045]
[20, 245, 604.69]
[20, 246, 604.2125]
[20, 247, 603.825]
[20, 248, 603.4325]
[20, 249, 603.0325]
[20, 250, 602.595]
[20, 251, 602.0425]
[20, 252, 601.525]
[20, 253, 600.9825]
[20, 254, 600.43]
[20, 255, 599.8775]
[20, 256, 599.29]
[20, 257, 598.7975]
[20, 258, 598.4175]
[20, 259, 598.115]
[20, 260, 597.8375]
[20, 261, 597.4775]
[20, 262, 597.115]
[20, 263, 596.7475]
[20, 264, 596.295]
[20, 265, 595.845]
[20, 266, 595.2325]
[20, 267, 594.47]
[20, 268, 593.77]
[20, 269, 593.2675]
[20, 270, 592.775]
[20, 271, 592.3325]
[20, 272, 592.085]
[20, 273, 591.9175]
[20, 274, 591.7575]
[20, 275, 591.6075]
[20, 276, 591.385]
[20, 277, 591.115]
[20, 278, 590.81]
[20, 279, 590.6475]
[20, 280, 590.415]
[20, 281, 590.1575]
[20, 282, 589.8225]
[20, 283, 589.4225]
[20, 284, 589.05]
[20, 285, 588.7475]
[20, 286, 588.4675]
[20, 287, 588.2225]
[20, 288, 587.93]
[20, 289, 587.6525]
[20, 290, 587.4075]
[20, 291, 587.2075]
[20, 292, 586.95]
[20, 293, 586.66]
[20, 294, 586.4025]
[20, 295, 586.0575]
[20, 296, 585.79]
[20, 297, 585.4575]
[20, 298, 585.14]
[20, 299, 584.7125]
[20, 300, 584.31]
[20, 301, 583.89]
[20, 302, 583.315]
[20, 303, 582.7975]
[20, 304, 582.39]
[20, 305, 581.9975]
[20, 306, 581.5925]
[20, 307, 581.1425]
[20, 308, 580.78]
[20, 309, 580.3725]
[20, 310, 579.945]
[20, 311, 579.545]
[20, 312, 579.1625]
[20, 313, 578.895]
[20, 314, 578.6225]
[20, 315, 578.39]
[20, 316, 578.1025]
[20, 317, 577.7225]
[20, 318, 577.2775]
[20, 319, 576.815]
[20, 320, 576.46]
[20, 321, 576.2425]
[20, 322, 576.0375]
[20, 323, 575.7125]
[20, 324, 575.3575]
[20, 325, 574.91]
[20, 326, 574.575]
[20, 327, 574.3025]
[20, 328, 574.0625]
[20, 329, 573.83]
[20, 330, 573.5725]
[20, 331, 573.2175]
[20, 332, 572.825]
[20, 333, 572.3975]
[20, 334, 572.1325]
[20, 335, 571.9075]
[20, 336, 571.5575]
[20, 337, 571.2325]
[20, 338, 570.91]
[20, 339, 570.69]
[20, 340, 570.4075]
[20, 341, 570.075]
[20, 342, 569.825]
[20, 343, 569.6175]
[20, 344, 569.375]
[20, 345, 569.13]
[20, 346, 568.895]
[20, 347, 568.6225]
[20, 348, 568.345]
[20, 349, 568.085]
[20, 350, 567.8425]
[20, 351, 567.6075]
[20, 352, 567.265]
[20, 353, 566.9925]
[20, 354, 566.6525]
[20, 355, 566.3525]
[20, 356, 566.0]
[20, 357, 565.6875]
[20, 358, 565.3425]
[20, 359, 564.98]
[20, 360, 564.645]
[20, 361, 564.3475]
[20, 362, 563.9725]
[20, 363, 563.7]
[20, 364, 563.39]
[20, 365, 563.0975]
[20, 366, 562.7725]
[20, 367, 562.4275]
[20, 368, 562.1275]
[20, 369, 561.825]
[20, 370, 561.595]
[20, 371, 561.42]
[20, 372, 561.09]
[20, 373, 560.75]
[20, 374, 560.3325]
[20, 375, 560.005]
[20, 376, 559.655]
[20, 377, 559.44]
[20, 378, 559.2525]
[20, 379, 558.8525]
[20, 380, 558.4075]
[20, 381, 558.0125]
[20, 382, 557.565]
[20, 383, 557.01]
[20, 384, 556.5725]
[20, 385, 556.1525]
[20, 386, 555.745]
[20, 387, 555.2625]
[20, 388, 554.8325]
[20, 389, 554.44]
[20, 390, 554.0375]
[20, 391, 553.765]
[20, 392, 553.4875]
[20, 393, 553.215]
[20, 394, 552.9325]
[20, 395, 552.525]
[20, 396, 552.12]
[20, 397, 551.845]
[20, 398, 551.5875]
[20, 399, 551.235]
[20, 400, 550.9325]
[20, 401, 550.685]
[20, 402, 550.38]
[20, 403, 550.035]
[20, 404, 549.76]
[20, 405, 549.415]
[20, 406, 549.12]
[20, 407, 548.82]
[20, 408, 548.53]
[20, 409, 548.2025]
[20, 410, 547.8275]
[20, 411, 547.5325]
[20, 412, 547.2]
[20, 413, 546.8625]
[20, 414, 546.5125]
[20, 415, 546.215]
[20, 416, 545.8975]
[20, 417, 545.6175]
[20, 418, 545.275]
[20, 419, 544.9725]
[20, 420, 544.635]
[20, 421, 544.235]
[20, 422, 544.0025]
[20, 423, 543.6825]
[20, 424, 543.3625]
[20, 425, 542.9725]
[20, 426, 542.5825]
[20, 427, 542.2575]
[20, 428, 541.9100000000001]
[20, 429, 541.55]
[20, 430, 541.1324999999999]
[20, 431, 540.79]
[20, 432, 540.4225]
[20, 433, 540.03]
[20, 434, 539.73]
[20, 435, 539.3924999999999]
[20, 436, 539.0975000000001]
[20, 437, 538.7725]
[20, 438, 538.4525]
[20, 439, 538.0825]
[20, 440, 537.7475]
[20, 441, 537.3775]
[20, 442, 536.8924999999999]
[20, 443, 536.5325]
[20, 444, 536.1075000000001]
[20, 445, 535.6925]
[20, 446, 535.3399999999999]
[20, 447, 535.075]
[20, 448, 534.735]
[20, 449, 534.46]
[20, 450, 534.2625]
[20, 451, 533.9549999999999]
[20, 452, 533.665]
[20, 453, 533.2574999999999]
[20, 454, 532.8]
[20, 455, 532.425]
[20, 456, 531.98]
[20, 457, 531.5699999999999]
[20, 458, 531.135]
[20, 459, 530.7075]
[20, 460, 530.275]
[20, 461, 529.87]
[20, 462, 529.495]
[20, 463, 529.125]
[20, 464, 528.7425000000001]
[20, 465, 528.2725]
[20, 466, 527.6025]
[20, 467, 526.8675000000001]
[20, 468, 526.0825]
[20, 469, 525.0775]
[20, 470, 523.9325]
[20, 471, 522.7525]
[20, 472, 521.8125]
[20, 473, 520.8824999999999]
[20, 474, 519.88]
[20, 475, 518.7825]
[20, 476, 517.875]
[20, 477, 516.735]
[20, 478, 515.7325000000001]
[20, 479, 514.76]
[20, 480, 513.8399999999999]
[20, 481, 513.02]
[20, 482, 512.4649999999999]
[20, 483, 512.1175000000001]
[20, 484, 511.6475]
[20, 485, 511.325]
[20, 486, 511.1925]
[20, 487, 510.8925]
[20, 488, 510.4075]
[20, 489, 509.67]
[20, 490, 508.955]
[20, 491, 508.235]
[20, 492, 507.1275]
[20, 493, 506.055]
[20, 494, 505.2625]
[20, 495, 504.5375]
[20, 496, 503.36]
[20, 497, 502.11]
[20, 498, 501.04]
[20, 499, 499.865]
[30, 499, 491.78]
[30, 498, 492.8575]
[30, 497, 494.525]
[30, 496, 495.7575]
[30, 495, 496.815]
[30, 494, 497.9825]
[30, 493, 499.3125]
[30, 492, 500.4775]
[30, 491, 501.57]
[30, 490, 502.825]
[30, 489, 504.1625]
[30, 488, 505.465]
[30, 487, 506.555]
[30, 486, 507.5775]
[30, 485, 508.4225]
[30, 484, 509.1975]
[30, 483, 510.235]
[30, 482, 511.2825]
[30, 481, 512.2975]
[30, 480, 513.4]
[30, 479, 514.255]
[30, 478, 514.9175]
[30, 477, 515.6375]
[30, 476, 516.55]
[30, 475, 517.95]
[30, 474, 519.7625]
[30, 473, 520.7574999999999]
[30, 472, 521.7574999999999]
[30, 471, 522.8675000000001]
[30, 470, 523.835]
[30, 469, 524.9475]
[30, 468, 526.125]
[30, 467, 527.2125]
[30, 466, 528.11]
[30, 465, 528.8]
[30, 464, 529.3125]
[30, 463, 529.8375]
[30, 462, 530.2950000000001]
[30, 461, 530.775]
[30, 460, 531.1875]
[30, 459, 531.6125]
[30, 458, 532.005]
[30, 457, 532.4325]
[30, 456, 532.74]
[30, 455, 533.1800000000001]
[30, 454, 533.565]
[30, 453, 533.8924999999999]
[30, 452, 534.11]
[30, 451, 534.3675000000001]
[30, 450, 534.5799999999999]
[30, 449, 534.7950000000001]
[30, 448, 535.005]
[30, 447, 535.2475]
[30, 446, 535.4225]
[30, 445, 535.6625]
[30, 444, 535.9675]
[30, 443, 536.325]
[30, 442, 536.7175]
[30, 441, 537.155]
[30, 440, 537.6925]
[30, 439, 538.2574999999999]
[30, 438, 538.8399999999999]
[30, 437, 539.3175]
[30, 436, 539.79]
[30, 435, 540.165]
[30, 434, 540.5675]
[30, 433, 541.0025]
[30, 432, 541.4]
[30, 431, 541.7850000000001]
[30, 430, 542.16]
[30, 429, 542.5675]
[30, 428, 542.9625]
[30, 427, 543.4525]
[30, 426, 543.8625]
[30, 425, 544.1525]
[30, 424, 544.425]
[30, 423, 544.65]
[30, 422, 544.93]
[30, 421, 545.2075]
[30, 420, 545.575]
[30, 419, 545.81]
[30, 418, 546.12]
[30, 417, 546.46]
[30, 416, 546.725]
[30, 415, 547.0]
[30, 414, 547.4125]
[30, 413, 547.8625]
[30, 412, 548.2725]
[30, 411, 548.72]
[30, 410, 549.1525]
[30, 409, 549.5425]
[30, 408, 549.98]
[30, 407, 550.4325]
[30, 406, 550.8]
[30, 405, 551.2075]
[30, 404, 551.525]
[30, 403, 551.845]
[30, 402, 552.16]
[30, 401, 552.465]
[30, 400, 552.7825]
[30, 399, 553.0675]
[30, 398, 553.3875]
[30, 397, 553.6875]
[30, 396, 554.0075]
[30, 395, 554.3825]
[30, 394, 554.815]
[30, 393, 555.1525]
[30, 392, 555.545]
[30, 391, 555.945]
[30, 390, 556.315]
[30, 389, 556.725]
[30, 388, 557.105]
[30, 387, 557.555]
[30, 386, 558.0275]
[30, 385, 558.44]
[30, 384, 558.89]
[30, 383, 559.315]
[30, 382, 559.7825]
[30, 381, 560.19]
[30, 380, 560.52]
[30, 379, 560.7725]
[30, 378, 561.1575]
[30, 377, 561.525]
[30, 376, 561.9]
[30, 375, 562.2675]
[30, 374, 562.6175]
[30, 373, 562.8075]
[30, 372, 562.945]
[30, 371, 563.0575]
[30, 370, 563.3375]
[30, 369, 563.92]
[30, 368, 564.61]
[30, 367, 564.7275]
[30, 366, 564.9225]
[30, 365, 565.2]
[30, 364, 565.5375]
[30, 363, 565.87]
[30, 362, 566.265]
[30, 361, 566.5675]
[30, 360, 566.835]
[30, 359, 567.115]
[30, 358, 567.31]
[30, 357, 567.5575]
[30, 356, 567.8425]
[30, 355, 568.14]
[30, 354, 568.415]
[30, 353, 568.6125]
[30, 352, 568.8275]
[30, 351, 569.11]
[30, 350, 569.4025]
[30, 349, 569.69]
[30, 348, 569.995]
[30, 347, 570.2925]
[30, 346, 570.635]
[30, 345, 570.96]
[30, 344, 571.3075]
[30, 343, 571.6625]
[30, 342, 571.8925]
[30, 341, 572.08]
[30, 340, 572.4275]
[30, 339, 572.7275]
[30, 338, 573.05]
[30, 337, 573.37]
[30, 336, 573.7125]
[30, 335, 574.0425]
[30, 334, 574.315]
[30, 333, 574.5925]
[30, 332, 574.8775]
[30, 331, 575.17]
[30, 330, 575.4375]
[30, 329, 575.785]
[30, 328, 576.135]
[30, 327, 576.4325]
[30, 326, 576.825]
[30, 325, 577.2325]
[30, 324, 577.625]
[30, 323, 577.975]
[30, 322, 578.3375]
[30, 321, 578.66]
[30, 320, 579.0125]
[30, 319, 579.34]
[30, 318, 579.695]
[30, 317, 580.04]
[30, 316, 580.2525]
[30, 315, 580.525]
[30, 314, 580.92]
[30, 313, 581.405]
[30, 312, 581.72]
[30, 311, 581.9375]
[30, 310, 582.425]
[30, 309, 582.965]
[30, 308, 583.4175]
[30, 307, 583.7825]
[30, 306, 584.1175]
[30, 305, 584.5325]
[30, 304, 584.915]
[30, 303, 585.32]
[30, 302, 585.705]
[30, 301, 585.8975]
[30, 300, 586.115]
[30, 299, 586.4275]
[30, 298, 586.7175]
[30, 297, 587.1175]
[30, 296, 587.495]
[30, 295, 587.695]
[30, 294, 588.0825]
[30, 293, 588.4325]
[30, 292, 588.8575]
[30, 291, 589.2775]
[30, 290, 589.6625]
[30, 289, 590.005]
[30, 288, 590.325]
[30, 287, 590.5875]
[30, 286, 590.875]
[30, 285, 591.1825]
[30, 284, 591.45]
[30, 283, 591.68]
[30, 282, 591.905]
[30, 281, 592.135]
[30, 280, 592.3775]
[30, 279, 592.5925]
[30, 278, 592.8225]
[30, 277, 593.16]
[30, 276, 593.6025]
[30, 275, 594.0475]
[30, 274, 594.5625]
[30, 273, 595.1325]
[30, 272, 595.7225]
[30, 271, 596.375]
[30, 270, 596.945]
[30, 269, 597.5175]
[30, 268, 598.1325]
[30, 267, 598.7325]
[30, 266, 599.1425]
[30, 265, 599.6875]
[30, 264, 600.1775]
[30, 263, 600.64]
[30, 262, 601.1225]
[30, 261, 601.5475]
[30, 260, 601.9275]
[30, 259, 602.34]
[30, 258, 602.7575]
[30, 257, 603.145]
[30, 256, 603.4575]
[30, 255, 603.8225]
[30, 254, 604.2475]
[30, 253, 604.59]
[30, 252, 604.9475]
[30, 251, 605.325]
[30, 250, 605.67]
[30, 249, 606.0375]
[30, 248, 606.44]
[30, 247, 606.8275]
[30, 246, 607.2225]
[30, 245, 607.605]
[30, 244, 607.955]
[30, 243, 608.32]
[30, 242, 608.6975]
[30, 241, 608.995]
[30, 240, 609.2525]
[30, 239, 609.62]
[30, 238, 610.0625]
[30, 237, 610.4975]
[30, 236, 610.97]
[30, 235, 611.44]
[30, 234, 611.925]
[30, 233, 612.475]
[30, 232, 612.91]
[30, 231, 613.35]
[30, 230, 613.895]
[30, 229, 614.3925]
[30, 228, 614.9925]
[30, 227, 615.525]
[30, 226, 616.0175]
[30, 225, 616.5175]
[30, 224, 616.9975]
[30, 223, 617.5075]
[30, 222, 617.9575]
[30, 221, 618.35]
[30, 220, 618.745]
[30, 219, 619.1675]
[30, 218, 619.575]
[30, 217, 620.01]
[30, 216, 620.435]
[30, 215, 620.9125]
[30, 214, 621.5125]
[30, 213, 622.095]
[30, 212, 622.715]
[30, 211, 623.3225]
[30, 210, 623.89]
[30, 209, 624.4625]
[30, 208, 625.0425]
[30, 207, 625.6275]
[30, 206, 626.275]
[30, 205, 626.9125]
[30, 204, 627.4025]
[30, 203, 627.835]
[30, 202, 628.285]
[30, 201, 628.755]
[30, 200, 629.295]
[30, 199, 629.8775]
[30, 198, 630.4825]
[30, 197, 631.055]
[30, 196, 631.6825]
[30, 195, 632.27]
[30, 194, 632.8375]
[30, 193, 633.4825]
[30, 192, 634.1425]
[30, 191, 634.805]
[30, 190, 635.445]
[30, 189, 636.06]
[30, 188, 636.6375]
[30, 187, 637.17]
[30, 186, 637.73]
[30, 185, 638.245]
[30, 184, 638.755]
[30, 183, 639.3875]
[30, 182, 640.08]
[30, 181, 640.815]
[30, 180, 641.635]
[30, 179, 642.4225]
[30, 178, 643.155]
[30, 177, 643.8275]
[30, 176, 644.5275]
[30, 175, 645.31]
[30, 174, 646.06]
[30, 173, 646.6425]
[30, 172, 647.2475]
[30, 171, 647.8775]
[30, 170, 648.435]
[30, 169, 649.07]
[30, 168, 649.745]
[30, 167, 650.55]
[30, 166, 651.265]
[30, 165, 652.04]
[30, 164, 652.7475]
[30, 163, 653.3625]
[30, 162, 654.035]
[30, 161, 654.7075]
[30, 160, 655.3125]
[30, 159, 655.855]
[30, 158, 656.485]
[30, 157, 657.1625]
[30, 156, 657.79]
[30, 155, 658.52]
[30, 154, 659.2825]
[30, 153, 660.02]
[30, 152, 660.715]
[30, 151, 661.465]
[30, 150, 662.2275]
[30, 149, 663.0]
[30, 148, 663.65]
[30, 147, 664.265]
[30, 146, 664.79]
[30, 145, 665.4625]
[30, 144, 666.1325]
[30, 143, 666.775]
[30, 142, 667.3825]
[30, 141, 667.9725]
[30, 140, 668.6025]
[30, 139, 669.2575]
[30, 138, 669.93]
[30, 137, 670.675]
[30, 136, 671.4025]
[30, 135, 672.0525]
[30, 134, 672.68]
[30, 133, 673.3225]
[30, 132, 674.0675]
[30, 131, 674.8825]
[30, 130, 675.6825]
[30, 129, 676.505]
[30, 128, 677.33]
[30, 127, 678.09]
[30, 126, 678.91]
[30, 125, 679.6725]
[30, 124, 680.29]
[30, 123, 680.895]
[30, 122, 681.5525]
[30, 121, 682.2725]
[30, 120, 682.985]
[30, 119, 683.6175]
[30, 118, 684.1875]
[30, 117, 684.8875]
[30, 116, 685.56]
[30, 115, 686.22]
[30, 114, 686.8575]
[30, 113, 687.4725]
[30, 112, 688.0125]
[30, 111, 688.565]
[30, 110, 689.18]
[30, 109, 689.875]
[30, 108, 690.5525]
[30, 107, 691.2575]
[30, 106, 691.9825]
[30, 105, 692.7625]
[30, 104, 693.4375]
[30, 103, 694.06]
[30, 102, 694.7175]
[30, 101, 695.405]
[30, 100, 696.05]
[30, 99, 696.5675]
[30, 98, 697.16]
[30, 97, 697.7275]
[30, 96, 698.22]
[30, 95, 698.7025]
[30, 94, 699.2975]
[30, 93, 700.0175]
[30, 92, 700.785]
[30, 91, 701.5175]
[30, 90, 702.1475]
[30, 89, 702.7]
[30, 88, 703.185]
[30, 87, 703.7375]
[30, 86, 704.36]
[30, 85, 704.9625]
[30, 84, 705.485]
[30, 83, 706.0925]
[30, 82, 706.7725]
[30, 81, 707.3875]
[30, 80, 708.0575]
[30, 79, 708.7]
[30, 78, 709.2675]
[30, 77, 709.8375]
[30, 76, 710.3525]
[30, 75, 710.97]
[30, 74, 711.5625]
[30, 73, 712.1075]
[30, 72, 712.695]
[30, 71, 713.295]
[30, 70, 713.96]
[30, 69, 714.555]
[30, 68, 715.22]
[30, 67, 715.8975]
[30, 66, 716.5625]
[30, 65, 717.1675]
[30, 64, 717.7775]
[30, 63, 718.4425]
[30, 62, 719.22]
[30, 61, 719.85]
[30, 60, 720.465]
[30, 59, 721.1325]
[30, 58, 721.77]
[30, 57, 722.3725]
[30, 56, 723.08]
[30, 55, 723.7725]
[30, 54, 724.36]
[30, 53, 724.9425]
[30, 52, 725.4625]
[30, 51, 725.895]
[30, 50, 726.32]
[30, 49, 726.64]
[30, 48, 726.965]
[30, 47, 727.2675]
[30, 46, 727.56]
[30, 45, 728.115]
[30, 44, 728.7225]
[30, 43, 729.2075]
[30, 42, 729.6625]
[30, 41, 730.105]
[30, 40, 730.5375]
[30, 39, 730.9725]
[30, 38, 731.45]
[30, 37, 731.9075]
[30, 36, 732.3375]
[30, 35, 732.7675]
[30, 34, 733.1975]
[30, 33, 733.7075]
[30, 32, 734.27]
[30, 31, 734.86]
[30, 30, 735.4575]
[30, 29, 736.06]
[30, 28, 736.5375]
[30, 27, 736.965]
[30, 26, 737.35]
[30, 25, 737.725]
[30, 24, 738.32]
[30, 23, 738.9425]
[30, 22, 739.575]
[30, 21, 740.2425]
[30, 20, 740.65]
[30, 19, 741.0825]
[30, 18, 741.6725]
[30, 17, 742.4]
[30, 16, 743.1475]
[30, 15, 743.8125]
[30, 14, 744.3475]
[30, 13, 744.8675]
[30, 12, 745.295]
[30, 11, 745.6725]
[30, 10, 746.2025]
[30, 9, 746.7975]
[30, 8, 747.3975]
[30, 7, 748.075]
[30, 6, 748.675]
[30, 5, 749.34]
[30, 4, 749.915]
[30, 3, 750.315]
[30, 2, 750.735]
[30, 1, 751.39]
[30, 0, 752.1825]
[40, 0, 759.3275]
[40, 1, 758.935]
[40, 2, 758.585]
[40, 3, 758.195]
[40, 4, 757.815]
[40, 5, 757.2975]
[40, 6, 756.905]
[40, 7, 756.415]
[40, 8, 755.935]
[40, 9, 755.45]
[40, 10, 754.8925]
[40, 11, 754.3125]
[40, 12, 753.6875]
[40, 13, 753.0175]
[40, 14, 752.3625]
[40, 15, 751.74]
[40, 16, 751.215]
[40, 17, 750.6025]
[40, 18, 750.0275]
[40, 19, 749.4625]
[40, 20, 748.8325]
[40, 21, 748.4075]
[40, 22, 747.8725]
[40, 23, 747.325]
[40, 24, 746.68]
[40, 25, 746.1]
[40, 26, 745.52]
[40, 27, 744.98]
[40, 28, 744.3575]
[40, 29, 743.7375]
[40, 30, 743.155]
[40, 31, 742.6325]
[40, 32, 742.2025]
[40, 33, 741.6825]
[40, 34, 741.1775]
[40, 35, 740.6325]
[40, 36, 740.1075]
[40, 37, 739.485]
[40, 38, 738.8625]
[40, 39, 738.2775]
[40, 40, 737.695]
[40, 41, 737.2325]
[40, 42, 736.705]
[40, 43, 736.085]
[40, 44, 735.5025]
[40, 45, 735.0025]
[40, 46, 734.545]
[40, 47, 734.115]
[40, 48, 733.69]
[40, 49, 733.2275]
[40, 50, 732.685]
[40, 51, 732.045]
[40, 52, 731.5875]
[40, 53, 731.165]
[40, 54, 730.695]
[40, 55, 730.19]
[40, 56, 729.6425]
[40, 57, 729.1625]
[40, 58, 728.695]
[40, 59, 728.145]
[40, 60, 727.62]
[40, 61, 727.11]
[40, 62, 726.695]
[40, 63, 726.1725]
[40, 64, 725.5375]
[40, 65, 724.8925]
[40, 66, 724.29]
[40, 67, 723.63]
[40, 68, 722.9225]
[40, 69, 722.26]
[40, 70, 721.4875]
[40, 71, 720.705]
[40, 72, 719.9725]
[40, 73, 719.2275]
[40, 74, 718.4875]
[40, 75, 717.7475]
[40, 76, 717.05]
[40, 77, 716.3075]
[40, 78, 715.4775]
[40, 79, 714.8025]
[40, 80, 714.1075]
[40, 81, 713.395]
[40, 82, 712.6925]
[40, 83, 712.0025]
[40, 84, 711.3575]
[40, 85, 710.75]
[40, 86, 710.0975]
[40, 87, 709.4625]
[40, 88, 708.8825]
[40, 89, 708.1025]
[40, 90, 707.325]
[40, 91, 706.62]
[40, 92, 705.9925]
[40, 93, 705.4425]
[40, 94, 704.845]
[40, 95, 704.305]
[40, 96, 703.675]
[40, 97, 703.045]
[40, 98, 702.4725]
[40, 99, 701.87]
[40, 100, 701.2425]
[40, 101, 700.61]
[40, 102, 700.005]
[40, 103, 699.395]
[40, 104, 698.8075]
[40, 105, 698.23]
[40, 106, 697.57]
[40, 107, 696.8625]
[40, 108, 696.1925]
[40, 109, 695.5075]
[40, 110, 694.71]
[40, 111, 693.9375]
[40, 112, 693.1525]
[40, 113, 692.3425]
[40, 114, 691.5475]
[40, 115, 690.8425]
[40, 116, 690.1875]
[40, 117, 689.5275]
[40, 118, 688.8125]
[40, 119, 688.0425]
[40, 120, 687.2825]
[40, 121, 686.5425]
[40, 122, 685.7825]
[40, 123, 684.9]
[40, 124, 684.14]
[40, 125, 683.4175]
[40, 126, 682.765]
[40, 127, 682.2625]
[40, 128, 681.6675]
[40, 129, 681.1075]
[40, 130, 680.585]
[40, 131, 680.03]
[40, 132, 679.5075]
[40, 133, 678.8875]
[40, 134, 678.24]
[40, 135, 677.5975]
[40, 136, 677.0075]
[40, 137, 676.4225]
[40, 138, 675.73]
[40, 139, 674.9675]
[40, 140, 674.28]
[40, 141, 673.8]
[40, 142, 673.2825]
[40, 143, 672.8125]
[40, 144, 672.21]
[40, 145, 671.6025]
[40, 146, 670.8575]
[40, 147, 670.1375]
[40, 148, 669.4575]
[40, 149, 668.605]
[40, 150, 667.645]
[40, 151, 666.7325]
[40, 152, 665.9425]
[40, 153, 665.14]
[40, 154, 664.445]
[40, 155, 663.735]
[40, 156, 663.165]
[40, 157, 662.7]
[40, 158, 662.1925]
[40, 159, 661.5075]
[40, 160, 660.76]
[40, 161, 659.9575]
[40, 162, 659.2425]
[40, 163, 658.53]
[40, 164, 657.865]
[40, 165, 657.22]
[40, 166, 656.495]
[40, 167, 655.8575]
[40, 168, 655.18]
[40, 169, 654.5375]
[40, 170, 654.075]
[40, 171, 653.505]
[40, 172, 652.935]
[40, 173, 652.3175]
[40, 174, 651.6825]
[40, 175, 650.9325]
[40, 176, 650.1575]
[40, 177, 649.43]
[40, 178, 648.76]
[40, 179, 648.1275]
[40, 180, 647.4125]
[40, 181, 646.74]
[40, 182, 646.1025]
[40, 183, 645.435]
[40, 184, 644.715]
[40, 185, 644.12]
[40, 186, 643.5225]
[40, 187, 642.9575]
[40, 188, 642.3]
[40, 189, 641.6375]
[40, 190, 641.0275]
[40, 191, 640.485]
[40, 192, 639.945]
[40, 193, 639.345]
[40, 194, 638.72]
[40, 195, 638.085]
[40, 196, 637.4825]
[40, 197, 636.9625]
[40, 198, 636.3875]
[40, 199, 635.8525]
[40, 200, 635.1825]
[40, 201, 634.4875]
[40, 202, 633.72]
[40, 203, 632.905]
[40, 204, 632.115]
[40, 205, 631.43]
[40, 206, 630.8725]
[40, 207, 630.38]
[40, 208, 629.885]
[40, 209, 629.3825]
[40, 210, 628.84]
[40, 211, 628.27]
[40, 212, 627.67]
[40, 213, 627.0625]
[40, 214, 626.4325]
[40, 215, 625.68]
[40, 216, 625.025]
[40, 217, 624.405]
[40, 218, 623.9025]
[40, 219, 623.41]
[40, 220, 622.7625]
[40, 221, 622.0925]
[40, 222, 621.5025]
[40, 223, 620.995]
[40, 224, 620.7075]
[40, 225, 620.405]
[40, 226, 620.0325]
[40, 227, 619.575]
[40, 228, 619.105]
[40, 229, 618.6625]
[40, 230, 618.25]
[40, 231, 617.83]
[40, 232, 617.1325]
[40, 233, 616.755]
[40, 234, 616.365]
[40, 235, 615.9275]
[40, 236, 615.45]
[40, 237, 614.9025]
[40, 238, 614.3675]
[40, 239, 613.855]
[40, 240, 613.33]
[40, 241, 612.8375]
[40, 242, 612.29]
[40, 243, 611.7125]
[40, 244, 611.205]
[40, 245, 610.8675]
[40, 246, 610.6175]
[40, 247, 610.2575]
[40, 248, 609.8425]
[40, 249, 609.4175]
[40, 250, 609.0675]
[40, 251, 608.6625]
[40, 252, 608.2075]
[40, 253, 607.7275]
[40, 254, 607.245]
[40, 255, 606.885]
[40, 256, 606.565]
[40, 257, 606.22]
[40, 258, 605.8975]
[40, 259, 605.59]
[40, 260, 605.2075]
[40, 261, 604.73]
[40, 262, 604.205]
[40, 263, 603.725]
[40, 264, 603.165]
[40, 265, 602.6]
[40, 266, 602.125]
[40, 267, 601.67]
[40, 268, 601.225]
[40, 269, 600.6825]
[40, 270, 600.15]
[40, 271, 599.625]
[40, 272, 599.1925]
[40, 273, 598.77]
[40, 274, 598.295]
[40, 275, 597.8125]
[40, 276, 597.3275]
[40, 277, 596.8475]
[40, 278, 596.3425]
[40, 279, 595.815]
[40, 280, 595.22]
[40, 281, 594.6175]
[40, 282, 593.9175]
[40, 283, 593.355]
[40, 284, 592.975]
[40, 285, 592.5925]
[40, 286, 592.2775]
[40, 287, 592.14]
[40, 288, 591.895]
[40, 289, 591.575]
[40, 290, 591.35]
[40, 291, 591.16]
[40, 292, 590.8375]
[40, 293, 590.4775]
[40, 294, 590.15]
[40, 295, 590.02]
[40, 296, 589.7975]
[40, 297, 589.4225]
[40, 298, 589.0275]
[40, 299, 588.6175]
[40, 300, 588.24]
[40, 301, 587.9925]
[40, 302, 587.6475]
[40, 303, 587.3025]
[40, 304, 587.0325]
[40, 305, 586.8175]
[40, 306, 586.5125]
[40, 307, 586.06]
[40, 308, 585.545]
[40, 309, 585.3575]
[40, 310, 585.1325]
[40, 311, 584.6425]
[40, 312, 584.2975]
[40, 313, 583.9675]
[40, 314, 583.5625]
[40, 315, 583.0675]
[40, 316, 582.585]
[40, 317, 582.1425]
[40, 318, 581.4425]
[40, 319, 580.79]
[40, 320, 580.26]
[40, 321, 579.93]
[40, 322, 579.575]
[40, 323, 579.0525]
[40, 324, 578.5675]
[40, 325, 578.17]
[40, 326, 577.835]
[40, 327, 577.5375]
[40, 328, 577.3475]
[40, 329, 577.0725]
[40, 330, 576.82]
[40, 331, 576.545]
[40, 332, 576.2775]
[40, 333, 575.9]
[40, 334, 575.565]
[40, 335, 575.3025]
[40, 336, 575.0725]
[40, 337, 574.835]
[40, 338, 574.55]
[40, 339, 574.37]
[40, 340, 574.16]
[40, 341, 573.95]
[40, 342, 573.635]
[40, 343, 573.34]
[40, 344, 573.0275]
[40, 345, 572.6925]
[40, 346, 572.2925]
[40, 347, 572.0125]
[40, 348, 571.7025]
[40, 349, 571.405]
[40, 350, 571.1]
[40, 351, 570.8075]
[40, 352, 570.55]
[40, 353, 570.315]
[40, 354, 569.9625]
[40, 355, 569.655]
[40, 356, 569.355]
[40, 357, 569.0875]
[40, 358, 568.84]
[40, 359, 568.555]
[40, 360, 568.28]
[40, 361, 568.025]
[40, 362, 567.695]
[40, 363, 567.4325]
[40, 364, 567.0925]
[40, 365, 566.8125]
[40, 366, 566.4575]
[40, 367, 566.2075]
[40, 368, 565.92]
[40, 369, 565.615]
[40, 370, 565.28]
[40, 371, 564.9175]
[40, 372, 564.5525]
[40, 373, 564.2075]
[40, 374, 563.86]
[40, 375, 563.445]
[40, 376, 563.0375]
[40, 377, 562.72]
[40, 378, 562.375]
[40, 379, 562.0525]
[40, 380, 561.7175]
[40, 381, 561.365]
[40, 382, 561.055]
[40, 383, 560.725]
[40, 384, 560.365]
[40, 385, 559.955]
[40, 386, 559.56]
[40, 387, 559.1525]
[40, 388, 558.815]
[40, 389, 558.3825]
[40, 390, 557.9925]
[40, 391, 557.6475]
[40, 392, 557.26]
[40, 393, 556.88]
[40, 394, 556.5325]
[40, 395, 556.09]
[40, 396, 555.6375]
[40, 397, 555.1875]
[40, 398, 554.81]
[40, 399, 554.48]
[40, 400, 554.1325]
[40, 401, 553.785]
[40, 402, 553.4175]
[40, 403, 553.0525]
[40, 404, 552.6825]
[40, 405, 552.255]
[40, 406, 551.725]
[40, 407, 551.2425]
[40, 408, 550.79]
[40, 409, 550.3425]
[40, 410, 549.83]
[40, 411, 549.275]
[40, 412, 548.78]
[40, 413, 548.2875]
[40, 414, 547.84]
[40, 415, 547.3275]
[40, 416, 546.9375]
[40, 417, 546.5675]
[40, 418, 546.2975]
[40, 419, 546.0075]
[40, 420, 545.7125]
[40, 421, 545.44]
[40, 422, 545.285]
[40, 423, 545.065]
[40, 424, 544.8175]
[40, 425, 544.62]
[40, 426, 544.4]
[40, 427, 544.1325]
[40, 428, 543.765]
[40, 429, 543.415]
[40, 430, 542.9775]
[40, 431, 542.5575]
[40, 432, 542.1675]
[40, 433, 541.685]
[40, 434, 541.1324999999999]
[40, 435, 540.5899999999999]
[40, 436, 540.06]
[40, 437, 539.5699999999999]
[40, 438, 538.9775]
[40, 439, 538.4100000000001]
[40, 440, 537.99]
[40, 441, 537.6225]
[40, 442, 537.2375]
[40, 443, 536.8125]
[40, 444, 536.4225]
[40, 445, 536.1125]
[40, 446, 535.8475000000001]
[40, 447, 535.5675]
[40, 448, 535.2825]
[40, 449, 534.9575]
[40, 450, 534.7075]
[40, 451, 534.4024999999999]
[40, 452, 533.9525]
[40, 453, 533.4125]
[40, 454, 533.03]
[40, 455, 532.4625]
[40, 456, 531.8299999999999]
[40, 457, 531.06]
[40, 458, 530.3924999999999]
[40, 459, 529.8]
[40, 460, 529.1175000000001]
[40, 461, 528.52]
[40, 462, 527.8125]
[40, 463, 526.99]
[40, 464, 525.9649999999999]
[40, 465, 524.925]
[40, 466, 523.9475]
[40, 467, 522.985]
[40, 468, 522.0975000000001]
[40, 469, 521.2275]
[40, 470, 520.2975]
[40, 471, 519.54]
[40, 472, 518.495]
[40, 473, 517.6700000000001]
[40, 474, 517.13]
[40, 475, 516.5325]
[40, 476, 515.6575]
[40, 477, 514.6975]
[40, 478, 513.415]
[40, 479, 512.105]
[40, 480, 510.8825]
[40, 481, 509.5225]
[40, 482, 508.195]
[40, 483, 507.06]
[40, 484, 505.94]
[40, 485, 504.825]
[40, 486, 503.765]
[40, 487, 502.64]
[40, 488, 501.28]
[40, 489, 500.48]
[40, 490, 499.5875]
[40, 491, 498.565]
[40, 492, 497.5875]
[40, 493, 496.6425]
[40, 494, 495.7]
[40, 495, 494.7125]
[40, 496, 493.9225]
[40, 497, 493.4375]
[40, 498, 492.7125]
[40, 499, 491.7025]
[50, 499, 499.325]
[50, 498, 500.715]
[50, 497, 502.1925]
[50, 496, 503.5575]
[50, 495, 504.6725]
[50, 494, 506.0]
[50, 493, 506.9975]
[50, 492, 508.0175]
[50, 491, 508.18]
[50, 490, 507.88]
[50, 489, 508.23]
[50, 488, 508.4575]
[50, 487, 508.885]
[50, 486, 509.5575]
[50, 485, 510.4975]
[50, 484, 511.695]
[50, 483, 512.9475]
[50, 482, 514.0425]
[50, 481, 515.2]
[50, 480, 516.3399999999999]
[50, 479, 517.3775]
[50, 478, 518.21]
[50, 477, 519.065]
[50, 476, 519.8875]
[50, 475, 520.7375]
[50, 474, 521.3924999999999]
[50, 473, 522.2]
[50, 472, 522.9625]
[50, 471, 523.625]
[50, 470, 524.375]
[50, 469, 525.175]
[50, 468, 525.94]
[50, 467, 526.6075000000001]
[50, 466, 527.225]
[50, 465, 527.975]
[50, 464, 528.635]
[50, 463, 529.1925]
[50, 462, 529.9024999999999]
[50, 461, 530.28]
[50, 460, 531.03]
[50, 459, 531.9875]
[50, 458, 532.63]
[50, 457, 532.9575]
[50, 456, 533.49]
[50, 455, 534.075]
[50, 454, 534.6225]
[50, 453, 535.0550000000001]
[50, 452, 535.3125]
[50, 451, 535.575]
[50, 450, 535.8125]
[50, 449, 536.1675]
[50, 448, 536.48]
[50, 447, 536.8325]
[50, 446, 537.19]
[50, 445, 537.62]
[50, 444, 538.11]
[50, 443, 538.565]
[50, 442, 538.995]
[50, 441, 539.395]
[50, 440, 539.8025]
[50, 439, 540.225]
[50, 438, 540.5775]
[50, 437, 540.9549999999999]
[50, 436, 541.3425]
[50, 435, 541.7225000000001]
[50, 434, 542.1575]
[50, 433, 542.5625]
[50, 432, 542.965]
[50, 431, 543.305]
[50, 430, 543.6]
[50, 429, 543.9025]
[50, 428, 544.1625]
[50, 427, 544.3675]
[50, 426, 544.5425]
[50, 425, 544.845]
[50, 424, 545.115]
[50, 423, 545.345]
[50, 422, 545.62]
[50, 421, 545.855]
[50, 420, 546.0775]
[50, 419, 546.355]
[50, 418, 546.625]
[50, 417, 546.975]
[50, 416, 547.3975]
[50, 415, 547.7525]
[50, 414, 548.075]
[50, 413, 548.4775]
[50, 412, 548.8375]
[50, 411, 549.31]
[50, 410, 549.865]
[50, 409, 550.36]
[50, 408, 550.805]
[50, 407, 551.32]
[50, 406, 551.8525]
[50, 405, 552.3775]
[50, 404, 552.9525]
[50, 403, 553.4475]
[50, 402, 553.89]
[50, 401, 554.3725]
[50, 400, 554.805]
[50, 399, 555.2775]
[50, 398, 555.6475]
[50, 397, 555.98]
[50, 396, 556.365]
[50, 395, 556.8225]
[50, 394, 557.1675]
[50, 393, 557.57]
[50, 392, 558.045]
[50, 391, 558.5425]
[50, 390, 559.0125]
[50, 389, 559.5125]
[50, 388, 559.9125]
[50, 387, 560.2625]
[50, 386, 560.5925]
[50, 385, 560.9875]
[50, 384, 561.3925]
[50, 383, 561.68]
[50, 382, 562.0125]
[50, 381, 562.3925]
[50, 380, 562.77]
[50, 379, 563.28]
[50, 378, 563.6725]
[50, 377, 564.175]
[50, 376, 564.61]
[50, 375, 565.0225]
[50, 374, 565.35]
[50, 373, 565.755]
[50, 372, 566.1275]
[50, 371, 566.555]
[50, 370, 566.9225]
[50, 369, 567.3075]
[50, 368, 567.6425]
[50, 367, 567.9925]
[50, 366, 568.31]
[50, 365, 568.6875]
[50, 364, 569.01]
[50, 363, 569.33]
[50, 362, 569.5975]
[50, 361, 569.8925]
[50, 360, 570.1975]
[50, 359, 570.41]
[50, 358, 570.6325]
[50, 357, 570.8675]
[50, 356, 571.1125]
[50, 355, 571.4075]
[50, 354, 571.6725]
[50, 353, 571.955]
[50, 352, 572.255]
[50, 351, 572.585]
[50, 350, 572.9375]
[50, 349, 573.255]
[50, 348, 573.6425]
[50, 347, 573.96]
[50, 346, 574.285]
[50, 345, 574.6575]
[50, 344, 574.8925]
[50, 343, 575.21]
[50, 342, 575.67]
[50, 341, 575.915]
[50, 340, 576.365]
[50, 339, 576.7975]
[50, 338, 577.03]
[50, 337, 577.2475]
[50, 336, 577.4675]
[50, 335, 577.675]
[50, 334, 577.8425]
[50, 333, 578.0675]
[50, 332, 578.3925]
[50, 331, 578.71]
[50, 330, 579.0025]
[50, 329, 579.285]
[50, 328, 579.6975]
[50, 327, 580.0675]
[50, 326, 580.48]
[50, 325, 581.01]
[50, 324, 581.415]
[50, 323, 581.7525]
[50, 322, 582.115]
[50, 321, 582.45]
[50, 320, 582.82]
[50, 319, 583.255]
[50, 318, 583.685]
[50, 317, 584.225]
[50, 316, 584.66]
[50, 315, 585.02]
[50, 314, 585.4025]
[50, 313, 585.81]
[50, 312, 586.18]
[50, 311, 586.41]
[50, 310, 586.645]
[50, 309, 586.9825]
[50, 308, 587.3675]
[50, 307, 587.7975]
[50, 306, 588.1425]
[50, 305, 588.4175]
[50, 304, 588.69]
[50, 303, 589.015]
[50, 302, 589.3375]
[50, 301, 589.67]
[50, 300, 589.9925]
[50, 299, 590.4275]
[50, 298, 590.86]
[50, 297, 591.2725]
[50, 296, 591.7475]
[50, 295, 592.1775]
[50, 294, 592.5525]
[50, 293, 592.9325]
[50, 292, 593.28]
[50, 291, 593.6025]
[50, 290, 593.91]
[50, 289, 594.245]
[50, 288, 594.6125]
[50, 287, 594.9625]
[50, 286, 595.3425]
[50, 285, 595.6975]
[50, 284, 596.0225]
[50, 283, 596.46]
[50, 282, 596.8575]
[50, 281, 597.3825]
[50, 280, 597.97]
[50, 279, 598.605]
[50, 278, 599.2925]
[50, 277, 599.845]
[50, 276, 600.375]
[50, 275, 600.92]
[50, 274, 601.5725]
[50, 273, 602.2275]
[50, 272, 602.865]
[50, 271, 603.3975]
[50, 270, 603.8275]
[50, 269, 604.2475]
[50, 268, 604.6425]
[50, 267, 604.9325]
[50, 266, 605.33]
[50, 265, 605.7875]
[50, 264, 606.275]
[50, 263, 606.7475]
[50, 262, 607.2425]
[50, 261, 607.6825]
[50, 260, 608.1225]
[50, 259, 608.5875]
[50, 258, 609.135]
[50, 257, 609.6575]
[50, 256, 610.0625]
[50, 255, 610.4625]
[50, 254, 610.8725]
[50, 253, 611.3275]
[50, 252, 611.705]
[50, 251, 612.0375]
[50, 250, 612.29]
[50, 249, 612.6375]
[50, 248, 613.06]
[50, 247, 613.5825]
[50, 246, 614.035]
[50, 245, 614.43]
[50, 244, 614.9625]
[50, 243, 615.46]
[50, 242, 616.0025]
[50, 241, 616.645]
[50, 240, 617.1325]
[50, 239, 617.58]
[50, 238, 618.1425]
[50, 237, 618.6725]
[50, 236, 619.1925]
[50, 235, 619.71]
[50, 234, 620.2175]
[50, 233, 620.705]
[50, 232, 621.1725]
[50, 231, 621.575]
[50, 230, 621.9675]
[50, 229, 622.46]
[50, 228, 622.9725]
[50, 227, 623.545]
[50, 226, 624.1]
[50, 225, 624.58]
[50, 224, 625.18]
[50, 223, 625.76]
[50, 222, 626.28]
[50, 221, 626.9125]
[50, 220, 627.61]
[50, 219, 628.2775]
[50, 218, 628.9375]
[50, 217, 629.585]
[50, 216, 630.2725]
[50, 215, 631.0]
[50, 214, 631.72]
[50, 213, 632.455]
[50, 212, 633.0975]
[50, 211, 633.6925]
[50, 210, 634.345]
[50, 209, 634.925]
[50, 208, 635.515]
[50, 207, 636.2125]
[50, 206, 636.86]
[50, 205, 637.515]
[50, 204, 638.24]
[50, 203, 638.7225]
[50, 202, 639.2425]
[50, 201, 639.76]
[50, 200, 640.4575]
[50, 199, 641.1375]
[50, 198, 641.8075]
[50, 197, 642.5]
[50, 196, 643.1425]
[50, 195, 643.795]
[50, 194, 644.5]
[50, 193, 645.2125]
[50, 192, 645.9675]
[50, 191, 646.75]
[50, 190, 647.645]
[50, 189, 648.3675]
[50, 188, 648.99]
[50, 187, 649.47]
[50, 186, 649.945]
[50, 185, 650.5025]
[50, 184, 651.12]
[50, 183, 651.74]
[50, 182, 652.3425]
[50, 181, 653.045]
[50, 180, 653.645]
[50, 179, 654.24]
[50, 178, 654.8]
[50, 177, 655.37]
[50, 176, 655.9325]
[50, 175, 656.4925]
[50, 174, 657.1375]
[50, 173, 657.71]
[50, 172, 658.245]
[50, 171, 658.87]
[50, 170, 659.555]
[50, 169, 660.2525]
[50, 168, 661.05]
[50, 167, 661.855]
[50, 166, 662.5825]
[50, 165, 663.28]
[50, 164, 663.9725]
[50, 163, 664.835]
[50, 162, 665.63]
[50, 161, 666.2125]
[50, 160, 666.945]
[50, 159, 667.5375]
[50, 158, 668.06]
[50, 157, 668.6325]
[50, 156, 669.2475]
[50, 155, 669.815]
[50, 154, 670.4425]
[50, 153, 671.11]
[50, 152, 671.825]
[50, 151, 672.6175]
[50, 150, 673.345]
[50, 149, 674.0875]
[50, 148, 674.78]
[50, 147, 675.3475]
[50, 146, 675.86]
[50, 145, 676.365]
[50, 144, 676.87]
[50, 143, 677.3925]
[50, 142, 677.935]
[50, 141, 678.4575]
[50, 140, 678.8325]
[50, 139, 679.3025]
[50, 138, 679.8675]
[50, 137, 680.4175]
[50, 136, 681.0775]
[50, 135, 681.785]
[50, 134, 682.5025]
[50, 133, 683.2325]
[50, 132, 683.8275]
[50, 131, 684.4675]
[50, 130, 685.095]
[50, 129, 685.615]
[50, 128, 686.1625]
[50, 127, 686.82]
[50, 126, 687.615]
[50, 125, 688.495]
[50, 124, 689.4175]
[50, 123, 690.2525]
[50, 122, 691.0875]
[50, 121, 691.85]
[50, 120, 692.6]
[50, 119, 693.335]
[50, 118, 694.0725]
[50, 117, 694.855]
[50, 116, 695.5325]
[50, 115, 696.2075]
[50, 114, 696.785]
[50, 113, 697.3725]
[50, 112, 698.025]
[50, 111, 698.6225]
[50, 110, 699.22]
[50, 109, 699.81]
[50, 108, 700.4875]
[50, 107, 701.2825]
[50, 106, 702.17]
[50, 105, 702.86]
[50, 104, 703.605]
[50, 103, 704.3075]
[50, 102, 705.0125]
[50, 101, 705.775]
[50, 100, 706.53]
[50, 99, 707.28]
[50, 98, 708.025]
[50, 97, 708.745]
[50, 96, 709.4975]
[50, 95, 710.105]
[50, 94, 710.7075]
[50, 93, 711.3625]
[50, 92, 711.935]
[50, 91, 712.5525]
[50, 90, 713.2025]
[50, 89, 713.98]
[50, 88, 714.6825]
[50, 87, 715.375]
[50, 86, 716.065]
[50, 85, 716.755]
[50, 84, 717.465]
[50, 83, 718.225]
[50, 82, 718.915]
[50, 81, 719.575]
[50, 80, 720.29]
[50, 79, 720.97]
[50, 78, 721.72]
[50, 77, 722.47]
[50, 76, 723.22]
[50, 75, 723.9025]
[50, 74, 724.6175]
[50, 73, 725.3475]
[50, 72, 726.0475]
[50, 71, 726.71]
[50, 70, 727.265]
[50, 69, 727.7575]
[50, 68, 728.32]
[50, 67, 728.8875]
[50, 66, 729.4325]
[50, 65, 730.0175]
[50, 64, 730.725]
[50, 63, 731.3725]
[50, 62, 731.935]
[50, 61, 732.425]
[50, 60, 732.9025]
[50, 59, 733.31]
[50, 58, 733.795]
[50, 57, 734.3]
[50, 56, 734.85]
[50, 55, 735.4425]
[50, 54, 736.1425]
[50, 53, 736.85]
[50, 52, 737.49]
[50, 51, 738.055]
[50, 50, 738.565]
[50, 49, 739.135]
[50, 48, 739.785]
[50, 47, 740.545]
[50, 46, 741.17]
[50, 45, 741.8275]
[50, 44, 742.46]
[50, 43, 742.9625]
[50, 42, 743.495]
[50, 41, 744.1025]
[50, 40, 744.76]
[50, 39, 745.3825]
[50, 38, 745.9525]
[50, 37, 746.42]
[50, 36, 747.0]
[50, 35, 747.5775]
[50, 34, 748.2575]
[50, 33, 748.8675]
[50, 32, 749.345]
[50, 31, 749.7975]
[50, 30, 750.27]
[50, 29, 750.81]
[50, 28, 751.3575]
[50, 27, 751.92]
[50, 26, 752.61]
[50, 25, 753.285]
[50, 24, 753.87]
[50, 23, 754.4425]
[50, 22, 754.99]
[50, 21, 755.5375]
[50, 20, 756.015]
[50, 19, 756.565]
[50, 18, 757.06]
[50, 17, 757.5925]
[50, 16, 758.085]
[50, 15, 758.5925]
[50, 14, 759.05]
[50, 13, 759.47]
[50, 12, 759.905]
[50, 11, 760.345]
[50, 10, 760.82]
[50, 9, 761.2975]
[50, 8, 761.7925]
[50, 7, 762.2175]
[50, 6, 762.6025]
[50, 5, 762.9375]
[50, 4, 763.37]
[50, 3, 763.935]
[50, 2, 764.5825]
[50, 1, 765.1825]
[50, 0, 765.76]
[60, 0, 770.71]
[60, 1, 770.21]
[60, 2, 769.7725]
[60, 3, 769.3]
[60, 4, 768.8275]
[60, 5, 768.365]
[60, 6, 767.94]
[60, 7, 767.45]
[60, 8, 766.945]
[60, 9, 766.395]
[60, 10, 765.83]
[60, 11, 765.2425]
[60, 12, 764.625]
[60, 13, 763.995]
[60, 14, 763.3525]
[60, 15, 762.9925]
[60, 16, 762.62]
[60, 17, 762.1825]
[60, 18, 761.7275]
[60, 19, 761.2225]
[60, 20, 760.6]
[60, 21, 760.0775]
[60, 22, 759.6775]
[60, 23, 759.18]
[60, 24, 758.685]
[60, 25, 758.2425]
[60, 26, 757.7575]
[60, 27, 757.2575]
[60, 28, 756.7425]
[60, 29, 756.2625]
[60, 30, 755.7675]
[60, 31, 755.3125]
[60, 32, 754.88]
[60, 33, 754.365]
[60, 34, 753.835]
[60, 35, 753.2725]
[60, 36, 752.6925]
[60, 37, 752.165]
[60, 38, 751.705]
[60, 39, 751.255]
[60, 40, 750.755]
[60, 41, 750.2275]
[60, 42, 749.6625]
[60, 43, 749.0525]
[60, 44, 748.3375]
[60, 45, 747.64]
[60, 46, 747.115]
[60, 47, 746.5275]
[60, 48, 745.8775]
[60, 49, 745.29]
[60, 50, 744.675]
[60, 51, 744.135]
[60, 52, 743.59]
[60, 53, 742.985]
[60, 54, 742.115]
[60, 55, 741.27]
[60, 56, 740.59]
[60, 57, 740.02]
[60, 58, 739.455]
[60, 59, 738.9175]
[60, 60, 738.37]
[60, 61, 737.8525]
[60, 62, 737.2575]
[60, 63, 736.6125]
[60, 64, 736.06]
[60, 65, 735.3425]
[60, 66, 734.6775]
[60, 67, 734.08]
[60, 68, 733.5275]
[60, 69, 732.9875]
[60, 70, 732.4625]
[60, 71, 731.9075]
[60, 72, 731.2875]
[60, 73, 730.665]
[60, 74, 730.0]
[60, 75, 729.385]
[60, 76, 728.8]
[60, 77, 728.235]
[60, 78, 727.76]
[60, 79, 727.18]
[60, 80, 726.575]
[60, 81, 725.88]
[60, 82, 725.18]
[60, 83, 724.2425]
[60, 84, 723.455]
[60, 85, 722.6975]
[60, 86, 721.885]
[60, 87, 721.2875]
[60, 88, 720.6775]
[60, 89, 719.975]
[60, 90, 719.2125]
[60, 91, 718.5625]
[60, 92, 717.84]
[60, 93, 717.095]
[60, 94, 716.3425]
[60, 95, 715.5575]
[60, 96, 714.79]
[60, 97, 714.0075]
[60, 98, 713.2725]
[60, 99, 712.55]
[60, 100, 711.905]
[60, 101, 711.2175]
[60, 102, 710.53]
[60, 103, 709.9075]
[60, 104, 709.1025]
[60, 105, 708.1975]
[60, 106, 707.3375]
[60, 107, 706.52]
[60, 108, 705.865]
[60, 109, 705.2325]
[60, 110, 704.6075]
[60, 111, 703.93]
[60, 112, 703.34]
[60, 113, 702.71]
[60, 114, 701.97]
[60, 115, 701.1925]
[60, 116, 700.3175]
[60, 117, 699.52]
[60, 118, 698.9]
[60, 119, 698.3275]
[60, 120, 697.57]
[60, 121, 696.8275]
[60, 122, 696.035]
[60, 123, 695.3025]
[60, 124, 694.465]
[60, 125, 693.6425]
[60, 126, 693.0075]
[60, 127, 692.39]
[60, 128, 691.665]
[60, 129, 690.99]
[60, 130, 690.315]
[60, 131, 689.6225]
[60, 132, 688.8675]
[60, 133, 688.1775]
[60, 134, 687.51]
[60, 135, 686.8]
[60, 136, 686.025]
[60, 137, 685.45]
[60, 138, 684.92]
[60, 139, 684.39]
[60, 140, 683.785]
[60, 141, 683.2425]
[60, 142, 682.8025]
[60, 143, 682.23]
[60, 144, 681.6625]
[60, 145, 681.1275]
[60, 146, 680.6375]
[60, 147, 680.1325]
[60, 148, 679.4575]
[60, 149, 678.695]
[60, 150, 678.0625]
[60, 151, 677.5425]
[60, 152, 677.23]
[60, 153, 676.7025]
[60, 154, 676.0625]
[60, 155, 675.4125]
[60, 156, 674.8275]
[60, 157, 674.2675]
[60, 158, 673.5375]
[60, 159, 672.8125]
[60, 160, 672.1075]
[60, 161, 671.4325]
[60, 162, 670.785]
[60, 163, 670.24]
[60, 164, 669.6675]
[60, 165, 669.0525]
[60, 166, 668.3275]
[60, 167, 667.61]
[60, 168, 666.955]
[60, 169, 666.3225]
[60, 170, 665.7075]
[60, 171, 665.11]
[60, 172, 664.43]
[60, 173, 663.7675]
[60, 174, 663.12]
[60, 175, 662.38]
[60, 176, 661.705]
[60, 177, 661.04]
[60, 178, 660.295]
[60, 179, 659.6975]
[60, 180, 659.15]
[60, 181, 658.655]
[60, 182, 658.1525]
[60, 183, 657.5775]
[60, 184, 656.97]
[60, 185, 656.35]
[60, 186, 655.725]
[60, 187, 655.1125]
[60, 188, 654.4275]
[60, 189, 653.71]
[60, 190, 652.98]
[60, 191, 652.365]
[60, 192, 651.6175]
[60, 193, 650.715]
[60, 194, 649.9675]
[60, 195, 649.315]
[60, 196, 648.65]
[60, 197, 647.9825]
[60, 198, 647.35]
[60, 199, 646.7275]
[60, 200, 646.1525]
[60, 201, 645.61]
[60, 202, 645.0175]
[60, 203, 644.46]
[60, 204, 643.8925]
[60, 205, 643.22]
[60, 206, 642.5675]
[60, 207, 641.8725]
[60, 208, 641.265]
[60, 209, 640.595]
[60, 210, 640.0]
[60, 211, 639.355]
[60, 212, 638.745]
[60, 213, 638.1325]
[60, 214, 637.5275]
[60, 215, 637.02]
[60, 216, 636.4025]
[60, 217, 635.7525]
[60, 218, 635.105]
[60, 219, 634.4225]
[60, 220, 633.6775]
[60, 221, 632.93]
[60, 222, 632.2425]
[60, 223, 631.5225]
[60, 224, 630.7075]
[60, 225, 629.795]
[60, 226, 629.0575]
[60, 227, 628.4]
[60, 228, 627.685]
[60, 229, 627.055]
[60, 230, 626.47]
[60, 231, 625.8725]
[60, 232, 625.145]
[60, 233, 624.4775]
[60, 234, 623.8525]
[60, 235, 623.2425]
[60, 236, 622.7125]
[60, 237, 622.23]
[60, 238, 621.7125]
[60, 239, 621.2975]
[60, 240, 620.8425]
[60, 241, 620.2375]
[60, 242, 619.6975]
[60, 243, 619.1775]
[60, 244, 618.6775]
[60, 245, 618.14]
[60, 246, 617.6075]
[60, 247, 617.16]
[60, 248, 616.7075]
[60, 249, 616.275]
[60, 250, 615.7975]
[60, 251, 615.3525]
[60, 252, 614.925]
[60, 253, 614.55]
[60, 254, 614.0575]
[60, 255, 613.5325]
[60, 256, 613.0625]
[60, 257, 612.625]
[60, 258, 612.195]
[60, 259, 611.7875]
[60, 260, 611.36]
[60, 261, 610.9775]
[60, 262, 610.565]
[60, 263, 610.06]
[60, 264, 609.595]
[60, 265, 609.2175]
[60, 266, 608.7875]
[60, 267, 608.335]
[60, 268, 607.855]
[60, 269, 607.345]
[60, 270, 606.8525]
[60, 271, 606.3525]
[60, 272, 605.7575]
[60, 273, 605.1875]
[60, 274, 604.6675]
[60, 275, 604.1275]
[60, 276, 603.5675]
[60, 277, 602.895]
[60, 278, 602.2475]
[60, 279, 601.635]
[60, 280, 601.0425]
[60, 281, 600.5525]
[60, 282, 600.1225]
[60, 283, 599.7025]
[60, 284, 599.19]
[60, 285, 598.6925]
[60, 286, 598.165]
[60, 287, 597.65]
[60, 288, 597.19]
[60, 289, 596.75]
[60, 290, 596.375]
[60, 291, 596.0]
[60, 292, 595.675]
[60, 293, 595.375]
[60, 294, 595.0475]
[60, 295, 594.7125]
[60, 296, 594.3325]
[60, 297, 593.9125]
[60, 298, 593.4375]
[60, 299, 593.03]
[60, 300, 592.66]
[60, 301, 592.23]
[60, 302, 591.8]
[60, 303, 591.4475]
[60, 304, 591.1825]
[60, 305, 590.92]
[60, 306, 590.6325]
[60, 307, 590.3575]
[60, 308, 590.0475]
[60, 309, 589.7025]
[60, 310, 589.435]
[60, 311, 589.0925]
[60, 312, 588.69]
[60, 313, 588.2525]
[60, 314, 588.0075]
[60, 315, 587.775]
[60, 316, 587.4425]
[60, 317, 586.8925]
[60, 318, 586.4475]
[60, 319, 586.0375]
[60, 320, 585.67]
[60, 321, 585.29]
[60, 322, 584.9775]
[60, 323, 584.5925]
[60, 324, 584.1175]
[60, 325, 583.6425]
[60, 326, 583.155]
[60, 327, 582.6175]
[60, 328, 582.18]
[60, 329, 581.765]
[60, 330, 581.2775]
[60, 331, 580.8975]
[60, 332, 580.595]
[60, 333, 580.3775]
[60, 334, 580.175]
[60, 335, 579.8575]
[60, 336, 579.615]
[60, 337, 579.3425]
[60, 338, 579.0475]
[60, 339, 578.7]
[60, 340, 578.33]
[60, 341, 577.9875]
[60, 342, 577.6125]
[60, 343, 577.305]
[60, 344, 576.93]
[60, 345, 576.495]
[60, 346, 576.07]
[60, 347, 575.6775]
[60, 348, 575.345]
[60, 349, 575.0025]
[60, 350, 574.69]
[60, 351, 574.35]
[60, 352, 573.96]
[60, 353, 573.63]
[60, 354, 573.3]
[60, 355, 573.13]
[60, 356, 572.8425]
[60, 357, 572.3225]
[60, 358, 571.9475]
[60, 359, 571.645]
[60, 360, 571.37]
[60, 361, 571.015]
[60, 362, 570.63]
[60, 363, 570.3675]
[60, 364, 570.0925]
[60, 365, 569.84]
[60, 366, 569.445]
[60, 367, 569.145]
[60, 368, 568.83]
[60, 369, 568.4875]
[60, 370, 568.09]
[60, 371, 567.745]
[60, 372, 567.4025]
[60, 373, 567.025]
[60, 374, 566.6375]
[60, 375, 566.205]
[60, 376, 565.7025]
[60, 377, 565.185]
[60, 378, 564.7175]
[60, 379, 564.2725]
[60, 380, 563.7925]
[60, 381, 563.285]
[60, 382, 562.7775]
[60, 383, 562.33]
[60, 384, 561.93]
[60, 385, 561.5375]
[60, 386, 561.1525]
[60, 387, 560.85]
[60, 388, 560.5925]
[60, 389, 560.38]
[60, 390, 560.1075]
[60, 391, 559.845]
[60, 392, 559.535]
[60, 393, 559.0825]
[60, 394, 558.745]
[60, 395, 558.3525]
[60, 396, 557.965]
[60, 397, 557.4675]
[60, 398, 556.965]
[60, 399, 556.45]
[60, 400, 555.8875]
[60, 401, 555.365]
[60, 402, 554.795]
[60, 403, 554.315]
[60, 404, 553.88]
[60, 405, 553.4225]
[60, 406, 552.885]
[60, 407, 552.3375]
[60, 408, 551.855]
[60, 409, 551.3825]
[60, 410, 550.8925]
[60, 411, 550.37]
[60, 412, 549.865]
[60, 413, 549.3575]
[60, 414, 548.8475]
[60, 415, 548.3975]
[60, 416, 548.005]
[60, 417, 547.65]
[60, 418, 547.3175]
[60, 419, 547.01]
[60, 420, 546.78]
[60, 421, 546.5175]
[60, 422, 546.235]
[60, 423, 545.9525]
[60, 424, 545.69]
[60, 425, 545.3775]
[60, 426, 545.06]
[60, 427, 544.7675]
[60, 428, 544.4275]
[60, 429, 544.0275]
[60, 430, 543.535]
[60, 431, 543.0375]
[60, 432, 542.43]
[60, 433, 541.5425]
[60, 434, 540.7375]
[60, 435, 539.8675000000001]
[60, 436, 538.9225]
[60, 437, 538.365]
[60, 438, 537.915]
[60, 439, 537.4024999999999]
[60, 440, 536.915]
[60, 441, 536.7]
[60, 442, 536.6275]
[60, 443, 536.665]
[60, 444, 536.5699999999999]
[60, 445, 536.5074999999999]
[60, 446, 536.5074999999999]
[60, 447, 536.3375]
[60, 448, 535.8924999999999]
[60, 449, 535.1775]
[60, 450, 534.54]
[60, 451, 534.24]
[60, 452, 533.35]
[60, 453, 532.5450000000001]
[60, 454, 531.7075]
[60, 455, 531.1875]
[60, 456, 530.6625]
[60, 457, 529.9375]
[60, 458, 528.7725]
[60, 459, 527.4200000000001]
[60, 460, 526.2375]
[60, 461, 525.0550000000001]
[60, 462, 524.0025]
[60, 463, 522.9125]
[60, 464, 521.6675]
[60, 465, 520.52]
[60, 466, 519.3050000000001]
[60, 467, 517.7275]
[60, 468, 516.2425000000001]
[60, 469, 514.9549999999999]
[60, 470, 513.7925]
[60, 471, 513.095]
[60, 472, 512.6800000000001]
[60, 473, 512.0725]
[60, 474, 511.55]
[60, 475, 510.925]
[60, 476, 510.555]
[60, 477, 509.8325]
[60, 478, 509.0275]
[60, 479, 508.6]
[60, 480, 507.9375]
[60, 481, 507.0675]
[60, 482, 506.48]
[60, 483, 506.04]
[60, 484, 505.8575]
[60, 485, 505.5875]
[60, 486, 504.855]
[60, 487, 503.8425]
[60, 488, 503.5325]
[60, 489, 503.225]
[60, 490, 503.2575]
[60, 491, 503.445]
[60, 492, 504.645]
[60, 493, 505.5475]
[60, 494, 505.92]
[60, 495, 506.31]
[60, 496, 506.855]
[60, 497, 507.6675]
[60, 498, 508.055]
[60, 499, 508.1075]
[70, 499, 518.4675]
[70, 498, 518.4825000000001]
[70, 497, 518.5274999999999]
[70, 496, 518.6275]
[70, 495, 518.5]
[70, 494, 518.46]
[70, 493, 518.3199999999999]
[70, 492, 518.1424999999999]
[70, 491, 517.7149999999999]
[70, 490, 517.5450000000001]
[70, 489, 518.0550000000001]
[70, 488, 518.39]
[70, 487, 518.515]
[70, 486, 518.11]
[70, 485, 517.105]
[70, 484, 515.685]
[70, 483, 515.05]
[70, 482, 514.6075000000001]
[70, 481, 513.72]
[70, 480, 512.7075]
[70, 479, 513.135]
[70, 478, 514.0550000000001]
[70, 477, 514.9649999999999]
[70, 476, 516.0875]
[70, 475, 517.23]
[70, 474, 518.5675]
[70, 473, 520.1825]
[70, 472, 521.755]
[70, 471, 523.2625]
[70, 470, 524.4475]
[70, 469, 525.2875]
[70, 468, 525.595]
[70, 467, 525.6875]
[70, 466, 525.605]
[70, 465, 525.9125]
[70, 464, 526.0675]
[70, 463, 526.4675]
[70, 462, 526.745]
[70, 461, 527.1725]
[70, 460, 527.335]
[70, 459, 527.2475]
[70, 458, 527.3975]
[70, 457, 527.53]
[70, 456, 527.675]
[70, 455, 528.025]
[70, 454, 528.51]
[70, 453, 529.4325]
[70, 452, 530.5475]
[70, 451, 531.6424999999999]
[70, 450, 532.64]
[70, 449, 533.4625]
[70, 448, 534.22]
[70, 447, 535.23]
[70, 446, 536.55]
[70, 445, 537.985]
[70, 444, 539.4625]
[70, 443, 540.935]
[70, 442, 542.035]
[70, 441, 542.5625]
[70, 440, 542.9]
[70, 439, 543.255]
[70, 438, 543.55]
[70, 437, 543.8825]
[70, 436, 544.145]
[70, 435, 544.445]
[70, 434, 544.825]
[70, 433, 545.1125]
[70, 432, 545.3475]
[70, 431, 545.685]
[70, 430, 545.875]
[70, 429, 545.62]
[70, 428, 545.1275]
[70, 427, 544.455]
[70, 426, 544.2925]
[70, 425, 544.7]
[70, 424, 545.23]
[70, 423, 546.185]
[70, 422, 547.19]
[70, 421, 547.7775]
[70, 420, 548.165]
[70, 419, 548.5375]
[70, 418, 548.8675]
[70, 417, 549.2025]
[70, 416, 549.5225]
[70, 415, 549.8525]
[70, 414, 550.1775]
[70, 413, 550.495]
[70, 412, 550.9125]
[70, 411, 551.35]
[70, 410, 551.91]
[70, 409, 552.4475]
[70, 408, 553.0325]
[70, 407, 553.6075]
[70, 406, 554.3]
[70, 405, 554.7575]
[70, 404, 555.1875]
[70, 403, 555.5975]
[70, 402, 556.055]
[70, 401, 556.455]
[70, 400, 556.9075]
[70, 399, 557.455]
[70, 398, 557.86]
[70, 397, 558.2375]
[70, 396, 558.6525]
[70, 395, 558.995]
[70, 394, 559.5475]
[70, 393, 559.8825]
[70, 392, 560.2625]
[70, 391, 560.62]
[70, 390, 560.9775]
[70, 389, 561.3125]
[70, 388, 561.6325]
[70, 387, 561.9925]
[70, 386, 562.3225]
[70, 385, 562.625]
[70, 384, 563.01]
[70, 383, 563.4925]
[70, 382, 563.995]
[70, 381, 564.3875]
[70, 380, 564.825]
[70, 379, 565.3625]
[70, 378, 565.8675]
[70, 377, 566.395]
[70, 376, 566.9175]
[70, 375, 567.4675]
[70, 374, 567.9225]
[70, 373, 568.3325]
[70, 372, 568.7625]
[70, 371, 569.04]
[70, 370, 569.325]
[70, 369, 569.7075]
[70, 368, 570.0975]
[70, 367, 570.365]
[70, 366, 570.7125]
[70, 365, 571.035]
[70, 364, 571.345]
[70, 363, 571.5875]
[70, 362, 571.8725]
[70, 361, 572.175]
[70, 360, 572.3975]
[70, 359, 572.9475]
[70, 358, 573.4875]
[70, 357, 573.95]
[70, 356, 574.34]
[70, 355, 574.7775]
[70, 354, 575.1975]
[70, 353, 575.4875]
[70, 352, 575.825]
[70, 351, 576.1475]
[70, 350, 576.5575]
[70, 349, 576.91]
[70, 348, 577.185]
[70, 347, 577.5075]
[70, 346, 577.8825]
[70, 345, 578.2625]
[70, 344, 578.5825]
[70, 343, 578.78]
[70, 342, 579.005]
[70, 341, 579.315]
[70, 340, 579.62]
[70, 339, 579.77]
[70, 338, 579.9875]
[70, 337, 580.2775]
[70, 336, 580.545]
[70, 335, 580.785]
[70, 334, 581.1125]
[70, 333, 581.2975]
[70, 332, 581.4975]
[70, 331, 581.81]
[70, 330, 582.285]
[70, 329, 582.7575]
[70, 328, 583.2]
[70, 327, 583.71]
[70, 326, 584.2075]
[70, 325, 584.8]
[70, 324, 585.3325]
[70, 323, 585.87]
[70, 322, 586.49]
[70, 321, 587.04]
[70, 320, 587.505]
[70, 319, 587.9]
[70, 318, 588.3275]
[70, 317, 588.7925]
[70, 316, 589.25]
[70, 315, 589.7025]
[70, 314, 590.1075]
[70, 313, 590.455]
[70, 312, 590.7525]
[70, 311, 591.1575]
[70, 310, 591.485]
[70, 309, 591.8825]
[70, 308, 592.275]
[70, 307, 592.6525]
[70, 306, 593.0325]
[70, 305, 593.4725]
[70, 304, 593.84]
[70, 303, 594.1625]
[70, 302, 594.5175]
[70, 301, 594.8]
[70, 300, 595.065]
[70, 299, 595.3525]
[70, 298, 595.6525]
[70, 297, 596.0425]
[70, 296, 596.4775]
[70, 295, 596.96]
[70, 294, 597.3475]
[70, 293, 597.93]
[70, 292, 598.6575]
[70, 291, 599.3475]
[70, 290, 599.925]
[70, 289, 600.405]
[70, 288, 600.8925]
[70, 287, 601.4375]
[70, 286, 602.0175]
[70, 285, 602.6725]
[70, 284, 603.305]
[70, 283, 603.9725]
[70, 282, 604.6975]
[70, 281, 605.355]
[70, 280, 605.93]
[70, 279, 606.4525]
[70, 278, 606.9075]
[70, 277, 607.325]
[70, 276, 607.6925]
[70, 275, 608.0925]
[70, 274, 608.54]
[70, 273, 608.965]
[70, 272, 609.4575]
[70, 271, 609.9875]
[70, 270, 610.56]
[70, 269, 611.0475]
[70, 268, 611.4125]
[70, 267, 611.8175]
[70, 266, 612.2225]
[70, 265, 612.63]
[70, 264, 613.085]
[70, 263, 613.5775]
[70, 262, 614.135]
[70, 261, 614.635]
[70, 260, 615.0675]
[70, 259, 615.4925]
[70, 258, 615.8775]
[70, 257, 616.3575]
[70, 256, 616.9025]
[70, 255, 617.42]
[70, 254, 617.95]
[70, 253, 618.425]
[70, 252, 618.8675]
[70, 251, 619.365]
[70, 250, 619.845]
[70, 249, 620.3275]
[70, 248, 620.92]
[70, 247, 621.5825]
[70, 246, 622.17]
[70, 245, 622.7325]
[70, 244, 623.3175]
[70, 243, 623.9075]
[70, 242, 624.495]
[70, 241, 625.1375]
[70, 240, 625.705]
[70, 239, 626.3325]
[70, 238, 626.915]
[70, 237, 627.4775]
[70, 236, 628.015]
[70, 235, 628.495]
[70, 234, 629.145]
[70, 233, 629.8325]
[70, 232, 630.565]
[70, 231, 631.2675]
[70, 230, 631.9325]
[70, 229, 632.5675]
[70, 228, 633.225]
[70, 227, 633.965]
[70, 226, 634.6875]
[70, 225, 635.3475]
[70, 224, 635.995]
[70, 223, 636.69]
[70, 222, 637.3575]
[70, 221, 638.02]
[70, 220, 638.6875]
[70, 219, 639.39]
[70, 218, 640.015]
[70, 217, 640.735]
[70, 216, 641.5425]
[70, 215, 642.3025]
[70, 214, 643.0475]
[70, 213, 643.75]
[70, 212, 644.505]
[70, 211, 645.18]
[70, 210, 645.785]
[70, 209, 646.3175]
[70, 208, 646.8725]
[70, 207, 647.535]
[70, 206, 648.2075]
[70, 205, 648.835]
[70, 204, 649.3825]
[70, 203, 649.98]
[70, 202, 650.6125]
[70, 201, 651.265]
[70, 200, 651.7875]
[70, 199, 652.445]
[70, 198, 653.05]
[70, 197, 653.5675]
[70, 196, 654.075]
[70, 195, 654.605]
[70, 194, 655.0875]
[70, 193, 655.7725]
[70, 192, 656.5625]
[70, 191, 657.285]
[70, 190, 657.9325]
[70, 189, 658.55]
[70, 188, 659.19]
[70, 187, 659.985]
[70, 186, 660.8325]
[70, 185, 661.5925]
[70, 184, 662.3225]
[70, 183, 662.9675]
[70, 182, 663.55]
[70, 181, 664.185]
[70, 180, 664.8325]
[70, 179, 665.5325]
[70, 178, 666.2975]
[70, 177, 666.97]
[70, 176, 667.595]
[70, 175, 668.265]
[70, 174, 668.92]
[70, 173, 669.595]
[70, 172, 670.24]
[70, 171, 670.96]
[70, 170, 671.7]
[70, 169, 672.3475]
[70, 168, 672.9075]
[70, 167, 673.4625]
[70, 166, 673.99]
[70, 165, 674.575]
[70, 164, 675.0975]
[70, 163, 675.575]
[70, 162, 676.1525]
[70, 161, 676.8325]
[70, 160, 677.43]
[70, 159, 678.02]
[70, 158, 678.4775]
[70, 157, 678.8925]
[70, 156, 679.4125]
[70, 155, 679.9425]
[70, 154, 680.555]
[70, 153, 681.1125]
[70, 152, 681.6025]
[70, 151, 682.04]
[70, 150, 682.675]
[70, 149, 683.2775]
[70, 148, 683.7425]
[70, 147, 684.11]
[70, 146, 684.5875]
[70, 145, 685.1425]
[70, 144, 685.68]
[70, 143, 686.305]
[70, 142, 686.9575]
[70, 141, 687.6375]
[70, 140, 688.3275]
[70, 139, 689.105]
[70, 138, 689.9075]
[70, 137, 690.6725]
[70, 136, 691.4325]
[70, 135, 692.0975]
[70, 134, 692.715]
[70, 133, 693.3725]
[70, 132, 693.9525]
[70, 131, 694.5625]
[70, 130, 695.0675]
[70, 129, 695.6225]
[70, 128, 696.1975]
[70, 127, 696.8175]
[70, 126, 697.4775]
[70, 125, 698.2]
[70, 124, 698.925]
[70, 123, 699.8075]
[70, 122, 700.6925]
[70, 121, 701.42]
[70, 120, 702.06]
[70, 119, 702.7875]
[70, 118, 703.475]
[70, 117, 704.1125]
[70, 116, 704.8225]
[70, 115, 705.445]
[70, 114, 706.405]
[70, 113, 707.22]
[70, 112, 707.98]
[70, 111, 708.7725]
[70, 110, 709.545]
[70, 109, 710.3275]
[70, 108, 711.085]
[70, 107, 711.72]
[70, 106, 712.375]
[70, 105, 713.005]
[70, 104, 713.65]
[70, 103, 714.3525]
[70, 102, 715.0125]
[70, 101, 715.9575]
[70, 100, 716.875]
[70, 99, 717.7675]
[70, 98, 718.5925]
[70, 97, 719.385]
[70, 96, 720.0625]
[70, 95, 720.7975]
[70, 94, 721.5625]
[70, 93, 722.27]
[70, 92, 722.935]
[70, 91, 723.64]
[70, 90, 724.355]
[70, 89, 725.13]
[70, 88, 725.8475]
[70, 87, 726.5825]
[70, 86, 727.2875]
[70, 85, 727.975]
[70, 84, 728.5375]
[70, 83, 729.1225]
[70, 82, 729.6725]
[70, 81, 730.235]
[70, 80, 730.8275]
[70, 79, 731.7]
[70, 78, 732.495]
[70, 77, 733.1175]
[70, 76, 733.69]
[70, 75, 734.23]
[70, 74, 734.84]
[70, 73, 735.6325]
[70, 72, 736.2625]
[70, 71, 736.905]
[70, 70, 737.4975]
[70, 69, 738.13]
[70, 68, 738.65]
[70, 67, 739.215]
[70, 66, 739.765]
[70, 65, 740.37]
[70, 64, 741.0375]
[70, 63, 741.64]
[70, 62, 742.3225]
[70, 61, 742.935]
[70, 60, 743.5825]
[70, 59, 744.105]
[70, 58, 744.6775]
[70, 57, 745.3175]
[70, 56, 745.955]
[70, 55, 746.655]
[70, 54, 747.295]
[70, 53, 747.8475]
[70, 52, 748.515]
[70, 51, 749.3175]
[70, 50, 749.99]
[70, 49, 750.57]
[70, 48, 751.1175]
[70, 47, 751.6525]
[70, 46, 752.075]
[70, 45, 752.5325]
[70, 44, 753.1125]
[70, 43, 753.6525]
[70, 42, 754.2275]
[70, 41, 754.7625]
[70, 40, 755.2375]
[70, 39, 755.71]
[70, 38, 756.1525]
[70, 37, 756.6825]
[70, 36, 757.25]
[70, 35, 757.7625]
[70, 34, 758.2475]
[70, 33, 758.7225]
[70, 32, 759.2225]
[70, 31, 759.6525]
[70, 30, 760.0575]
[70, 29, 760.505]
[70, 28, 760.9175]
[70, 27, 761.3525]
[70, 26, 761.7125]
[70, 25, 762.2375]
[70, 24, 762.8225]
[70, 23, 763.4]
[70, 22, 764.0175]
[70, 21, 764.5725]
[70, 20, 765.0325]
[70, 19, 765.425]
[70, 18, 765.935]
[70, 17, 766.495]
[70, 16, 767.0825]
[70, 15, 767.64]
[70, 14, 768.2675]
[70, 13, 768.8875]
[70, 12, 769.405]
[70, 11, 769.925]
[70, 10, 770.395]
[70, 9, 770.8925]
[70, 8, 771.3825]
[70, 7, 771.7875]
[70, 6, 772.29]
[70, 5, 772.815]
[70, 4, 773.325]
[70, 3, 773.7425]
[70, 2, 774.185]
[70, 1, 774.6025]
[70, 0, 775.0825]
[80, 0, 779.1875]
[80, 1, 778.715]
[80, 2, 778.22]
[80, 3, 777.76]
[80, 4, 777.305]
[80, 5, 776.7975]
[80, 6, 776.2625]
[80, 7, 775.7625]
[80, 8, 775.2175]
[80, 9, 774.7075]
[80, 10, 774.215]
[80, 11, 773.7375]
[80, 12, 773.3225]
[80, 13, 772.8175]
[80, 14, 772.275]
[80, 15, 771.735]
[80, 16, 771.26]
[80, 17, 770.8]
[80, 18, 770.3775]
[80, 19, 769.8675]
[80, 20, 769.3775]
[80, 21, 768.87]
[80, 22, 768.365]
[80, 23, 767.765]
[80, 24, 767.2225]
[80, 25, 766.7725]
[80, 26, 766.275]
[80, 27, 765.805]
[80, 28, 765.2425]
[80, 29, 764.595]
[80, 30, 763.9525]
[80, 31, 763.4325]
[80, 32, 762.88]
[80, 33, 762.4175]
[80, 34, 762.0175]
[80, 35, 761.625]
[80, 36, 761.21]
[80, 37, 760.745]
[80, 38, 760.285]
[80, 39, 759.82]
[80, 40, 759.3775]
[80, 41, 758.8875]
[80, 42, 758.3575]
[80, 43, 757.7975]
[80, 44, 757.2625]
[80, 45, 756.7825]
[80, 46, 756.3825]
[80, 47, 755.875]
[80, 48, 755.35]
[80, 49, 754.8875]
[80, 50, 754.34]
[80, 51, 753.6475]
[80, 52, 752.975]
[80, 53, 752.4]
[80, 54, 751.8575]
[80, 55, 751.2725]
[80, 56, 750.65]
[80, 57, 750.1175]
[80, 58, 749.465]
[80, 59, 748.8225]
[80, 60, 748.22]
[80, 61, 747.5525]
[80, 62, 746.89]
[80, 63, 746.2075]
[80, 64, 745.545]
[80, 65, 744.9275]
[80, 66, 744.27]
[80, 67, 743.615]
[80, 68, 743.0375]
[80, 69, 742.435]
[80, 70, 741.82]
[80, 71, 741.2225]
[80, 72, 740.6625]
[80, 73, 740.0825]
[80, 74, 739.4975]
[80, 75, 738.93]
[80, 76, 738.2825]
[80, 77, 737.6125]
[80, 78, 737.0325]
[80, 79, 736.39]
[80, 80, 735.665]
[80, 81, 735.0625]
[80, 82, 734.52]
[80, 83, 733.905]
[80, 84, 733.2125]
[80, 85, 732.45]
[80, 86, 731.655]
[80, 87, 730.8725]
[80, 88, 730.0975]
[80, 89, 729.5275]
[80, 90, 728.8975]
[80, 91, 728.2925]
[80, 92, 727.6225]
[80, 93, 726.9125]
[80, 94, 726.115]
[80, 95, 725.3275]
[80, 96, 724.555]
[80, 97, 723.735]
[80, 98, 722.945]
[80, 99, 722.165]
[80, 100, 721.47]
[80, 101, 720.725]
[80, 102, 720.03]
[80, 103, 719.2275]
[80, 104, 718.4375]
[80, 105, 717.6025]
[80, 106, 716.7825]
[80, 107, 715.9375]
[80, 108, 715.105]
[80, 109, 714.35]
[80, 110, 713.6525]
[80, 111, 713.0475]
[80, 112, 712.44]
[80, 113, 711.805]
[80, 114, 711.08]
[80, 115, 710.4025]
[80, 116, 709.6825]
[80, 117, 708.9675]
[80, 118, 708.1825]
[80, 119, 707.4225]
[80, 120, 706.535]
[80, 121, 705.81]
[80, 122, 705.155]
[80, 123, 704.445]
[80, 124, 703.76]
[80, 125, 703.1775]
[80, 126, 702.5625]
[80, 127, 701.9325]
[80, 128, 701.3325]
[80, 129, 700.72]
[80, 130, 700.1175]
[80, 131, 699.61]
[80, 132, 699.11]
[80, 133, 698.5725]
[80, 134, 698.0875]
[80, 135, 697.5075]
[80, 136, 696.865]
[80, 137, 696.2225]
[80, 138, 695.505]
[80, 139, 694.8175]
[80, 140, 694.0025]
[80, 141, 693.17]
[80, 142, 692.36]
[80, 143, 691.7475]
[80, 144, 691.1]
[80, 145, 690.45]
[80, 146, 689.78]
[80, 147, 689.065]
[80, 148, 688.39]
[80, 149, 687.7575]
[80, 150, 687.16]
[80, 151, 686.46]
[80, 152, 685.845]
[80, 153, 685.195]
[80, 154, 684.73]
[80, 155, 684.26]
[80, 156, 683.7025]
[80, 157, 683.1825]
[80, 158, 682.7875]
[80, 159, 682.265]
[80, 160, 681.7675]
[80, 161, 681.1775]
[80, 162, 680.565]
[80, 163, 680.115]
[80, 164, 679.6075]
[80, 165, 679.0925]
[80, 166, 678.58]
[80, 167, 678.065]
[80, 168, 677.585]
[80, 169, 677.0275]
[80, 170, 676.4725]
[80, 171, 675.895]
[80, 172, 675.38]
[80, 173, 674.855]
[80, 174, 674.2275]
[80, 175, 673.5575]
[80, 176, 672.935]
[80, 177, 672.3475]
[80, 178, 671.7425]
[80, 179, 671.0575]
[80, 180, 670.295]
[80, 181, 669.4975]
[80, 182, 668.7875]
[80, 183, 668.1425]
[80, 184, 667.4975]
[80, 185, 666.725]
[80, 186, 665.945]
[80, 187, 665.14]
[80, 188, 664.3475]
[80, 189, 663.6325]
[80, 190, 662.9675]
[80, 191, 662.26]
[80, 192, 661.4575]
[80, 193, 660.5925]
[80, 194, 659.8125]
[80, 195, 659.1975]
[80, 196, 658.6775]
[80, 197, 658.1275]
[80, 198, 657.535]
[80, 199, 656.98]
[80, 200, 656.425]
[80, 201, 655.795]
[80, 202, 655.15]
[80, 203, 654.5925]
[80, 204, 654.005]
[80, 205, 653.4125]
[80, 206, 652.89]
[80, 207, 652.3825]
[80, 208, 651.83]
[80, 209, 651.295]
[80, 210, 650.69]
[80, 211, 650.09]
[80, 212, 649.3725]
[80, 213, 648.5925]
[80, 214, 647.8525]
[80, 215, 647.0675]
[80, 216, 646.3725]
[80, 217, 645.6425]
[80, 218, 644.9725]
[80, 219, 644.395]
[80, 220, 643.77]
[80, 221, 643.09]
[80, 222, 642.425]
[80, 223, 641.7425]
[80, 224, 641.02]
[80, 225, 640.31]
[80, 226, 639.605]
[80, 227, 638.96]
[80, 228, 638.2575]
[80, 229, 637.59]
[80, 230, 636.8575]
[80, 231, 636.21]
[80, 232, 635.585]
[80, 233, 634.9525]
[80, 234, 634.3275]
[80, 235, 633.6925]
[80, 236, 633.0975]
[80, 237, 632.505]
[80, 238, 631.935]
[80, 239, 631.3475]
[80, 240, 630.745]
[80, 241, 630.19]
[80, 242, 629.635]
[80, 243, 629.0075]
[80, 244, 628.345]
[80, 245, 627.7175]
[80, 246, 627.2]
[80, 247, 626.6425]
[80, 248, 626.0025]
[80, 249, 625.3625]
[80, 250, 624.77]
[80, 251, 624.1675]
[80, 252, 623.715]
[80, 253, 623.2625]
[80, 254, 622.7875]
[80, 255, 622.355]
[80, 256, 621.84]
[80, 257, 621.2575]
[80, 258, 620.6525]
[80, 259, 620.085]
[80, 260, 619.6375]
[80, 261, 619.15]
[80, 262, 618.71]
[80, 263, 618.23]
[80, 264, 617.7375]
[80, 265, 617.1925]
[80, 266, 616.64]
[80, 267, 616.0825]
[80, 268, 615.5775]
[80, 269, 614.955]
[80, 270, 614.4025]
[80, 271, 613.86]
[80, 272, 613.29]
[80, 273, 612.7525]
[80, 274, 612.2025]
[80, 275, 611.6625]
[80, 276, 611.1525]
[80, 277, 610.5875]
[80, 278, 609.9875]
[80, 279, 609.4275]
[80, 280, 608.8975]
[80, 281, 608.3325]
[80, 282, 607.68]
[80, 283, 607.095]
[80, 284, 606.56]
[80, 285, 606.1025]
[80, 286, 605.635]
[80, 287, 605.08]
[80, 288, 604.5575]
[80, 289, 604.0675]
[80, 290, 603.62]
[80, 291, 603.0875]
[80, 292, 602.545]
[80, 293, 601.9925]
[80, 294, 601.4425]
[80, 295, 600.93]
[80, 296, 600.4325]
[80, 297, 599.8075]
[80, 298, 599.135]
[80, 299, 598.5575]
[80, 300, 598.01]
[80, 301, 597.4925]
[80, 302, 596.9875]
[80, 303, 596.5275]
[80, 304, 596.0325]
[80, 305, 595.6175]
[80, 306, 595.2]
[80, 307, 594.6575]
[80, 308, 594.2]
[80, 309, 593.7825]
[80, 310, 593.2575]
[80, 311, 592.7025]
[80, 312, 592.245]
[80, 313, 591.82]
[80, 314, 591.4375]
[80, 315, 590.9275]
[80, 316, 590.54]
[80, 317, 590.0975]
[80, 318, 589.665]
[80, 319, 589.155]
[80, 320, 588.6625]
[80, 321, 588.13]
[80, 322, 587.595]
[80, 323, 587.06]
[80, 324, 586.67]
[80, 325, 586.3825]
[80, 326, 586.0975]
[80, 327, 585.8925]
[80, 328, 585.5275]
[80, 329, 585.1525]
[80, 330, 584.7975]
[80, 331, 584.5175]
[80, 332, 584.2275]
[80, 333, 583.855]
[80, 334, 583.5125]
[80, 335, 583.3225]
[80, 336, 583.0425]
[80, 337, 582.7]
[80, 338, 582.58]
[80, 339, 582.3875]
[80, 340, 582.155]
[80, 341, 581.815]
[80, 342, 581.5775]
[80, 343, 581.3625]
[80, 344, 580.9975]
[80, 345, 580.655]
[80, 346, 580.3725]
[80, 347, 580.05]
[80, 348, 579.695]
[80, 349, 579.23]
[80, 350, 578.8225]
[80, 351, 578.3875]
[80, 352, 577.935]
[80, 353, 577.425]
[80, 354, 576.9525]
[80, 355, 576.4075]
[80, 356, 575.9475]
[80, 357, 575.58]
[80, 358, 575.2775]
[80, 359, 574.98]
[80, 360, 574.64]
[80, 361, 574.3025]
[80, 362, 574.005]
[80, 363, 573.665]
[80, 364, 573.335]
[80, 365, 573.025]
[80, 366, 572.6825]
[80, 367, 572.295]
[80, 368, 571.9575]
[80, 369, 571.5675]
[80, 370, 571.1725]
[80, 371, 570.7075]
[80, 372, 570.1725]
[80, 373, 569.5125]
[80, 374, 568.835]
[80, 375, 568.3375]
[80, 376, 567.8275]
[80, 377, 567.35]
[80, 378, 566.935]
[80, 379, 566.7325]
[80, 380, 566.35]
[80, 381, 565.955]
[80, 382, 565.5375]
[80, 383, 565.1725]
[80, 384, 564.705]
[80, 385, 564.1875]
[80, 386, 563.64]
[80, 387, 563.1375]
[80, 388, 562.715]
[80, 389, 562.3]
[80, 390, 561.9675]
[80, 391, 561.5975]
[80, 392, 561.26]
[80, 393, 560.7825]
[80, 394, 560.3375]
[80, 395, 559.92]
[80, 396, 559.4325]
[80, 397, 559.0775]
[80, 398, 558.6725]
[80, 399, 558.21]
[80, 400, 557.67]
[80, 401, 557.135]
[80, 402, 556.6575]
[80, 403, 556.2525]
[80, 404, 555.8975]
[80, 405, 555.4375]
[80, 406, 554.815]
[80, 407, 554.3425]
[80, 408, 553.7675]
[80, 409, 553.145]
[80, 410, 552.55]
[80, 411, 552.055]
[80, 412, 551.61]
[80, 413, 551.2025]
[80, 414, 550.6525]
[80, 415, 550.055]
[80, 416, 549.73]
[80, 417, 549.8425]
[80, 418, 549.9725]
[80, 419, 549.9175]
[80, 420, 549.7875]
[80, 421, 549.6825]
[80, 422, 549.8125]
[80, 423, 549.785]
[80, 424, 549.735]
[80, 425, 549.5575]
[80, 426, 549.2925]
[80, 427, 549.035]
[80, 428, 548.61]
[80, 429, 547.9725]
[80, 430, 547.185]
[80, 431, 545.5875]
[80, 432, 543.94]
[80, 433, 543.885]
[80, 434, 544.2325]
[80, 435, 544.285]
[80, 436, 544.495]
[80, 437, 544.7775]
[80, 438, 544.8975]
[80, 439, 544.4575]
[80, 440, 543.525]
[80, 441, 542.4225]
[80, 442, 541.6949999999999]
[80, 443, 540.9425]
[80, 444, 540.2725]
[80, 445, 539.88]
[80, 446, 539.7149999999999]
[80, 447, 540.0799999999999]
[80, 448, 540.5325]
[80, 449, 540.585]
[80, 450, 540.4325]
[80, 451, 540.395]
[80, 452, 540.345]
[80, 453, 540.1800000000001]
[80, 454, 539.7825]
[80, 455, 539.365]
[80, 456, 538.925]
[80, 457, 538.4375]
[80, 458, 537.7225000000001]
[80, 459, 536.5174999999999]
[80, 460, 535.23]
[80, 461, 534.0550000000001]
[80, 462, 532.9125]
[80, 463, 531.7725]
[80, 464, 530.685]
[80, 465, 529.635]
[80, 466, 528.6324999999999]
[80, 467, 527.585]
[80, 468, 526.6949999999999]
[80, 469, 525.6825]
[80, 470, 524.79]
[80, 471, 523.81]
[80, 472, 522.5425]
[80, 473, 521.2225000000001]
[80, 474, 520.7425000000001]
[80, 475, 521.6324999999999]
[80, 476, 522.6]
[80, 477, 523.1324999999999]
[80, 478, 523.3425]
[80, 479, 523.5325]
[80, 480, 523.825]
[80, 481, 524.11]
[80, 482, 524.1375]
[80, 483, 524.1075000000001]
[80, 484, 524.1700000000001]
[80, 485, 524.6125]
[80, 486, 524.8575000000001]
[80, 487, 525.1025]
[80, 488, 525.78]
[80, 489, 526.415]
[80, 490, 526.5274999999999]
[80, 491, 526.38]
[80, 492, 526.5525]
[80, 493, 526.5450000000001]
[80, 494, 526.405]
[80, 495, 526.0525]
[80, 496, 525.9775]
[80, 497, 525.9875]
[80, 498, 525.745]
[80, 499, 525.3399999999999]
[90, 499, 532.3725]
[90, 498, 532.2875]
[90, 497, 532.1625]
[90, 496, 532.4024999999999]
[90, 495, 532.855]
[90, 494, 533.06]
[90, 493, 533.115]
[90, 492, 533.315]
[90, 491, 533.51]
[90, 490, 533.7774999999999]
[90, 489, 534.095]
[90, 488, 534.3225]
[90, 487, 534.2850000000001]
[90, 486, 534.2774999999999]
[90, 485, 534.39]
[90, 484, 534.6275]
[90, 483, 534.7325000000001]
[90, 482, 534.8025]
[90, 481, 534.935]
[90, 480, 534.9525]
[90, 479, 534.995]
[90, 478, 535.0450000000001]
[90, 477, 534.9225]
[90, 476, 534.5125]
[90, 475, 533.6175000000001]
[90, 474, 532.4475]
[90, 473, 531.8125]
[90, 472, 531.29]
[90, 471, 531.605]
[90, 470, 532.0775]
[90, 469, 532.4825000000001]
[90, 468, 532.8225]
[90, 467, 533.3475000000001]
[90, 466, 533.985]
[90, 465, 534.6575]
[90, 464, 535.3325]
[90, 463, 536.1324999999999]
[90, 462, 536.74]
[90, 461, 537.1424999999999]
[90, 460, 537.385]
[90, 459, 537.5450000000001]
[90, 458, 538.23]
[90, 457, 539.64]
[90, 456, 541.3199999999999]
[90, 455, 542.4675]
[90, 454, 543.105]
[90, 453, 543.46]
[90, 452, 543.8625]
[90, 451, 544.2175]
[90, 450, 544.33]
[90, 449, 544.345]
[90, 448, 544.755]
[90, 447, 545.26]
[90, 446, 545.7175]
[90, 445, 546.1175]
[90, 444, 546.465]
[90, 443, 546.7825]
[90, 442, 547.1075]
[90, 441, 547.5975]
[90, 440, 547.8325]
[90, 439, 548.0575]
[90, 438, 548.3375]
[90, 437, 548.6175]
[90, 436, 548.8875]
[90, 435, 549.1]
[90, 434, 549.2625]
[90, 433, 549.56]
[90, 432, 549.88]
[90, 431, 550.225]
[90, 430, 550.5375]
[90, 429, 550.5775]
[90, 428, 550.715]
[90, 427, 550.73]
[90, 426, 550.75]
[90, 425, 550.6725]
[90, 424, 550.37]
[90, 423, 550.1525]
[90, 422, 550.725]
[90, 421, 551.6225]
[90, 420, 552.5825]
[90, 419, 553.45]
[90, 418, 553.905]
[90, 417, 554.2975]
[90, 416, 554.6575]
[90, 415, 554.815]
[90, 414, 555.1525]
[90, 413, 555.505]
[90, 412, 555.7025]
[90, 411, 555.885]
[90, 410, 556.0275]
[90, 409, 556.225]
[90, 408, 556.5175]
[90, 407, 556.9475]
[90, 406, 557.3875]
[90, 405, 557.79]
[90, 404, 558.1675]
[90, 403, 558.4125]
[90, 402, 558.695]
[90, 401, 558.91]
[90, 400, 559.215]
[90, 399, 559.6325]
[90, 398, 560.075]
[90, 397, 560.5425]
[90, 396, 561.0025]
[90, 395, 561.395]
[90, 394, 561.7875]
[90, 393, 562.045]
[90, 392, 562.3225]
[90, 391, 562.625]
[90, 390, 562.975]
[90, 389, 563.425]
[90, 388, 563.91]
[90, 387, 564.365]
[90, 386, 564.6825]
[90, 385, 565.025]
[90, 384, 565.4225]
[90, 383, 565.78]
[90, 382, 566.1975]
[90, 381, 566.65]
[90, 380, 567.085]
[90, 379, 567.5275]
[90, 378, 568.0175]
[90, 377, 568.6275]
[90, 376, 569.3125]
[90, 375, 570.0]
[90, 374, 570.7875]
[90, 373, 571.4675]
[90, 372, 571.9975]
[90, 371, 572.4775]
[90, 370, 572.975]
[90, 369, 573.4825]
[90, 368, 573.915]
[90, 367, 574.3475]
[90, 366, 574.7625]
[90, 365, 575.1]
[90, 364, 575.45]
[90, 363, 575.7825]
[90, 362, 576.095]
[90, 361, 576.3725]
[90, 360, 576.6125]
[90, 359, 576.9625]
[90, 358, 577.2525]
[90, 357, 577.5575]
[90, 356, 577.905]
[90, 355, 578.2675]
[90, 354, 578.765]
[90, 353, 579.28]
[90, 352, 579.875]
[90, 351, 580.53]
[90, 350, 581.0675]
[90, 349, 581.6375]
[90, 348, 582.08]
[90, 347, 582.3875]
[90, 346, 582.8725]
[90, 345, 583.42]
[90, 344, 583.8925]
[90, 343, 584.3225]
[90, 342, 584.6825]
[90, 341, 585.0625]
[90, 340, 585.415]
[90, 339, 585.6975]
[90, 338, 586.025]
[90, 337, 586.4175]
[90, 336, 586.8025]
[90, 335, 587.2225]
[90, 334, 587.635]
[90, 333, 588.0025]
[90, 332, 588.2475]
[90, 331, 588.615]
[90, 330, 588.9425]
[90, 329, 589.2675]
[90, 328, 589.6625]
[90, 327, 590.0475]
[90, 326, 590.4125]
[90, 325, 590.7825]
[90, 324, 591.11]
[90, 323, 591.4425]
[90, 322, 591.7675]
[90, 321, 592.0375]
[90, 320, 592.375]
[90, 319, 592.68]
[90, 318, 593.0125]
[90, 317, 593.2525]
[90, 316, 593.58]
[90, 315, 593.7875]
[90, 314, 594.0125]
[90, 313, 594.285]
[90, 312, 594.5275]
[90, 311, 594.96]
[90, 310, 595.4525]
[90, 309, 595.8525]
[90, 308, 596.25]
[90, 307, 596.665]
[90, 306, 597.18]
[90, 305, 597.8275]
[90, 304, 598.5875]
[90, 303, 599.48]
[90, 302, 600.37]
[90, 301, 601.2]
[90, 300, 601.985]
[90, 299, 602.7125]
[90, 298, 603.4175]
[90, 297, 604.03]
[90, 296, 604.55]
[90, 295, 605.045]
[90, 294, 605.4525]
[90, 293, 605.8925]
[90, 292, 606.28]
[90, 291, 606.6875]
[90, 290, 607.24]
[90, 289, 607.68]
[90, 288, 608.19]
[90, 287, 608.67]
[90, 286, 609.28]
[90, 285, 609.9925]
[90, 284, 610.7075]
[90, 283, 611.3775]
[90, 282, 612.015]
[90, 281, 612.54]
[90, 280, 612.975]
[90, 279, 613.39]
[90, 278, 613.9]
[90, 277, 614.4975]
[90, 276, 615.055]
[90, 275, 615.54]
[90, 274, 615.9975]
[90, 273, 616.53]
[90, 272, 617.0525]
[90, 271, 617.755]
[90, 270, 618.4625]
[90, 269, 619.17]
[90, 268, 619.885]
[90, 267, 620.525]
[90, 266, 621.035]
[90, 265, 621.47]
[90, 264, 621.985]
[90, 263, 622.5575]
[90, 262, 623.045]
[90, 261, 623.5725]
[90, 260, 624.12]
[90, 259, 624.6275]
[90, 258, 625.17]
[90, 257, 625.7325]
[90, 256, 626.34]
[90, 255, 626.9175]
[90, 254, 627.45]
[90, 253, 628.035]
[90, 252, 628.575]
[90, 251, 629.09]
[90, 250, 629.74]
[90, 249, 630.3875]
[90, 248, 631.1075]
[90, 247, 631.825]
[90, 246, 632.465]
[90, 245, 633.09]
[90, 244, 633.6475]
[90, 243, 634.125]
[90, 242, 634.64]
[90, 241, 635.2275]
[90, 240, 635.8075]
[90, 239, 636.43]
[90, 238, 637.07]
[90, 237, 637.635]
[90, 236, 638.25]
[90, 235, 638.8525]
[90, 234, 639.4425]
[90, 233, 639.9825]
[90, 232, 640.52]
[90, 231, 641.1375]
[90, 230, 641.735]
[90, 229, 642.42]
[90, 228, 643.0625]
[90, 227, 643.755]
[90, 226, 644.415]
[90, 225, 645.0725]
[90, 224, 645.7375]
[90, 223, 646.34]
[90, 222, 646.9425]
[90, 221, 647.5625]
[90, 220, 648.1825]
[90, 219, 649.05]
[90, 218, 649.9275]
[90, 217, 650.7275]
[90, 216, 651.48]
[90, 215, 652.185]
[90, 214, 652.775]
[90, 213, 653.41]
[90, 212, 654.055]
[90, 211, 654.66]
[90, 210, 655.3325]
[90, 209, 656.02]
[90, 208, 656.6175]
[90, 207, 657.225]
[90, 206, 657.8975]
[90, 205, 658.485]
[90, 204, 659.0775]
[90, 203, 659.605]
[90, 202, 660.0625]
[90, 201, 660.6175]
[90, 200, 661.3675]
[90, 199, 662.07]
[90, 198, 662.6625]
[90, 197, 663.2875]
[90, 196, 663.9575]
[90, 195, 664.6975]
[90, 194, 665.3525]
[90, 193, 666.0575]
[90, 192, 666.755]
[90, 191, 667.4775]
[90, 190, 668.2025]
[90, 189, 668.9075]
[90, 188, 669.5425]
[90, 187, 670.24]
[90, 186, 671.0175]
[90, 185, 671.7575]
[90, 184, 672.5925]
[90, 183, 673.3075]
[90, 182, 674.0]
[90, 181, 674.6425]
[90, 180, 675.2875]
[90, 179, 676.02]
[90, 178, 676.58]
[90, 177, 677.08]
[90, 176, 677.5725]
[90, 175, 678.075]
[90, 174, 678.625]
[90, 173, 679.28]
[90, 172, 680.01]
[90, 171, 680.6275]
[90, 170, 681.1375]
[90, 169, 681.67]
[90, 168, 682.2525]
[90, 167, 682.7975]
[90, 166, 683.3075]
[90, 165, 683.8125]
[90, 164, 684.2725]
[90, 163, 684.7275]
[90, 162, 685.0975]
[90, 161, 685.5525]
[90, 160, 686.0325]
[90, 159, 686.51]
[90, 158, 687.005]
[90, 157, 687.4975]
[90, 156, 688.2475]
[90, 155, 688.9725]
[90, 154, 689.6075]
[90, 153, 690.17]
[90, 152, 690.8325]
[90, 151, 691.485]
[90, 150, 692.1475]
[90, 149, 692.84]
[90, 148, 693.4425]
[90, 147, 694.23]
[90, 146, 695.035]
[90, 145, 695.7425]
[90, 144, 696.4825]
[90, 143, 697.0875]
[90, 142, 697.7125]
[90, 141, 698.375]
[90, 140, 699.055]
[90, 139, 699.5825]
[90, 138, 700.2175]
[90, 137, 700.69]
[90, 136, 701.125]
[90, 135, 701.865]
[90, 134, 702.68]
[90, 133, 703.42]
[90, 132, 704.095]
[90, 131, 704.755]
[90, 130, 705.38]
[90, 129, 705.9025]
[90, 128, 706.335]
[90, 127, 706.7975]
[90, 126, 707.2725]
[90, 125, 707.88]
[90, 124, 708.58]
[90, 123, 709.4525]
[90, 122, 710.2975]
[90, 121, 711.065]
[90, 120, 711.755]
[90, 119, 712.41]
[90, 118, 713.1425]
[90, 117, 713.87]
[90, 116, 714.505]
[90, 115, 715.1775]
[90, 114, 715.775]
[90, 113, 716.31]
[90, 112, 717.01]
[90, 111, 717.68]
[90, 110, 718.4625]
[90, 109, 719.2025]
[90, 108, 720.0075]
[90, 107, 720.815]
[90, 106, 721.61]
[90, 105, 722.2725]
[90, 104, 722.91]
[90, 103, 723.62]
[90, 102, 724.3825]
[90, 101, 725.205]
[90, 100, 726.0275]
[90, 99, 726.81]
[90, 98, 727.5975]
[90, 97, 728.3425]
[90, 96, 728.995]
[90, 95, 729.635]
[90, 94, 730.44]
[90, 93, 731.2525]
[90, 92, 732.0975]
[90, 91, 732.8525]
[90, 90, 733.5575]
[90, 89, 734.3875]
[90, 88, 734.9525]
[90, 87, 735.715]
[90, 86, 736.4625]
[90, 85, 737.1075]
[90, 84, 737.785]
[90, 83, 738.4075]
[90, 82, 739.01]
[90, 81, 739.655]
[90, 80, 740.175]
[90, 79, 740.75]
[90, 78, 741.3525]
[90, 77, 741.8975]
[90, 76, 742.45]
[90, 75, 742.9575]
[90, 74, 743.485]
[90, 73, 744.1525]
[90, 72, 744.7425]
[90, 71, 745.28]
[90, 70, 745.945]
[90, 69, 746.6775]
[90, 68, 747.335]
[90, 67, 747.9775]
[90, 66, 748.7525]
[90, 65, 749.4125]
[90, 64, 750.0475]
[90, 63, 750.75]
[90, 62, 751.36]
[90, 61, 751.9875]
[90, 60, 752.5725]
[90, 59, 753.2275]
[90, 58, 753.825]
[90, 57, 754.4075]
[90, 56, 754.94]
[90, 55, 755.44]
[90, 54, 755.9375]
[90, 53, 756.4325]
[90, 52, 756.9075]
[90, 51, 757.4675]
[90, 50, 758.0075]
[90, 49, 758.505]
[90, 48, 759.015]
[90, 47, 759.56]
[90, 46, 760.0275]
[90, 45, 760.4675]
[90, 44, 761.01]
[90, 43, 761.54]
[90, 42, 762.045]
[90, 41, 762.4575]
[90, 40, 762.88]
[90, 39, 763.3075]
[90, 38, 763.745]
[90, 37, 764.17]
[90, 36, 764.615]
[90, 35, 765.0725]
[90, 34, 765.545]
[90, 33, 766.2425]
[90, 32, 766.9]
[90, 31, 767.42]
[90, 30, 767.99]
[90, 29, 768.6025]
[90, 28, 769.1075]
[90, 27, 769.585]
[90, 26, 770.1]
[90, 25, 770.6025]
[90, 24, 771.1425]
[90, 23, 771.635]
[90, 22, 772.09]
[90, 21, 772.5425]
[90, 20, 773.0825]
[90, 19, 773.615]
[90, 18, 774.08]
[90, 17, 774.6]
[90, 16, 775.0575]
[90, 15, 775.4575]
[90, 14, 775.8925]
[90, 13, 776.3375]
[90, 12, 776.7975]
[90, 11, 777.2875]
[90, 10, 777.7475]
[90, 9, 778.2425]
[90, 8, 778.6925]
[90, 7, 779.0925]
[90, 6, 779.485]
[90, 5, 779.995]
[90, 4, 780.555]
[90, 3, 781.175]
[90, 2, 781.75]
[90, 1, 782.3]
[90, 0, 782.8975]
[100, 0, 786.7125]
[100, 1, 786.16]
[100, 2, 785.5825]
[100, 3, 785.0325]
[100, 4, 784.495]
[100, 5, 783.92]
[100, 6, 783.335]
[100, 7, 782.7175]
[100, 8, 782.125]
[100, 9, 781.5825]
[100, 10, 781.1]
[100, 11, 780.67]
[100, 12, 780.215]
[100, 13, 779.805]
[100, 14, 779.39]
[100, 15, 778.9925]
[100, 16, 778.5225]
[100, 17, 778.0375]
[100, 18, 777.48]
[100, 19, 776.96]
[100, 20, 776.455]
[100, 21, 775.9275]
[100, 22, 775.44]
[100, 23, 774.96]
[100, 24, 774.4725]
[100, 25, 773.97]
[100, 26, 773.555]
[100, 27, 773.1125]
[100, 28, 772.625]
[100, 29, 772.2]
[100, 30, 771.755]
[100, 31, 771.315]
[100, 32, 770.815]
[100, 33, 770.2325]
[100, 34, 769.62]
[100, 35, 768.9725]
[100, 36, 768.345]
[100, 37, 767.7125]
[100, 38, 767.065]
[100, 39, 766.595]
[100, 40, 766.075]
[100, 41, 765.63]
[100, 42, 765.245]
[100, 43, 764.79]
[100, 44, 764.305]
[100, 45, 763.8]
[100, 46, 763.2825]
[100, 47, 762.74]
[100, 48, 762.2425]
[100, 49, 761.8025]
[100, 50, 761.3375]
[100, 51, 760.84]
[100, 52, 760.355]
[100, 53, 759.835]
[100, 54, 759.405]
[100, 55, 758.9425]
[100, 56, 758.4225]
[100, 57, 757.87]
[100, 58, 757.3225]
[100, 59, 756.8225]
[100, 60, 756.33]
[100, 61, 755.83]
[100, 62, 755.2625]
[100, 63, 754.62]
[100, 64, 753.95]
[100, 65, 753.3275]
[100, 66, 752.685]
[100, 67, 752.165]
[100, 68, 751.5775]
[100, 69, 750.9725]
[100, 70, 750.315]
[100, 71, 749.6175]
[100, 72, 749.0175]
[100, 73, 748.3725]
[100, 74, 747.69]
[100, 75, 747.01]
[100, 76, 746.3425]
[100, 77, 745.825]
[100, 78, 745.31]
[100, 79, 744.7175]
[100, 80, 744.1175]
[100, 81, 743.6125]
[100, 82, 743.055]
[100, 83, 742.5175]
[100, 84, 741.985]
[100, 85, 741.4375]
[100, 86, 740.815]
[100, 87, 740.2625]
[100, 88, 739.6725]
[100, 89, 738.995]
[100, 90, 738.3175]
[100, 91, 737.6175]
[100, 92, 736.94]
[100, 93, 736.215]
[100, 94, 735.4925]
[100, 95, 734.8]
[100, 96, 734.0525]
[100, 97, 733.3325]
[100, 98, 732.555]
[100, 99, 731.81]
[100, 100, 731.0575]
[100, 101, 730.245]
[100, 102, 729.405]
[100, 103, 728.6375]
[100, 104, 727.9325]
[100, 105, 727.2325]
[100, 106, 726.4325]
[100, 107, 725.6575]
[100, 108, 724.9375]
[100, 109, 724.275]
[100, 110, 723.5475]
[100, 111, 722.785]
[100, 112, 721.9375]
[100, 113, 721.2475]
[100, 114, 720.5925]
[100, 115, 719.9625]
[100, 116, 719.2875]
[100, 117, 718.5725]
[100, 118, 717.8225]
[100, 119, 716.96]
[100, 120, 716.175]
[100, 121, 715.4725]
[100, 122, 714.7825]
[100, 123, 714.085]
[100, 124, 713.42]
[100, 125, 712.8575]
[100, 126, 712.28]
[100, 127, 711.7175]
[100, 128, 711.1675]
[100, 129, 710.565]
[100, 130, 709.865]
[100, 131, 709.1375]
[100, 132, 708.3875]
[100, 133, 707.6775]
[100, 134, 707.0175]
[100, 135, 706.495]
[100, 136, 705.96]
[100, 137, 705.37]
[100, 138, 704.79]
[100, 139, 704.105]
[100, 140, 703.3375]
[100, 141, 702.455]
[100, 142, 701.665]
[100, 143, 701.04]
[100, 144, 700.475]
[100, 145, 699.915]
[100, 146, 699.32]
[100, 147, 698.7]
[100, 148, 698.045]
[100, 149, 697.445]
[100, 150, 696.8]
[100, 151, 696.195]
[100, 152, 695.5575]
[100, 153, 694.8525]
[100, 154, 694.1225]
[100, 155, 693.3175]
[100, 156, 692.625]
[100, 157, 692.0775]
[100, 158, 691.5175]
[100, 159, 690.8975]
[100, 160, 690.3675]
[100, 161, 689.8275]
[100, 162, 689.2475]
[100, 163, 688.7775]
[100, 164, 688.2925]
[100, 165, 687.8075]
[100, 166, 687.32]
[100, 167, 686.8825]
[100, 168, 686.3125]
[100, 169, 685.5975]
[100, 170, 684.98]
[100, 171, 684.435]
[100, 172, 683.9775]
[100, 173, 683.36]
[100, 174, 682.745]
[100, 175, 682.075]
[100, 176, 681.385]
[100, 177, 680.6775]
[100, 178, 680.1125]
[100, 179, 679.5825]
[100, 180, 679.0]
[100, 181, 678.3425]
[100, 182, 677.685]
[100, 183, 677.1325]
[100, 184, 676.5575]
[100, 185, 675.995]
[100, 186, 675.3775]
[100, 187, 674.795]
[100, 188, 674.31]
[100, 189, 673.735]
[100, 190, 673.105]
[100, 191, 672.3925]
[100, 192, 671.64]
[100, 193, 670.865]
[100, 194, 670.205]
[100, 195, 669.5975]
[100, 196, 668.9975]
[100, 197, 668.3575]
[100, 198, 667.7025]
[100, 199, 666.9625]
[100, 200, 666.19]
[100, 201, 665.4475]
[100, 202, 664.8625]
[100, 203, 664.3675]
[100, 204, 663.7975]
[100, 205, 663.1275]
[100, 206, 662.375]
[100, 207, 661.6175]
[100, 208, 660.995]
[100, 209, 660.435]
[100, 210, 659.7975]
[100, 211, 659.24]
[100, 212, 658.5625]
[100, 213, 657.8975]
[100, 214, 657.3225]
[100, 215, 656.7075]
[100, 216, 656.1125]
[100, 217, 655.545]
[100, 218, 654.9525]
[100, 219, 654.2275]
[100, 220, 653.5025]
[100, 221, 652.8075]
[100, 222, 652.0175]
[100, 223, 651.2125]
[100, 224, 650.43]
[100, 225, 649.7125]
[100, 226, 649.0325]
[100, 227, 648.3475]
[100, 228, 647.7275]
[100, 229, 647.0925]
[100, 230, 646.305]
[100, 231, 645.5675]
[100, 232, 644.88]
[100, 233, 644.2625]
[100, 234, 643.8125]
[100, 235, 643.3375]
[100, 236, 642.8275]
[100, 237, 642.24]
[100, 238, 641.69]
[100, 239, 641.02]
[100, 240, 640.2525]
[100, 241, 639.5375]
[100, 242, 638.765]
[100, 243, 638.1425]
[100, 244, 637.55]
[100, 245, 636.91]
[100, 246, 636.29]
[100, 247, 635.6425]
[100, 248, 635.11]
[100, 249, 634.6375]
[100, 250, 634.1575]
[100, 251, 633.645]
[100, 252, 633.185]
[100, 253, 632.5725]
[100, 254, 631.905]
[100, 255, 631.265]
[100, 256, 630.6025]
[100, 257, 630.015]
[100, 258, 629.4875]
[100, 259, 629.0275]
[100, 260, 628.595]
[100, 261, 628.1125]
[100, 262, 627.6075]
[100, 263, 627.1225]
[100, 264, 626.58]
[100, 265, 626.03]
[100, 266, 625.3975]
[100, 267, 624.855]
[100, 268, 624.2025]
[100, 269, 623.5]
[100, 270, 622.8275]
[100, 271, 622.1375]
[100, 272, 621.52]
[100, 273, 620.8825]
[100, 274, 620.215]
[100, 275, 619.6875]
[100, 276, 619.2175]
[100, 277, 618.6425]
[100, 278, 618.0725]
[100, 279, 617.4475]
[100, 280, 616.86]
[100, 281, 616.2425]
[100, 282, 615.585]
[100, 283, 614.96]
[100, 284, 614.1575]
[100, 285, 613.445]
[100, 286, 612.94]
[100, 287, 612.54]
[100, 288, 612.05]
[100, 289, 611.5125]
[100, 290, 610.935]
[100, 291, 610.5275]
[100, 292, 610.21]
[100, 293, 609.865]
[100, 294, 609.46]
[100, 295, 609.1275]
[100, 296, 608.5625]
[100, 297, 607.9725]
[100, 298, 607.415]
[100, 299, 606.5775]
[100, 300, 605.6925]
[100, 301, 604.73]
[100, 302, 603.725]
[100, 303, 602.9025]
[100, 304, 602.1425]
[100, 305, 601.4575]
[100, 306, 600.9325]
[100, 307, 600.4075]
[100, 308, 599.955]
[100, 309, 599.4075]
[100, 310, 598.895]
[100, 311, 598.5225]
[100, 312, 598.195]
[100, 313, 597.8675]
[100, 314, 597.5025]
[100, 315, 597.12]
[100, 316, 596.775]
[100, 317, 596.47]
[100, 318, 596.1575]
[100, 319, 595.815]
[100, 320, 595.44]
[100, 321, 594.99]
[100, 322, 594.6275]
[100, 323, 594.2025]
[100, 324, 593.6275]
[100, 325, 593.3775]
[100, 326, 593.025]
[100, 327, 592.775]
[100, 328, 592.535]
[100, 329, 592.1425]
[100, 330, 591.6825]
[100, 331, 591.345]
[100, 332, 591.0625]
[100, 333, 590.72]
[100, 334, 590.325]
[100, 335, 589.86]
[100, 336, 589.3275]
[100, 337, 588.9625]
[100, 338, 588.7375]
[100, 339, 588.6175]
[100, 340, 588.29]
[100, 341, 587.87]
[100, 342, 587.4575]
[100, 343, 586.9675]
[100, 344, 586.545]
[100, 345, 586.0]
[100, 346, 585.445]
[100, 347, 584.8525]
[100, 348, 584.285]
[100, 349, 583.785]
[100, 350, 583.27]
[100, 351, 582.665]
[100, 352, 581.9925]
[100, 353, 581.45]
[100, 354, 580.99]
[100, 355, 580.4775]
[100, 356, 579.94]
[100, 357, 579.4225]
[100, 358, 579.03]
[100, 359, 578.6975]
[100, 360, 578.455]
[100, 361, 578.195]
[100, 362, 577.9]
[100, 363, 577.6225]
[100, 364, 577.2775]
[100, 365, 576.995]
[100, 366, 576.5475]
[100, 367, 576.0425]
[100, 368, 575.5475]
[100, 369, 574.98]
[100, 370, 574.4425]
[100, 371, 573.92]
[100, 372, 573.4825]
[100, 373, 573.0425]
[100, 374, 572.545]
[100, 375, 572.055]
[100, 376, 571.61]
[100, 377, 571.1]
[100, 378, 570.5725]
[100, 379, 570.1825]
[100, 380, 569.7275]
[100, 381, 569.21]
[100, 382, 568.63]
[100, 383, 568.1575]
[100, 384, 567.735]
[100, 385, 567.33]
[100, 386, 566.915]
[100, 387, 566.5875]
[100, 388, 566.2125]
[100, 389, 565.73]
[100, 390, 565.315]
[100, 391, 564.9]
[100, 392, 564.415]
[100, 393, 563.9125]
[100, 394, 563.4]
[100, 395, 562.9675]
[100, 396, 562.575]
[100, 397, 562.195]
[100, 398, 561.77]
[100, 399, 561.3875]
[100, 400, 561.105]
[100, 401, 560.785]
[100, 402, 560.4225]
[100, 403, 560.27]
[100, 404, 560.12]
[100, 405, 559.8925]
[100, 406, 559.575]
[100, 407, 559.0575]
[100, 408, 558.4925]
[100, 409, 557.8975]
[100, 410, 557.255]
[100, 411, 556.9925]
[100, 412, 556.72]
[100, 413, 556.9675]
[100, 414, 557.545]
[100, 415, 557.81]
[100, 416, 557.785]
[100, 417, 557.6]
[100, 418, 557.4375]
[100, 419, 557.185]
[100, 420, 556.87]
[100, 421, 556.605]
[100, 422, 556.3675]
[100, 423, 556.0375]
[100, 424, 555.645]
[100, 425, 555.245]
[100, 426, 554.6025]
[100, 427, 554.065]
[100, 428, 553.645]
[100, 429, 553.215]
[100, 430, 552.76]
[100, 431, 552.2925]
[100, 432, 551.76]
[100, 433, 551.4175]
[100, 434, 551.07]
[100, 435, 550.7025]
[100, 436, 550.275]
[100, 437, 550.085]
[100, 438, 550.015]
[100, 439, 549.935]
[100, 440, 549.765]
[100, 441, 549.62]
[100, 442, 549.4325]
[100, 443, 549.27]
[100, 444, 549.0475]
[100, 445, 548.7425]
[100, 446, 548.4275]
[100, 447, 547.9125]
[100, 448, 547.4175]
[100, 449, 547.0925]
[100, 450, 546.6925]
[100, 451, 546.455]
[100, 452, 546.2475]
[100, 453, 546.0225]
[100, 454, 546.0775]
[100, 455, 546.245]
[100, 456, 545.9275]
[100, 457, 545.3925]
[100, 458, 544.6525]
[100, 459, 543.8825]
[100, 460, 543.105]
[100, 461, 542.3075]
[100, 462, 541.9325]
[100, 463, 541.8675000000001]
[100, 464, 541.12]
[100, 465, 540.5825]
[100, 466, 540.1275]
[100, 467, 540.1949999999999]
[100, 468, 540.5799999999999]
[100, 469, 540.9875]
[100, 470, 541.4200000000001]
[100, 471, 541.8625]
[100, 472, 542.2875]
[100, 473, 542.4925]
[100, 474, 542.49]
[100, 475, 542.45]
[100, 476, 542.34]
[100, 477, 542.21]
[100, 478, 542.015]
[100, 479, 541.79]
[100, 480, 541.7125]
[100, 481, 541.6025]
[100, 482, 541.4825000000001]
[100, 483, 541.2774999999999]
[100, 484, 540.7375]
[100, 485, 540.3225]
[100, 486, 540.615]
[100, 487, 540.6675]
[100, 488, 540.36]
[100, 489, 540.1875]
[100, 490, 540.0225]
[100, 491, 539.81]
[100, 492, 539.7425000000001]
[100, 493, 539.615]
[100, 494, 539.3325]
[100, 495, 539.3]
[100, 496, 539.4024999999999]
[100, 497, 539.4125]
[100, 498, 539.3025]
[100, 499, 539.0975000000001]
[110, 499, 544.48]
[110, 498, 544.4875]
[110, 497, 544.785]
[110, 496, 545.0125]
[110, 495, 545.2225]
[110, 494, 545.35]
[110, 493, 545.2625]
[110, 492, 545.46]
[110, 491, 545.76]
[110, 490, 545.7775]
[110, 489, 545.9425]
[110, 488, 546.095]
[110, 487, 546.1275]
[110, 486, 546.275]
[110, 485, 546.62]
[110, 484, 546.8]
[110, 483, 546.5225]
[110, 482, 546.3575]
[110, 481, 546.5725]
[110, 480, 546.665]
[110, 479, 546.895]
[110, 478, 547.0125]
[110, 477, 547.3125]
[110, 476, 547.46]
[110, 475, 547.7225]
[110, 474, 547.7775]
[110, 473, 547.635]
[110, 472, 547.615]
[110, 471, 547.6675]
[110, 470, 547.495]
[110, 469, 547.175]
[110, 468, 547.1225]
[110, 467, 547.285]
[110, 466, 547.31]
[110, 465, 547.025]
[110, 464, 546.615]
[110, 463, 546.66]
[110, 462, 546.9475]
[110, 461, 547.055]
[110, 460, 547.1375]
[110, 459, 547.0975]
[110, 458, 547.0175]
[110, 457, 547.4575]
[110, 456, 548.28]
[110, 455, 548.8425]
[110, 454, 549.2275]
[110, 453, 549.5125]
[110, 452, 549.72]
[110, 451, 550.07]
[110, 450, 550.43]
[110, 449, 550.9425]
[110, 448, 551.43]
[110, 447, 551.73]
[110, 446, 551.9275]
[110, 445, 552.03]
[110, 444, 551.7075]
[110, 443, 551.4325]
[110, 442, 551.7575]
[110, 441, 552.755]
[110, 440, 553.41]
[110, 439, 553.8425]
[110, 438, 554.0275]
[110, 437, 554.185]
[110, 436, 554.4625]
[110, 435, 554.785]
[110, 434, 555.1475]
[110, 433, 555.4725]
[110, 432, 555.7525]
[110, 431, 555.9125]
[110, 430, 556.1925]
[110, 429, 556.5475]
[110, 428, 556.91]
[110, 427, 557.2675]
[110, 426, 557.645]
[110, 425, 557.94]
[110, 424, 558.29]
[110, 423, 558.6525]
[110, 422, 558.975]
[110, 421, 559.3075]
[110, 420, 559.64]
[110, 419, 559.885]
[110, 418, 560.22]
[110, 417, 560.5]
[110, 416, 560.7925]
[110, 415, 561.0975]
[110, 414, 561.28]
[110, 413, 561.3825]
[110, 412, 561.7325]
[110, 411, 561.865]
[110, 410, 561.93]
[110, 409, 562.165]
[110, 408, 562.3825]
[110, 407, 562.555]
[110, 406, 562.54]
[110, 405, 562.5725]
[110, 404, 562.955]
[110, 403, 563.4025]
[110, 402, 563.65]
[110, 401, 563.68]
[110, 400, 563.6125]
[110, 399, 563.56]
[110, 398, 563.96]
[110, 397, 564.525]
[110, 396, 564.9175]
[110, 395, 565.65]
[110, 394, 566.4725]
[110, 393, 566.9925]
[110, 392, 567.285]
[110, 391, 567.4625]
[110, 390, 567.6425]
[110, 389, 567.905]
[110, 388, 568.3375]
[110, 387, 568.75]
[110, 386, 569.1925]
[110, 385, 569.605]
[110, 384, 570.06]
[110, 383, 570.6075]
[110, 382, 571.1]
[110, 381, 571.56]
[110, 380, 572.025]
[110, 379, 572.5275]
[110, 378, 572.895]
[110, 377, 573.4225]
[110, 376, 573.9975]
[110, 375, 574.5875]
[110, 374, 575.1475]
[110, 373, 575.675]
[110, 372, 576.3025]
[110, 371, 576.815]
[110, 370, 577.27]
[110, 369, 577.7975]
[110, 368, 578.345]
[110, 367, 578.86]
[110, 366, 579.315]
[110, 365, 579.7825]
[110, 364, 580.245]
[110, 363, 580.5925]
[110, 362, 580.93]
[110, 361, 581.265]
[110, 360, 581.7475]
[110, 359, 582.23]
[110, 358, 582.58]
[110, 357, 582.9925]
[110, 356, 583.5575]
[110, 355, 584.17]
[110, 354, 584.7675]
[110, 353, 585.3]
[110, 352, 585.835]
[110, 351, 586.2875]
[110, 350, 586.88]
[110, 349, 587.425]
[110, 348, 587.8825]
[110, 347, 588.35]
[110, 346, 588.8125]
[110, 345, 589.29]
[110, 344, 589.7325]
[110, 343, 590.0675]
[110, 342, 590.45]
[110, 341, 590.8625]
[110, 340, 591.155]
[110, 339, 591.47]
[110, 338, 591.8825]
[110, 337, 592.16]
[110, 336, 592.5925]
[110, 335, 592.9925]
[110, 334, 593.2925]
[110, 333, 593.525]
[110, 332, 593.82]
[110, 331, 594.2225]
[110, 330, 594.5675]
[110, 329, 594.895]
[110, 328, 595.2325]
[110, 327, 595.4725]
[110, 326, 595.7425]
[110, 325, 595.9625]
[110, 324, 596.275]
[110, 323, 596.535]
[110, 322, 596.88]
[110, 321, 597.1375]
[110, 320, 597.4825]
[110, 319, 597.9025]
[110, 318, 598.325]
[110, 317, 598.785]
[110, 316, 599.15]
[110, 315, 599.49]
[110, 314, 599.815]
[110, 313, 600.21]
[110, 312, 600.6825]
[110, 311, 601.3425]
[110, 310, 602.1875]
[110, 309, 602.9575]
[110, 308, 603.69]
[110, 307, 604.3625]
[110, 306, 605.19]
[110, 305, 606.04]
[110, 304, 606.845]
[110, 303, 607.8]
[110, 302, 608.6125]
[110, 301, 609.33]
[110, 300, 610.01]
[110, 299, 610.6675]
[110, 298, 611.285]
[110, 297, 611.8375]
[110, 296, 612.335]
[110, 295, 613.0]
[110, 294, 613.595]
[110, 293, 614.0825]
[110, 292, 614.6125]
[110, 291, 615.09]
[110, 290, 615.545]
[110, 289, 615.9575]
[110, 288, 616.4575]
[110, 287, 617.0175]
[110, 286, 617.61]
[110, 285, 618.1275]
[110, 284, 618.5975]
[110, 283, 619.175]
[110, 282, 619.71]
[110, 281, 620.225]
[110, 280, 620.7375]
[110, 279, 621.26]
[110, 278, 621.8975]
[110, 277, 622.515]
[110, 276, 623.1625]
[110, 275, 623.79]
[110, 274, 624.355]
[110, 273, 625.08]
[110, 272, 625.755]
[110, 271, 626.2975]
[110, 270, 626.82]
[110, 269, 627.325]
[110, 268, 627.8825]
[110, 267, 628.4625]
[110, 266, 629.0225]
[110, 265, 629.61]
[110, 264, 630.225]
[110, 263, 630.7475]
[110, 262, 631.31]
[110, 261, 631.9025]
[110, 260, 632.52]
[110, 259, 633.1825]
[110, 258, 633.8775]
[110, 257, 634.4575]
[110, 256, 635.0975]
[110, 255, 635.7725]
[110, 254, 636.2925]
[110, 253, 636.775]
[110, 252, 637.27]
[110, 251, 637.825]
[110, 250, 638.6175]
[110, 249, 639.4125]
[110, 248, 640.185]
[110, 247, 640.8325]
[110, 246, 641.495]
[110, 245, 642.07]
[110, 244, 642.59]
[110, 243, 643.1925]
[110, 242, 643.88]
[110, 241, 644.5875]
[110, 240, 645.115]
[110, 239, 645.6225]
[110, 238, 646.135]
[110, 237, 646.6075]
[110, 236, 647.215]
[110, 235, 647.865]
[110, 234, 648.5975]
[110, 233, 649.32]
[110, 232, 649.9775]
[110, 231, 650.6775]
[110, 230, 651.3725]
[110, 229, 652.03]
[110, 228, 652.6625]
[110, 227, 653.3]
[110, 226, 654.0475]
[110, 225, 654.815]
[110, 224, 655.6]
[110, 223, 656.3375]
[110, 222, 656.95]
[110, 221, 657.56]
[110, 220, 658.165]
[110, 219, 658.79]
[110, 218, 659.495]
[110, 217, 660.2025]
[110, 216, 660.8425]
[110, 215, 661.3875]
[110, 214, 661.8825]
[110, 213, 662.5025]
[110, 212, 663.235]
[110, 211, 663.9275]
[110, 210, 664.52]
[110, 209, 665.1125]
[110, 208, 665.7325]
[110, 207, 666.3275]
[110, 206, 667.05]
[110, 205, 667.68]
[110, 204, 668.27]
[110, 203, 668.8025]
[110, 202, 669.55]
[110, 201, 670.38]
[110, 200, 671.195]
[110, 199, 671.96]
[110, 198, 672.59]
[110, 197, 673.2375]
[110, 196, 673.885]
[110, 195, 674.5375]
[110, 194, 675.1325]
[110, 193, 675.7675]
[110, 192, 676.3575]
[110, 191, 676.9875]
[110, 190, 677.54]
[110, 189, 678.0425]
[110, 188, 678.65]
[110, 187, 679.3575]
[110, 186, 680.08]
[110, 185, 680.7225]
[110, 184, 681.3775]
[110, 183, 681.9275]
[110, 182, 682.49]
[110, 181, 683.11]
[110, 180, 683.7125]
[110, 179, 684.2]
[110, 178, 684.745]
[110, 177, 685.2825]
[110, 176, 685.75]
[110, 175, 686.1925]
[110, 174, 686.635]
[110, 173, 687.045]
[110, 172, 687.71]
[110, 171, 688.3]
[110, 170, 688.8675]
[110, 169, 689.505]
[110, 168, 690.1025]
[110, 167, 690.605]
[110, 166, 691.0975]
[110, 165, 691.77]
[110, 164, 692.455]
[110, 163, 693.05]
[110, 162, 693.6875]
[110, 161, 694.285]
[110, 160, 694.8575]
[110, 159, 695.475]
[110, 158, 696.0375]
[110, 157, 696.74]
[110, 156, 697.38]
[110, 155, 697.9625]
[110, 154, 698.6275]
[110, 153, 699.225]
[110, 152, 699.8175]
[110, 151, 700.36]
[110, 150, 700.915]
[110, 149, 701.5125]
[110, 148, 702.1275]
[110, 147, 702.9]
[110, 146, 703.8025]
[110, 145, 704.5125]
[110, 144, 705.1975]
[110, 143, 705.9025]
[110, 142, 706.535]
[110, 141, 707.1525]
[110, 140, 707.865]
[110, 139, 708.5975]
[110, 138, 709.3325]
[110, 137, 710.1]
[110, 136, 710.7725]
[110, 135, 711.39]
[110, 134, 711.985]
[110, 133, 712.5775]
[110, 132, 713.3575]
[110, 131, 714.04]
[110, 130, 714.6875]
[110, 129, 715.2975]
[110, 128, 715.9575]
[110, 127, 716.5]
[110, 126, 717.095]
[110, 125, 717.6925]
[110, 124, 718.38]
[110, 123, 719.0225]
[110, 122, 719.7575]
[110, 121, 720.55]
[110, 120, 721.38]
[110, 119, 722.165]
[110, 118, 722.885]
[110, 117, 723.5775]
[110, 116, 724.2425]
[110, 115, 724.9275]
[110, 114, 725.7125]
[110, 113, 726.6]
[110, 112, 727.2925]
[110, 111, 728.0]
[110, 110, 728.775]
[110, 109, 729.38]
[110, 108, 730.0575]
[110, 107, 730.7425]
[110, 106, 731.535]
[110, 105, 732.2575]
[110, 104, 733.0475]
[110, 103, 733.79]
[110, 102, 734.55]
[110, 101, 735.245]
[110, 100, 735.775]
[110, 99, 736.4125]
[110, 98, 737.17]
[110, 97, 737.955]
[110, 96, 738.7]
[110, 95, 739.4]
[110, 94, 740.045]
[110, 93, 740.5775]
[110, 92, 741.21]
[110, 91, 741.7775]
[110, 90, 742.435]
[110, 89, 743.0775]
[110, 88, 743.68]
[110, 87, 744.275]
[110, 86, 744.8725]
[110, 85, 745.42]
[110, 84, 746.1125]
[110, 83, 746.635]
[110, 82, 747.1625]
[110, 81, 747.765]
[110, 80, 748.4525]
[110, 79, 749.135]
[110, 78, 749.8125]
[110, 77, 750.3975]
[110, 76, 750.8925]
[110, 75, 751.42]
[110, 74, 751.8975]
[110, 73, 752.4475]
[110, 72, 753.0325]
[110, 71, 753.59]
[110, 70, 754.145]
[110, 69, 754.6975]
[110, 68, 755.31]
[110, 67, 755.8175]
[110, 66, 756.3075]
[110, 65, 756.8575]
[110, 64, 757.36]
[110, 63, 757.8575]
[110, 62, 758.3725]
[110, 61, 758.91]
[110, 60, 759.415]
[110, 59, 759.9225]
[110, 58, 760.365]
[110, 57, 760.8175]
[110, 56, 761.3]
[110, 55, 761.72]
[110, 54, 762.1825]
[110, 53, 762.6325]
[110, 52, 763.075]
[110, 51, 763.63]
[110, 50, 764.145]
[110, 49, 764.605]
[110, 48, 765.08]
[110, 47, 765.555]
[110, 46, 765.985]
[110, 45, 766.535]
[110, 44, 767.125]
[110, 43, 767.76]
[110, 42, 768.2725]
[110, 41, 768.8575]
[110, 40, 769.4375]
[110, 39, 769.9875]
[110, 38, 770.565]
[110, 37, 771.0925]
[110, 36, 771.5975]
[110, 35, 772.1175]
[110, 34, 772.6225]
[110, 33, 773.075]
[110, 32, 773.5275]
[110, 31, 773.97]
[110, 30, 774.42]
[110, 29, 774.8475]
[110, 28, 775.245]
[110, 27, 775.6975]
[110, 26, 776.215]
[110, 25, 776.8]
[110, 24, 777.345]
[110, 23, 777.78]
[110, 22, 778.2525]
[110, 21, 778.6975]
[110, 20, 779.1075]
[110, 19, 779.57]
[110, 18, 780.0175]
[110, 17, 780.5525]
[110, 16, 781.1375]
[110, 15, 781.795]
[110, 14, 782.3575]
[110, 13, 782.945]
[110, 12, 783.55]
[110, 11, 784.13]
[110, 10, 784.7]
[110, 9, 785.2625]
[110, 8, 785.815]
[110, 7, 786.3375]
[110, 6, 786.8975]
[110, 5, 787.485]
[110, 4, 788.02]
[110, 3, 788.5025]
[110, 2, 789.075]
[110, 1, 789.6275]
[110, 0, 790.16]
[120, 0, 793.3225]
[120, 1, 792.73]
[120, 2, 792.2]
[120, 3, 791.5825]
[120, 4, 790.96]
[120, 5, 790.395]
[120, 6, 789.775]
[120, 7, 789.195]
[120, 8, 788.6025]
[120, 9, 788.0675]
[120, 10, 787.4725]
[120, 11, 786.895]
[120, 12, 786.37]
[120, 13, 785.76]
[120, 14, 785.1675]
[120, 15, 784.5875]
[120, 16, 783.995]
[120, 17, 783.4325]
[120, 18, 782.8925]
[120, 19, 782.3425]
[120, 20, 781.7]
[120, 21, 781.1175]
[120, 22, 780.555]
[120, 23, 780.075]
[120, 24, 779.5675]
[120, 25, 779.1025]
[120, 26, 778.6725]
[120, 27, 778.205]
[120, 28, 777.7]
[120, 29, 777.18]
[120, 30, 776.7225]
[120, 31, 776.235]
[120, 32, 775.78]
[120, 33, 775.2875]
[120, 34, 774.88]
[120, 35, 774.41]
[120, 36, 773.895]
[120, 37, 773.485]
[120, 38, 773.0725]
[120, 39, 772.5675]
[120, 40, 772.0575]
[120, 41, 771.6125]
[120, 42, 771.095]
[120, 43, 770.5575]
[120, 44, 769.9975]
[120, 45, 769.3925]
[120, 46, 768.8875]
[120, 47, 768.31]
[120, 48, 767.715]
[120, 49, 767.14]
[120, 50, 766.685]
[120, 51, 766.16]
[120, 52, 765.7325]
[120, 53, 765.2875]
[120, 54, 764.8025]
[120, 55, 764.37]
[120, 56, 763.885]
[120, 57, 763.4475]
[120, 58, 762.975]
[120, 59, 762.4925]
[120, 60, 761.965]
[120, 61, 761.4125]
[120, 62, 761.0075]
[120, 63, 760.6475]
[120, 64, 760.185]
[120, 65, 759.6475]
[120, 66, 759.16]
[120, 67, 758.7275]
[120, 68, 758.2425]
[120, 69, 757.76]
[120, 70, 757.26]
[120, 71, 756.7975]
[120, 72, 756.3025]
[120, 73, 755.7825]
[120, 74, 755.26]
[120, 75, 754.725]
[120, 76, 754.18]
[120, 77, 753.69]
[120, 78, 753.1375]
[120, 79, 752.5575]
[120, 80, 751.955]
[120, 81, 751.3175]
[120, 82, 750.7675]
[120, 83, 750.35]
[120, 84, 749.8625]
[120, 85, 749.3225]
[120, 86, 748.6825]
[120, 87, 748.0625]
[120, 88, 747.465]
[120, 89, 746.92]
[120, 90, 746.37]
[120, 91, 745.84]
[120, 92, 745.2575]
[120, 93, 744.72]
[120, 94, 744.095]
[120, 95, 743.515]
[120, 96, 742.8775]
[120, 97, 742.23]
[120, 98, 741.63]
[120, 99, 741.0175]
[120, 100, 740.4525]
[120, 101, 739.795]
[120, 102, 739.1075]
[120, 103, 738.3925]
[120, 104, 737.7375]
[120, 105, 736.9975]
[120, 106, 736.355]
[120, 107, 735.7375]
[120, 108, 735.115]
[120, 109, 734.375]
[120, 110, 733.4575]
[120, 111, 732.595]
[120, 112, 731.7725]
[120, 113, 731.085]
[120, 114, 730.46]
[120, 115, 729.86]
[120, 116, 729.145]
[120, 117, 728.5075]
[120, 118, 727.84]
[120, 119, 727.1575]
[120, 120, 726.4575]
[120, 121, 725.595]
[120, 122, 724.815]
[120, 123, 724.1175]
[120, 124, 723.395]
[120, 125, 722.6325]
[120, 126, 721.8325]
[120, 127, 721.04]
[120, 128, 720.31]
[120, 129, 719.62]
[120, 130, 718.9325]
[120, 131, 718.3025]
[120, 132, 717.6]
[120, 133, 716.93]
[120, 134, 716.2875]
[120, 135, 715.6975]
[120, 136, 715.0725]
[120, 137, 714.4125]
[120, 138, 713.71]
[120, 139, 713.0225]
[120, 140, 712.33]
[120, 141, 711.635]
[120, 142, 710.9175]
[120, 143, 710.3375]
[120, 144, 709.7125]
[120, 145, 709.0275]
[120, 146, 708.2875]
[120, 147, 707.4675]
[120, 148, 706.715]
[120, 149, 706.0225]
[120, 150, 705.4325]
[120, 151, 704.7975]
[120, 152, 704.1325]
[120, 153, 703.385]
[120, 154, 702.56]
[120, 155, 701.7525]
[120, 156, 701.1]
[120, 157, 700.4325]
[120, 158, 699.8475]
[120, 159, 699.2925]
[120, 160, 698.7275]
[120, 161, 698.145]
[120, 162, 697.635]
[120, 163, 697.1775]
[120, 164, 696.6475]
[120, 165, 696.0125]
[120, 166, 695.33]
[120, 167, 694.6175]
[120, 168, 694.04]
[120, 169, 693.3875]
[120, 170, 692.66]
[120, 171, 692.005]
[120, 172, 691.4375]
[120, 173, 690.845]
[120, 174, 690.175]
[120, 175, 689.49]
[120, 176, 688.9775]
[120, 177, 688.565]
[120, 178, 688.2075]
[120, 179, 687.7725]
[120, 180, 687.255]
[120, 181, 686.72]
[120, 182, 686.275]
[120, 183, 685.6875]
[120, 184, 685.165]
[120, 185, 684.5475]
[120, 186, 684.0025]
[120, 187, 683.495]
[120, 188, 682.835]
[120, 189, 682.25]
[120, 190, 681.6725]
[120, 191, 681.1875]
[120, 192, 680.6375]
[120, 193, 680.0925]
[120, 194, 679.4525]
[120, 195, 678.8425]
[120, 196, 678.2125]
[120, 197, 677.585]
[120, 198, 676.96]
[120, 199, 676.41]
[120, 200, 675.7925]
[120, 201, 675.1025]
[120, 202, 674.44]
[120, 203, 673.835]
[120, 204, 673.1725]
[120, 205, 672.465]
[120, 206, 671.7825]
[120, 207, 671.17]
[120, 208, 670.71]
[120, 209, 670.1025]
[120, 210, 669.4875]
[120, 211, 668.8425]
[120, 212, 668.265]
[120, 213, 667.575]
[120, 214, 667.04]
[120, 215, 666.4125]
[120, 216, 665.7025]
[120, 217, 665.005]
[120, 218, 664.44]
[120, 219, 663.8675]
[120, 220, 663.205]
[120, 221, 662.52]
[120, 222, 661.8625]
[120, 223, 661.27]
[120, 224, 660.5625]
[120, 225, 659.91]
[120, 226, 659.1575]
[120, 227, 658.3775]
[120, 228, 657.7475]
[120, 229, 657.0275]
[120, 230, 656.4525]
[120, 231, 655.975]
[120, 232, 655.47]
[120, 233, 654.825]
[120, 234, 654.07]
[120, 235, 653.3]
[120, 236, 652.515]
[120, 237, 651.6525]
[120, 238, 651.0075]
[120, 239, 650.5]
[120, 240, 650.01]
[120, 241, 649.5075]
[120, 242, 648.9025]
[120, 243, 648.265]
[120, 244, 647.5725]
[120, 245, 646.91]
[120, 246, 646.2275]
[120, 247, 645.525]
[120, 248, 644.82]
[120, 249, 644.145]
[120, 250, 643.4925]
[120, 251, 642.85]
[120, 252, 642.25]
[120, 253, 641.62]
[120, 254, 640.9225]
[120, 255, 640.1825]
[120, 256, 639.415]
[120, 257, 638.615]
[120, 258, 637.855]
[120, 259, 636.9175]
[120, 260, 636.0425]
[120, 261, 635.2425]
[120, 262, 634.475]
[120, 263, 633.655]
[120, 264, 632.89]
[120, 265, 632.15]
[120, 266, 631.5375]
[120, 267, 630.725]
[120, 268, 629.9975]
[120, 269, 629.46]
[120, 270, 628.8275]
[120, 271, 628.0175]
[120, 272, 627.2125]
[120, 273, 626.66]
[120, 274, 626.135]
[120, 275, 625.525]
[120, 276, 624.885]
[120, 277, 624.2675]
[120, 278, 623.765]
[120, 279, 623.395]
[120, 280, 623.09]
[120, 281, 622.715]
[120, 282, 622.36]
[120, 283, 622.0275]
[120, 284, 621.73]
[120, 285, 621.355]
[120, 286, 620.8625]
[120, 287, 620.2525]
[120, 288, 619.745]
[120, 289, 619.055]
[120, 290, 618.0525]
[120, 291, 616.97]
[120, 292, 616.02]
[120, 293, 615.1725]
[120, 294, 614.4375]
[120, 295, 613.805]
[120, 296, 613.0875]
[120, 297, 612.405]
[120, 298, 611.7225]
[120, 299, 610.9925]
[120, 300, 610.375]
[120, 301, 609.8075]
[120, 302, 609.1875]
[120, 303, 608.515]
[120, 304, 608.01]
[120, 305, 607.4875]
[120, 306, 606.9475]
[120, 307, 606.4725]
[120, 308, 605.9525]
[120, 309, 605.505]
[120, 310, 605.0125]
[120, 311, 604.5525]
[120, 312, 604.065]
[120, 313, 603.6075]
[120, 314, 603.14]
[120, 315, 602.81]
[120, 316, 602.465]
[120, 317, 602.1775]
[120, 318, 601.89]
[120, 319, 601.555]
[120, 320, 601.215]
[120, 321, 600.9]
[120, 322, 600.585]
[120, 323, 600.2725]
[120, 324, 599.9975]
[120, 325, 599.68]
[120, 326, 599.33]
[120, 327, 599.06]
[120, 328, 598.7125]
[120, 329, 598.365]
[120, 330, 598.0075]
[120, 331, 597.5975]
[120, 332, 597.315]
[120, 333, 596.955]
[120, 334, 596.53]
[120, 335, 596.055]
[120, 336, 595.7825]
[120, 337, 595.46]
[120, 338, 595.0625]
[120, 339, 594.7625]
[120, 340, 594.38]
[120, 341, 593.99]
[120, 342, 593.5325]
[120, 343, 593.12]
[120, 344, 592.795]
[120, 345, 592.365]
[120, 346, 591.9025]
[120, 347, 591.455]
[120, 348, 590.965]
[120, 349, 590.485]
[120, 350, 590.1125]
[120, 351, 589.695]
[120, 352, 589.285]
[120, 353, 588.7625]
[120, 354, 588.28]
[120, 355, 587.825]
[120, 356, 587.4325]
[120, 357, 587.0675]
[120, 358, 586.65]
[120, 359, 586.2675]
[120, 360, 585.8425]
[120, 361, 585.32]
[120, 362, 584.7075]
[120, 363, 584.1225]
[120, 364, 583.4825]
[120, 365, 582.9]
[120, 366, 582.415]
[120, 367, 581.965]
[120, 368, 581.425]
[120, 369, 580.9525]
[120, 370, 580.42]
[120, 371, 579.915]
[120, 372, 579.42]
[120, 373, 578.885]
[120, 374, 578.45]
[120, 375, 577.96]
[120, 376, 577.4375]
[120, 377, 576.905]
[120, 378, 576.33]
[120, 379, 575.7275]
[120, 380, 575.06]
[120, 381, 574.52]
[120, 382, 574.0975]
[120, 383, 573.645]
[120, 384, 573.14]
[120, 385, 572.235]
[120, 386, 571.9225]
[120, 387, 572.0625]
[120, 388, 572.19]
[120, 389, 572.22]
[120, 390, 572.0575]
[120, 391, 571.6325]
[120, 392, 571.19]
[120, 393, 570.705]
[120, 394, 570.2325]
[120, 395, 569.8125]
[120, 396, 569.375]
[120, 397, 568.985]
[120, 398, 568.57]
[120, 399, 568.08]
[120, 400, 567.6325]
[120, 401, 567.0825]
[120, 402, 566.9075]
[120, 403, 566.7625]
[120, 404, 566.64]
[120, 405, 566.6225]
[120, 406, 566.525]
[120, 407, 566.2575]
[120, 408, 566.07]
[120, 409, 565.935]
[120, 410, 565.7975]
[120, 411, 565.5925]
[120, 412, 565.3175]
[120, 413, 565.0825]
[120, 414, 564.86]
[120, 415, 564.6275]
[120, 416, 564.3]
[120, 417, 563.8375]
[120, 418, 563.425]
[120, 419, 563.0975]
[120, 420, 562.7325]
[120, 421, 562.33]
[120, 422, 561.99]
[120, 423, 561.6275]
[120, 424, 561.1325]
[120, 425, 560.84]
[120, 426, 560.5575]
[120, 427, 560.2075]
[120, 428, 559.7525]
[120, 429, 559.3025]
[120, 430, 558.855]
[120, 431, 558.2925]
[120, 432, 557.7525]
[120, 433, 557.295]
[120, 434, 556.82]
[120, 435, 556.495]
[120, 436, 556.2175]
[120, 437, 555.91]
[120, 438, 556.115]
[120, 439, 556.4375]
[120, 440, 556.67]
[120, 441, 556.7275]
[120, 442, 556.6925]
[120, 443, 556.65]
[120, 444, 556.595]
[120, 445, 556.415]
[120, 446, 556.1775]
[120, 447, 555.8725]
[120, 448, 555.4625]
[120, 449, 555.2525]
[120, 450, 555.0375]
[120, 451, 554.8625]
[120, 452, 554.51]
[120, 453, 554.1375]
[120, 454, 553.62]
[120, 455, 552.785]
[120, 456, 552.1675]
[120, 457, 552.14]
[120, 458, 552.095]
[120, 459, 551.865]
[120, 460, 551.62]
[120, 461, 551.3125]
[120, 462, 550.965]
[120, 463, 550.8975]
[120, 464, 550.9]
[120, 465, 551.03]
[120, 466, 551.19]
[120, 467, 551.205]
[120, 468, 551.08]
[120, 469, 551.1525]
[120, 470, 551.24]
[120, 471, 551.2625]
[120, 472, 551.28]
[120, 473, 551.2]
[120, 474, 551.2175]
[120, 475, 551.2475]
[120, 476, 551.26]
[120, 477, 551.2175]
[120, 478, 551.055]
[120, 479, 551.055]
[120, 480, 551.075]
[120, 481, 551.1725]
[120, 482, 551.3225]
[120, 483, 551.2075]
[120, 484, 550.91]
[120, 485, 550.94]
[120, 486, 550.9325]
[120, 487, 550.9975]
[120, 488, 551.1475]
[120, 489, 551.235]
[120, 490, 551.0125]
[120, 491, 550.49]
[120, 492, 550.5625]
[120, 493, 550.51]
[120, 494, 550.5]
[120, 495, 550.4725]
[120, 496, 550.0275]
[120, 497, 549.825]
[120, 498, 549.7325]
[120, 499, 549.725]
[130, 499, 554.8775]
[130, 498, 554.635]
[130, 497, 554.485]
[130, 496, 554.54]
[130, 495, 554.535]
[130, 494, 554.4875]
[130, 493, 554.5225]
[130, 492, 554.41]
[130, 491, 554.1025]
[130, 490, 554.1825]
[130, 489, 554.45]
[130, 488, 554.52]
[130, 487, 554.5575]
[130, 486, 554.4]
[130, 485, 554.4275]
[130, 484, 554.4]
[130, 483, 554.38]
[130, 482, 554.35]
[130, 481, 554.3675]
[130, 480, 554.37]
[130, 479, 554.2675]
[130, 478, 554.195]
[130, 477, 554.245]
[130, 476, 554.435]
[130, 475, 554.7075]
[130, 474, 554.9225]
[130, 473, 555.195]
[130, 472, 555.3925]
[130, 471, 555.5375]
[130, 470, 555.5925]
[130, 469, 555.54]
[130, 468, 555.53]
[130, 467, 555.645]
[130, 466, 555.8275]
[130, 465, 555.9425]
[130, 464, 556.1625]
[130, 463, 556.3875]
[130, 462, 556.38]
[130, 461, 556.085]
[130, 460, 556.0325]
[130, 459, 556.57]
[130, 458, 557.1675]
[130, 457, 557.7275]
[130, 456, 558.2025]
[130, 455, 558.465]
[130, 454, 558.68]
[130, 453, 558.7775]
[130, 452, 558.69]
[130, 451, 558.365]
[130, 450, 558.2]
[130, 449, 558.86]
[130, 448, 559.5575]
[130, 447, 559.945]
[130, 446, 560.225]
[130, 445, 560.4125]
[130, 444, 560.5275]
[130, 443, 560.515]
[130, 442, 560.5825]
[130, 441, 560.78]
[130, 440, 561.0275]
[130, 439, 561.175]
[130, 438, 561.2825]
[130, 437, 561.37]
[130, 436, 561.2675]
[130, 435, 561.2525]
[130, 434, 561.5125]
[130, 433, 561.835]
[130, 432, 562.27]
[130, 431, 562.79]
[130, 430, 562.9725]
[130, 429, 563.4025]
[130, 428, 564.0725]
[130, 427, 564.4875]
[130, 426, 564.635]
[130, 425, 564.8]
[130, 424, 565.0675]
[130, 423, 565.415]
[130, 422, 565.5525]
[130, 421, 565.765]
[130, 420, 566.3675]
[130, 419, 567.085]
[130, 418, 567.5775]
[130, 417, 567.81]
[130, 416, 568.01]
[130, 415, 568.195]
[130, 414, 568.375]
[130, 413, 568.715]
[130, 412, 569.02]
[130, 411, 569.245]
[130, 410, 569.4425]
[130, 409, 569.6925]
[130, 408, 569.8825]
[130, 407, 570.225]
[130, 406, 570.56]
[130, 405, 570.965]
[130, 404, 571.2975]
[130, 403, 571.53]
[130, 402, 571.85]
[130, 401, 571.915]
[130, 400, 571.8525]
[130, 399, 571.9375]
[130, 398, 572.1025]
[130, 397, 572.1675]
[130, 396, 572.29]
[130, 395, 572.61]
[130, 394, 573.125]
[130, 393, 573.6175]
[130, 392, 574.145]
[130, 391, 574.59]
[130, 390, 575.025]
[130, 389, 575.45]
[130, 388, 575.9925]
[130, 387, 576.4825]
[130, 386, 576.9425]
[130, 385, 577.4525]
[130, 384, 577.8925]
[130, 383, 578.3525]
[130, 382, 578.83]
[130, 381, 579.2175]
[130, 380, 579.6]
[130, 379, 579.9225]
[130, 378, 580.1875]
[130, 377, 580.3875]
[130, 376, 580.605]
[130, 375, 580.79]
[130, 374, 580.69]
[130, 373, 580.5025]
[130, 372, 580.7575]
[130, 371, 581.1875]
[130, 370, 581.8475]
[130, 369, 582.39]
[130, 368, 582.9825]
[130, 367, 583.565]
[130, 366, 584.065]
[130, 365, 584.7225]
[130, 364, 585.4625]
[130, 363, 586.2175]
[130, 362, 586.9]
[130, 361, 587.6175]
[130, 360, 588.3125]
[130, 359, 588.93]
[130, 358, 589.565]
[130, 357, 590.1425]
[130, 356, 590.655]
[130, 355, 591.1175]
[130, 354, 591.5975]
[130, 353, 592.015]
[130, 352, 592.3725]
[130, 351, 592.69]
[130, 350, 593.1025]
[130, 349, 593.5325]
[130, 348, 593.965]
[130, 347, 594.4475]
[130, 346, 594.8225]
[130, 345, 595.2125]
[130, 344, 595.6375]
[130, 343, 596.0075]
[130, 342, 596.48]
[130, 341, 596.8525]
[130, 340, 597.2375]
[130, 339, 597.65]
[130, 338, 598.0925]
[130, 337, 598.5825]
[130, 336, 599.08]
[130, 335, 599.5125]
[130, 334, 599.9725]
[130, 333, 600.5375]
[130, 332, 600.9825]
[130, 331, 601.2925]
[130, 330, 601.5975]
[130, 329, 602.2625]
[130, 328, 602.845]
[130, 327, 603.3025]
[130, 326, 603.7475]
[130, 325, 604.185]
[130, 324, 604.5575]
[130, 323, 604.865]
[130, 322, 605.13]
[130, 321, 605.325]
[130, 320, 605.7775]
[130, 319, 606.2575]
[130, 318, 606.585]
[130, 317, 606.95]
[130, 316, 607.255]
[130, 315, 607.59]
[130, 314, 608.0275]
[130, 313, 608.4625]
[130, 312, 608.655]
[130, 311, 609.035]
[130, 310, 609.44]
[130, 309, 609.85]
[130, 308, 610.44]
[130, 307, 610.98]
[130, 306, 611.43]
[130, 305, 611.7375]
[130, 304, 612.11]
[130, 303, 612.4775]
[130, 302, 612.845]
[130, 301, 613.305]
[130, 300, 613.7475]
[130, 299, 614.3175]
[130, 298, 614.8125]
[130, 297, 615.2825]
[130, 296, 615.765]
[130, 295, 616.37]
[130, 294, 616.985]
[130, 293, 617.5375]
[130, 292, 618.1]
[130, 291, 618.7875]
[130, 290, 619.56]
[130, 289, 620.435]
[130, 288, 621.3275]
[130, 287, 622.2625]
[130, 286, 623.095]
[130, 285, 624.0]
[130, 284, 624.8675]
[130, 283, 625.6975]
[130, 282, 626.3175]
[130, 281, 626.9525]
[130, 280, 627.56]
[130, 279, 628.27]
[130, 278, 628.9325]
[130, 277, 629.5175]
[130, 276, 630.075]
[130, 275, 630.61]
[130, 274, 631.225]
[130, 273, 631.76]
[130, 272, 632.33]
[130, 271, 632.9325]
[130, 270, 633.7]
[130, 269, 634.4125]
[130, 268, 635.125]
[130, 267, 635.885]
[130, 266, 636.5375]
[130, 265, 637.1725]
[130, 264, 637.8575]
[130, 263, 638.58]
[130, 262, 639.45]
[130, 261, 640.335]
[130, 260, 641.185]
[130, 259, 641.945]
[130, 258, 642.8175]
[130, 257, 643.7075]
[130, 256, 644.66]
[130, 255, 645.4975]
[130, 254, 646.3275]
[130, 253, 647.08]
[130, 252, 647.755]
[130, 251, 648.4225]
[130, 250, 649.005]
[130, 249, 649.725]
[130, 248, 650.61]
[130, 247, 651.1525]
[130, 246, 651.7075]
[130, 245, 652.28]
[130, 244, 652.8]
[130, 243, 653.45]
[130, 242, 654.1125]
[130, 241, 654.7775]
[130, 240, 655.4625]
[130, 239, 656.045]
[130, 238, 656.645]
[130, 237, 657.195]
[130, 236, 657.6825]
[130, 235, 658.1875]
[130, 234, 658.7625]
[130, 233, 659.455]
[130, 232, 660.2225]
[130, 231, 660.835]
[130, 230, 661.5325]
[130, 229, 662.1575]
[130, 228, 662.7175]
[130, 227, 663.2725]
[130, 226, 663.8075]
[130, 225, 664.3675]
[130, 224, 665.02]
[130, 223, 665.73]
[130, 222, 666.3925]
[130, 221, 666.92]
[130, 220, 667.515]
[130, 219, 668.0925]
[130, 218, 668.73]
[130, 217, 669.485]
[130, 216, 670.1725]
[130, 215, 670.8975]
[130, 214, 671.555]
[130, 213, 672.21]
[130, 212, 672.9025]
[130, 211, 673.5775]
[130, 210, 674.1325]
[130, 209, 674.6225]
[130, 208, 675.2275]
[130, 207, 675.8375]
[130, 206, 676.4]
[130, 205, 676.9475]
[130, 204, 677.465]
[130, 203, 677.9325]
[130, 202, 678.4175]
[130, 201, 678.9375]
[130, 200, 679.5425]
[130, 199, 680.21]
[130, 198, 680.8025]
[130, 197, 681.395]
[130, 196, 682.0]
[130, 195, 682.6325]
[130, 194, 683.255]
[130, 193, 683.855]
[130, 192, 684.415]
[130, 191, 684.915]
[130, 190, 685.3925]
[130, 189, 685.87]
[130, 188, 686.3175]
[130, 187, 686.735]
[130, 186, 687.165]
[130, 185, 687.6625]
[130, 184, 688.2]
[130, 183, 688.815]
[130, 182, 689.36]
[130, 181, 689.9475]
[130, 180, 690.4875]
[130, 179, 691.0925]
[130, 178, 691.7425]
[130, 177, 692.475]
[130, 176, 693.2575]
[130, 175, 693.97]
[130, 174, 694.5175]
[130, 173, 695.1075]
[130, 172, 695.645]
[130, 171, 696.255]
[130, 170, 696.92]
[130, 169, 697.495]
[130, 168, 698.01]
[130, 167, 698.4575]
[130, 166, 699.09]
[130, 165, 699.78]
[130, 164, 700.3575]
[130, 163, 700.9875]
[130, 162, 701.4575]
[130, 161, 701.9175]
[130, 160, 702.57]
[130, 159, 703.3]
[130, 158, 704.1]
[130, 157, 704.8325]
[130, 156, 705.425]
[130, 155, 706.16]
[130, 154, 706.79]
[130, 153, 707.4725]
[130, 152, 708.135]
[130, 151, 708.89]
[130, 150, 709.72]
[130, 149, 710.625]
[130, 148, 711.385]
[130, 147, 712.1375]
[130, 146, 712.7725]
[130, 145, 713.385]
[130, 144, 714.115]
[130, 143, 714.7625]
[130, 142, 715.16]
[130, 141, 715.86]
[130, 140, 716.635]
[130, 139, 717.415]
[130, 138, 718.11]
[130, 137, 718.8675]
[130, 136, 719.625]
[130, 135, 720.35]
[130, 134, 721.0675]
[130, 133, 721.77]
[130, 132, 722.5275]
[130, 131, 723.28]
[130, 130, 724.0175]
[130, 129, 724.7825]
[130, 128, 725.6925]
[130, 127, 726.6225]
[130, 126, 727.4875]
[130, 125, 728.2225]
[130, 124, 729.025]
[130, 123, 729.7025]
[130, 122, 730.325]
[130, 121, 730.91]
[130, 120, 731.48]
[130, 119, 732.085]
[130, 118, 732.7775]
[130, 117, 733.4525]
[130, 116, 734.0875]
[130, 115, 734.7925]
[130, 114, 735.45]
[130, 113, 736.1075]
[130, 112, 736.7925]
[130, 111, 737.4175]
[130, 110, 738.0825]
[130, 109, 738.8]
[130, 108, 739.4475]
[130, 107, 740.0075]
[130, 106, 740.735]
[130, 105, 741.4425]
[130, 104, 742.05]
[130, 103, 742.5325]
[130, 102, 743.065]
[130, 101, 743.6375]
[130, 100, 744.1725]
[130, 99, 744.7625]
[130, 98, 745.34]
[130, 97, 745.9025]
[130, 96, 746.4075]
[130, 95, 746.93]
[130, 94, 747.3875]
[130, 93, 747.9075]
[130, 92, 748.585]
[130, 91, 749.16]
[130, 90, 749.74]
[130, 89, 750.335]
[130, 88, 750.84]
[130, 87, 751.395]
[130, 86, 751.9025]
[130, 85, 752.45]
[130, 84, 752.91]
[130, 83, 753.415]
[130, 82, 753.8425]
[130, 81, 754.4175]
[130, 80, 755.0]
[130, 79, 755.525]
[130, 78, 756.015]
[130, 77, 756.4425]
[130, 76, 756.89]
[130, 75, 757.2925]
[130, 74, 757.75]
[130, 73, 758.22]
[130, 72, 758.6875]
[130, 71, 759.2]
[130, 70, 759.645]
[130, 69, 760.11]
[130, 68, 760.4825]
[130, 67, 760.8325]
[130, 66, 761.3625]
[130, 65, 761.74]
[130, 64, 762.115]
[130, 63, 762.505]
[130, 62, 763.1425]
[130, 61, 763.72]
[130, 60, 764.275]
[130, 59, 764.8025]
[130, 58, 765.255]
[130, 57, 765.7025]
[130, 56, 766.165]
[130, 55, 766.5675]
[130, 54, 767.045]
[130, 53, 767.5025]
[130, 52, 768.075]
[130, 51, 768.67]
[130, 50, 769.275]
[130, 49, 769.8175]
[130, 48, 770.365]
[130, 47, 770.94]
[130, 46, 771.4425]
[130, 45, 771.965]
[130, 44, 772.4925]
[130, 43, 772.915]
[130, 42, 773.285]
[130, 41, 773.78]
[130, 40, 774.2675]
[130, 39, 774.7275]
[130, 38, 775.215]
[130, 37, 775.6725]
[130, 36, 776.125]
[130, 35, 776.565]
[130, 34, 777.06]
[130, 33, 777.5975]
[130, 32, 778.08]
[130, 31, 778.5175]
[130, 30, 779.0475]
[130, 29, 779.5075]
[130, 28, 779.9375]
[130, 27, 780.445]
[130, 26, 781.0725]
[130, 25, 781.6]
[130, 24, 782.0725]
[130, 23, 782.6325]
[130, 22, 783.155]
[130, 21, 783.6975]
[130, 20, 784.33]
[130, 19, 784.985]
[130, 18, 785.5575]
[130, 17, 786.09]
[130, 16, 786.6575]
[130, 15, 787.2675]
[130, 14, 787.895]
[130, 13, 788.4425]
[130, 12, 788.955]
[130, 11, 789.5325]
[130, 10, 790.105]
[130, 9, 790.7325]
[130, 8, 791.4025]
[130, 7, 792.02]
[130, 6, 792.5925]
[130, 5, 793.2075]
[130, 4, 793.81]
[130, 3, 794.41]
[130, 2, 795.0075]
[130, 1, 795.585]
[130, 0, 796.12]
[140, 0, 798.775]
[140, 1, 798.2375]
[140, 2, 797.65]
[140, 3, 797.07]
[140, 4, 796.41]
[140, 5, 795.84]
[140, 6, 795.27]
[140, 7, 794.7225]
[140, 8, 794.0975]
[140, 9, 793.47]
[140, 10, 792.91]
[140, 11, 792.3275]
[140, 12, 791.7125]
[140, 13, 791.09]
[140, 14, 790.445]
[140, 15, 789.825]
[140, 16, 789.24]
[140, 17, 788.645]
[140, 18, 788.0475]
[140, 19, 787.4325]
[140, 20, 786.82]
[140, 21, 786.2]
[140, 22, 785.5625]
[140, 23, 784.8925]
[140, 24, 784.27]
[140, 25, 783.75]
[140, 26, 783.1975]
[140, 27, 782.6675]
[140, 28, 782.1725]
[140, 29, 781.6575]
[140, 30, 781.1375]
[140, 31, 780.595]
[140, 32, 780.1]
[140, 33, 779.6175]
[140, 34, 779.1625]
[140, 35, 778.73]
[140, 36, 778.28]
[140, 37, 777.765]
[140, 38, 777.235]
[140, 39, 776.75]
[140, 40, 776.2825]
[140, 41, 775.8575]
[140, 42, 775.3925]
[140, 43, 774.8775]
[140, 44, 774.3925]
[140, 45, 774.03]
[140, 46, 773.675]
[140, 47, 773.1875]
[140, 48, 772.6375]
[140, 49, 772.1075]
[140, 50, 771.58]
[140, 51, 771.105]
[140, 52, 770.595]
[140, 53, 770.115]
[140, 54, 769.575]
[140, 55, 769.0125]
[140, 56, 768.4975]
[140, 57, 767.8775]
[140, 58, 767.3625]
[140, 59, 766.905]
[140, 60, 766.4275]
[140, 61, 765.96]
[140, 62, 765.4475]
[140, 63, 764.95]
[140, 64, 764.3325]
[140, 65, 763.905]
[140, 66, 763.4625]
[140, 67, 762.9375]
[140, 68, 762.4425]
[140, 69, 761.955]
[140, 70, 761.465]
[140, 71, 761.0075]
[140, 72, 760.585]
[140, 73, 760.16]
[140, 74, 759.7275]
[140, 75, 759.31]
[140, 76, 758.935]
[140, 77, 758.6]
[140, 78, 758.2225]
[140, 79, 757.76]
[140, 80, 757.2925]
[140, 81, 756.8525]
[140, 82, 756.5325]
[140, 83, 756.155]
[140, 84, 755.5925]
[140, 85, 755.2]
[140, 86, 754.6225]
[140, 87, 754.1]
[140, 88, 753.5275]
[140, 89, 752.995]
[140, 90, 752.5175]
[140, 91, 751.995]
[140, 92, 751.435]
[140, 93, 750.785]
[140, 94, 750.27]
[140, 95, 749.7975]
[140, 96, 749.32]
[140, 97, 748.8425]
[140, 98, 748.405]
[140, 99, 748.005]
[140, 100, 747.5625]
[140, 101, 747.0575]
[140, 102, 746.53]
[140, 103, 746.03]
[140, 104, 745.43]
[140, 105, 744.785]
[140, 106, 744.1225]
[140, 107, 743.51]
[140, 108, 743.0375]
[140, 109, 742.6025]
[140, 110, 742.09]
[140, 111, 741.5225]
[140, 112, 740.9225]
[140, 113, 740.3675]
[140, 114, 739.8025]
[140, 115, 739.2325]
[140, 116, 738.675]
[140, 117, 738.13]
[140, 118, 737.565]
[140, 119, 736.975]
[140, 120, 736.435]
[140, 121, 735.865]
[140, 122, 735.2225]
[140, 123, 734.5175]
[140, 124, 733.8325]
[140, 125, 733.13]
[140, 126, 732.265]
[140, 127, 731.6175]
[140, 128, 730.98]
[140, 129, 730.2375]
[140, 130, 729.495]
[140, 131, 728.6875]
[140, 132, 727.725]
[140, 133, 727.0475]
[140, 134, 726.2975]
[140, 135, 725.4625]
[140, 136, 724.56]
[140, 137, 723.86]
[140, 138, 723.0725]
[140, 139, 722.2875]
[140, 140, 721.5575]
[140, 141, 720.7375]
[140, 142, 719.9725]
[140, 143, 719.16]
[140, 144, 718.36]
[140, 145, 717.58]
[140, 146, 716.9125]
[140, 147, 716.2025]
[140, 148, 715.58]
[140, 149, 714.9525]
[140, 150, 714.3425]
[140, 151, 713.6775]
[140, 152, 712.895]
[140, 153, 712.16]
[140, 154, 711.375]
[140, 155, 710.61]
[140, 156, 709.8425]
[140, 157, 709.1725]
[140, 158, 708.55]
[140, 159, 707.92]
[140, 160, 707.355]
[140, 161, 706.7125]
[140, 162, 706.15]
[140, 163, 705.4025]
[140, 164, 704.585]
[140, 165, 703.7125]
[140, 166, 702.925]
[140, 167, 702.44]
[140, 168, 701.9275]
[140, 169, 701.385]
[140, 170, 700.8275]
[140, 171, 700.2275]
[140, 172, 699.7475]
[140, 173, 699.2275]
[140, 174, 698.7275]
[140, 175, 698.1575]
[140, 176, 697.4225]
[140, 177, 696.565]
[140, 178, 695.6725]
[140, 179, 695.02]
[140, 180, 694.3925]
[140, 181, 693.8975]
[140, 182, 693.4425]
[140, 183, 692.9175]
[140, 184, 692.34]
[140, 185, 691.7975]
[140, 186, 691.1525]
[140, 187, 690.5275]
[140, 188, 689.87]
[140, 189, 689.1425]
[140, 190, 688.515]
[140, 191, 688.0575]
[140, 192, 687.695]
[140, 193, 687.3375]
[140, 194, 686.925]
[140, 195, 686.5425]
[140, 196, 686.1025]
[140, 197, 685.695]
[140, 198, 685.1925]
[140, 199, 684.59]
[140, 200, 683.985]
[140, 201, 683.29]
[140, 202, 682.61]
[140, 203, 681.8175]
[140, 204, 681.145]
[140, 205, 680.5225]
[140, 206, 680.0375]
[140, 207, 679.57]
[140, 208, 679.0125]
[140, 209, 678.4975]
[140, 210, 677.9875]
[140, 211, 677.38]
[140, 212, 676.775]
[140, 213, 676.1875]
[140, 214, 675.655]
[140, 215, 675.255]
[140, 216, 674.7025]
[140, 217, 674.1225]
[140, 218, 673.495]
[140, 219, 672.9075]
[140, 220, 672.22]
[140, 221, 671.6]
[140, 222, 670.8625]
[140, 223, 670.2025]
[140, 224, 669.69]
[140, 225, 669.155]
[140, 226, 668.5075]
[140, 227, 667.8275]
[140, 228, 667.2225]
[140, 229, 666.52]
[140, 230, 665.925]
[140, 231, 665.3875]
[140, 232, 664.8725]
[140, 233, 664.255]
[140, 234, 663.565]
[140, 235, 662.82]
[140, 236, 662.1025]
[140, 237, 661.45]
[140, 238, 660.8825]
[140, 239, 660.4375]
[140, 240, 659.87]
[140, 241, 659.205]
[140, 242, 658.615]
[140, 243, 658.0675]
[140, 244, 657.5525]
[140, 245, 657.26]
[140, 246, 656.915]
[140, 247, 656.485]
[140, 248, 655.9625]
[140, 249, 655.3625]
[140, 250, 654.7075]
[140, 251, 653.945]
[140, 252, 653.0475]
[140, 253, 652.2525]
[140, 254, 651.4875]
[140, 255, 650.82]
[140, 256, 650.2075]
[140, 257, 649.6525]
[140, 258, 648.9925]
[140, 259, 648.2475]
[140, 260, 647.5775]
[140, 261, 646.8675]
[140, 262, 646.05]
[140, 263, 645.1575]
[140, 264, 644.0725]
[140, 265, 642.96]
[140, 266, 642.03]
[140, 267, 641.275]
[140, 268, 640.5375]
[140, 269, 639.555]
[140, 270, 638.635]
[140, 271, 637.7475]
[140, 272, 636.8125]
[140, 273, 635.9]
[140, 274, 635.215]
[140, 275, 634.645]
[140, 276, 634.0625]
[140, 277, 633.6025]
[140, 278, 633.0775]
[140, 279, 632.51]
[140, 280, 631.8575]
[140, 281, 631.2025]
[140, 282, 630.5475]
[140, 283, 629.8925]
[140, 284, 629.28]
[140, 285, 628.6175]
[140, 286, 627.9425]
[140, 287, 627.29]
[140, 288, 626.6475]
[140, 289, 625.8575]
[140, 290, 625.075]
[140, 291, 624.335]
[140, 292, 623.4525]
[140, 293, 622.625]
[140, 294, 621.8675]
[140, 295, 621.3]
[140, 296, 620.7125]
[140, 297, 620.2825]
[140, 298, 619.815]
[140, 299, 619.38]
[140, 300, 618.8325]
[140, 301, 618.305]
[140, 302, 617.805]
[140, 303, 617.155]
[140, 304, 616.4525]
[140, 305, 615.875]
[140, 306, 615.3025]
[140, 307, 614.7675]
[140, 308, 614.375]
[140, 309, 614.0025]
[140, 310, 613.675]
[140, 311, 613.3125]
[140, 312, 612.8525]
[140, 313, 612.4775]
[140, 314, 612.125]
[140, 315, 611.7]
[140, 316, 611.2775]
[140, 317, 610.8]
[140, 318, 610.4]
[140, 319, 609.9425]
[140, 320, 609.5575]
[140, 321, 609.2325]
[140, 322, 608.865]
[140, 323, 608.47]
[140, 324, 607.9175]
[140, 325, 607.5175]
[140, 326, 607.08]
[140, 327, 606.6675]
[140, 328, 606.215]
[140, 329, 605.6175]
[140, 330, 605.01]
[140, 331, 604.5475]
[140, 332, 603.9925]
[140, 333, 603.4525]
[140, 334, 602.9225]
[140, 335, 602.3475]
[140, 336, 601.92]
[140, 337, 601.3725]
[140, 338, 600.775]
[140, 339, 600.22]
[140, 340, 599.8475]
[140, 341, 599.5175]
[140, 342, 599.135]
[140, 343, 598.795]
[140, 344, 598.5175]
[140, 345, 598.2025]
[140, 346, 597.9375]
[140, 347, 597.625]
[140, 348, 597.2325]
[140, 349, 596.81]
[140, 350, 596.53]
[140, 351, 596.29]
[140, 352, 595.95]
[140, 353, 595.415]
[140, 354, 594.9375]
[140, 355, 594.5425]
[140, 356, 594.0775]
[140, 357, 593.4625]
[140, 358, 592.73]
[140, 359, 592.1525]
[140, 360, 591.6275]
[140, 361, 591.1575]
[140, 362, 590.7925]
[140, 363, 590.4475]
[140, 364, 589.98]
[140, 365, 589.47]
[140, 366, 589.11]
[140, 367, 588.8275]
[140, 368, 588.355]
[140, 369, 587.9275]
[140, 370, 587.615]
[140, 371, 587.305]
[140, 372, 587.055]
[140, 373, 586.775]
[140, 374, 586.435]
[140, 375, 586.1375]
[140, 376, 585.7825]
[140, 377, 585.3925]
[140, 378, 584.955]
[140, 379, 584.505]
[140, 380, 584.1175]
[140, 381, 583.6725]
[140, 382, 583.2025]
[140, 383, 582.865]
[140, 384, 582.4325]
[140, 385, 581.775]
[140, 386, 581.13]
[140, 387, 580.6925]
[140, 388, 580.325]
[140, 389, 579.77]
[140, 390, 579.3475]
[140, 391, 578.905]
[140, 392, 578.575]
[140, 393, 578.325]
[140, 394, 578.105]
[140, 395, 577.8275]
[140, 396, 577.495]
[140, 397, 577.195]
[140, 398, 576.9325]
[140, 399, 576.625]
[140, 400, 576.305]
[140, 401, 575.9875]
[140, 402, 575.625]
[140, 403, 575.2925]
[140, 404, 575.08]
[140, 405, 574.865]
[140, 406, 574.605]
[140, 407, 574.345]
[140, 408, 574.1875]
[140, 409, 573.9375]
[140, 410, 573.5525]
[140, 411, 573.085]
[140, 412, 572.69]
[140, 413, 572.3675]
[140, 414, 572.1825]
[140, 415, 572.2025]
[140, 416, 572.1]
[140, 417, 571.9275]
[140, 418, 571.695]
[140, 419, 571.39]
[140, 420, 570.94]
[140, 421, 570.475]
[140, 422, 570.285]
[140, 423, 569.9325]
[140, 424, 569.6225]
[140, 425, 569.335]
[140, 426, 569.015]
[140, 427, 568.7225]
[140, 428, 568.305]
[140, 429, 568.0225]
[140, 430, 567.9175]
[140, 431, 567.975]
[140, 432, 567.755]
[140, 433, 567.4275]
[140, 434, 567.31]
[140, 435, 567.1325]
[140, 436, 566.9225]
[140, 437, 566.605]
[140, 438, 566.365]
[140, 439, 566.195]
[140, 440, 565.865]
[140, 441, 565.4275]
[140, 442, 565.12]
[140, 443, 564.9325]
[140, 444, 564.825]
[140, 445, 564.6875]
[140, 446, 564.355]
[140, 447, 564.02]
[140, 448, 563.8375]
[140, 449, 564.0575]
[140, 450, 564.29]
[140, 451, 564.31]
[140, 452, 564.245]
[140, 453, 564.115]
[140, 454, 563.86]
[140, 455, 563.545]
[140, 456, 563.54]
[140, 457, 563.4675]
[140, 458, 563.3675]
[140, 459, 563.2175]
[140, 460, 563.0475]
[140, 461, 562.8925]
[140, 462, 562.7375]
[140, 463, 562.55]
[140, 464, 562.345]
[140, 465, 562.1225]
[140, 466, 561.835]
[140, 467, 561.55]
[140, 468, 561.2225]
[140, 469, 560.6475]
[140, 470, 560.0925]
[140, 471, 559.72]
[140, 472, 559.4775]
[140, 473, 559.3975]
[140, 474, 559.45]
[140, 475, 559.6]
[140, 476, 559.66]
[140, 477, 559.7025]
[140, 478, 559.7525]
[140, 479, 559.8225]
[140, 480, 559.935]
[140, 481, 560.0675]
[140, 482, 560.1525]
[140, 483, 560.235]
[140, 484, 560.165]
[140, 485, 560.1175]
[140, 486, 560.085]
[140, 487, 560.1075]
[140, 488, 559.945]
[140, 489, 559.84]
[140, 490, 559.6775]
[140, 491, 559.63]
[140, 492, 559.74]
[140, 493, 559.75]
[140, 494, 559.8125]
[140, 495, 559.6525]
[140, 496, 559.41]
[140, 497, 559.2625]
[140, 498, 559.3575]
[140, 499, 559.4475]
[150, 499, 563.6875]
[150, 498, 563.7725]
[150, 497, 564.1575]
[150, 496, 564.29]
[150, 495, 564.2475]
[150, 494, 564.305]
[150, 493, 564.46]
[150, 492, 564.6675]
[150, 491, 564.88]
[150, 490, 565.0425]
[150, 489, 565.1575]
[150, 488, 565.1375]
[150, 487, 565.16]
[150, 486, 565.485]
[150, 485, 565.5525]
[150, 484, 565.6075]
[150, 483, 565.8525]
[150, 482, 566.0725]
[150, 481, 566.03]
[150, 480, 566.095]
[150, 479, 566.265]
[150, 478, 566.3075]
[150, 477, 566.4125]
[150, 476, 566.4575]
[150, 475, 566.385]
[150, 474, 566.2975]
[150, 473, 566.2525]
[150, 472, 566.3525]
[150, 471, 566.72]
[150, 470, 567.045]
[150, 469, 567.2375]
[150, 468, 567.3975]
[150, 467, 567.4675]
[150, 466, 567.5275]
[150, 465, 567.5825]
[150, 464, 567.66]
[150, 463, 567.745]
[150, 462, 567.8825]
[150, 461, 568.075]
[150, 460, 568.2275]
[150, 459, 568.35]
[150, 458, 568.5025]
[150, 457, 568.645]
[150, 456, 568.7525]
[150, 455, 568.87]
[150, 454, 568.9725]
[150, 453, 569.1125]
[150, 452, 569.2175]
[150, 451, 569.37]
[150, 450, 569.5675]
[150, 449, 569.8425]
[150, 448, 570.1475]
[150, 447, 570.3675]
[150, 446, 570.5475]
[150, 445, 570.715]
[150, 444, 570.955]
[150, 443, 571.2875]
[150, 442, 571.5275]
[150, 441, 571.815]
[150, 440, 572.0675]
[150, 439, 572.3175]
[150, 438, 572.635]
[150, 437, 572.975]
[150, 436, 573.3175]
[150, 435, 573.43]
[150, 434, 573.3475]
[150, 433, 573.3]
[150, 432, 573.455]
[150, 431, 573.7725]
[150, 430, 573.865]
[150, 429, 573.99]
[150, 428, 574.185]
[150, 427, 574.565]
[150, 426, 574.985]
[150, 425, 575.2375]
[150, 424, 575.3875]
[150, 423, 575.63]
[150, 422, 576.0075]
[150, 421, 576.2975]
[150, 420, 576.4725]
[150, 419, 576.645]
[150, 418, 576.7625]
[150, 417, 576.91]
[150, 416, 577.06]
[150, 415, 577.25]
[150, 414, 577.3875]
[150, 413, 577.8375]
[150, 412, 578.325]
[150, 411, 578.7125]
[150, 410, 579.14]
[150, 409, 579.3225]
[150, 408, 579.5275]
[150, 407, 579.79]
[150, 406, 580.025]
[150, 405, 580.335]
[150, 404, 580.6925]
[150, 403, 581.0475]
[150, 402, 581.3875]
[150, 401, 581.765]
[150, 400, 582.015]
[150, 399, 582.1575]
[150, 398, 582.3875]
[150, 397, 582.725]
[150, 396, 583.07]
[150, 395, 583.2325]
[150, 394, 583.41]
[150, 393, 583.715]
[150, 392, 584.2025]
[150, 391, 584.685]
[150, 390, 585.1175]
[150, 389, 585.6775]
[150, 388, 586.355]
[150, 387, 586.99]
[150, 386, 587.52]
[150, 385, 587.9925]
[150, 384, 588.315]
[150, 383, 588.6675]
[150, 382, 589.0075]
[150, 381, 589.4275]
[150, 380, 589.7675]
[150, 379, 590.21]
[150, 378, 590.7125]
[150, 377, 591.13]
[150, 376, 591.4775]
[150, 375, 591.65]
[150, 374, 591.9025]
[150, 373, 592.28]
[150, 372, 592.5875]
[150, 371, 592.8875]
[150, 370, 593.295]
[150, 369, 593.6325]
[150, 368, 594.06]
[150, 367, 594.3575]
[150, 366, 594.6375]
[150, 365, 594.885]
[150, 364, 595.07]
[150, 363, 595.205]
[150, 362, 595.485]
[150, 361, 595.7275]
[150, 360, 595.995]
[150, 359, 596.32]
[150, 358, 596.765]
[150, 357, 597.105]
[150, 356, 597.41]
[150, 355, 597.78]
[150, 354, 598.105]
[150, 353, 598.515]
[150, 352, 599.04]
[150, 351, 599.2575]
[150, 350, 599.1925]
[150, 349, 599.4875]
[150, 348, 599.965]
[150, 347, 600.3225]
[150, 346, 600.6675]
[150, 345, 600.9675]
[150, 344, 601.32]
[150, 343, 601.5775]
[150, 342, 601.9125]
[150, 341, 602.375]
[150, 340, 602.78]
[150, 339, 603.27]
[150, 338, 603.6675]
[150, 337, 604.1]
[150, 336, 604.5875]
[150, 335, 605.205]
[150, 334, 605.8025]
[150, 333, 606.3825]
[150, 332, 607.0625]
[150, 331, 607.76]
[150, 330, 608.385]
[150, 329, 608.915]
[150, 328, 609.38]
[150, 327, 609.665]
[150, 326, 610.045]
[150, 325, 610.5025]
[150, 324, 610.94]
[150, 323, 611.3875]
[150, 322, 611.8325]
[150, 321, 612.2825]
[150, 320, 612.7075]
[150, 319, 613.085]
[150, 318, 613.515]
[150, 317, 613.865]
[150, 316, 614.3175]
[150, 315, 614.6625]
[150, 314, 615.015]
[150, 313, 615.4375]
[150, 312, 615.8575]
[150, 311, 616.2375]
[150, 310, 616.6725]
[150, 309, 617.0875]
[150, 308, 617.7]
[150, 307, 618.39]
[150, 306, 619.185]
[150, 305, 619.8975]
[150, 304, 620.6075]
[150, 303, 621.325]
[150, 302, 621.9875]
[150, 301, 622.56]
[150, 300, 623.06]
[150, 299, 623.6725]
[150, 298, 624.425]
[150, 297, 625.16]
[150, 296, 625.7625]
[150, 295, 626.33]
[150, 294, 627.01]
[150, 293, 627.7075]
[150, 292, 628.475]
[150, 291, 629.295]
[150, 290, 630.025]
[150, 289, 630.7225]
[150, 288, 631.4725]
[150, 287, 632.175]
[150, 286, 632.8125]
[150, 285, 633.3725]
[150, 284, 634.09]
[150, 283, 634.91]
[150, 282, 635.5825]
[150, 281, 636.2475]
[150, 280, 636.865]
[150, 279, 637.5975]
[150, 278, 638.3575]
[150, 277, 639.04]
[150, 276, 639.7075]
[150, 275, 640.445]
[150, 274, 641.19]
[150, 273, 642.085]
[150, 272, 643.1325]
[150, 271, 644.0175]
[150, 270, 644.8375]
[150, 269, 645.705]
[150, 268, 646.5]
[150, 267, 647.28]
[150, 266, 648.21]
[150, 265, 649.2325]
[150, 264, 650.355]
[150, 263, 651.32]
[150, 262, 652.295]
[150, 261, 653.16]
[150, 260, 653.8625]
[150, 259, 654.445]
[150, 258, 655.0675]
[150, 257, 655.7125]
[150, 256, 656.4225]
[150, 255, 657.0825]
[150, 254, 657.625]
[150, 253, 658.175]
[150, 252, 658.68]
[150, 251, 659.1475]
[150, 250, 659.7025]
[150, 249, 660.2175]
[150, 248, 660.76]
[150, 247, 661.2775]
[150, 246, 661.8325]
[150, 245, 662.4575]
[150, 244, 663.13]
[150, 243, 663.855]
[150, 242, 664.48]
[150, 241, 664.9875]
[150, 240, 665.42]
[150, 239, 665.89]
[150, 238, 666.4825]
[150, 237, 667.0775]
[150, 236, 667.7475]
[150, 235, 668.3175]
[150, 234, 668.89]
[150, 233, 669.43]
[150, 232, 669.8775]
[150, 231, 670.235]
[150, 230, 670.7675]
[150, 229, 671.2625]
[150, 228, 671.8425]
[150, 227, 672.53]
[150, 226, 673.2575]
[150, 225, 674.0325]
[150, 224, 674.7825]
[150, 223, 675.3725]
[150, 222, 675.9425]
[150, 221, 676.4775]
[150, 220, 677.03]
[150, 219, 677.49]
[150, 218, 677.96]
[150, 217, 678.4325]
[150, 216, 678.8575]
[150, 215, 679.47]
[150, 214, 680.035]
[150, 213, 680.58]
[150, 212, 681.0275]
[150, 211, 681.685]
[150, 210, 682.355]
[150, 209, 683.0125]
[150, 208, 683.715]
[150, 207, 684.3925]
[150, 206, 685.0]
[150, 205, 685.47]
[150, 204, 685.845]
[150, 203, 686.2575]
[150, 202, 686.76]
[150, 201, 687.3075]
[150, 200, 687.8475]
[150, 199, 688.3725]
[150, 198, 688.845]
[150, 197, 689.3025]
[150, 196, 689.77]
[150, 195, 690.2075]
[150, 194, 690.635]
[150, 193, 691.1275]
[150, 192, 691.69]
[150, 191, 692.225]
[150, 190, 692.815]
[150, 189, 693.415]
[150, 188, 694.0275]
[150, 187, 694.59]
[150, 186, 695.185]
[150, 185, 695.6925]
[150, 184, 696.2575]
[150, 183, 696.8175]
[150, 182, 697.475]
[150, 181, 698.185]
[150, 180, 698.8075]
[150, 179, 699.485]
[150, 178, 700.2075]
[150, 177, 700.72]
[150, 176, 701.255]
[150, 175, 701.7125]
[150, 174, 702.2525]
[150, 173, 702.945]
[150, 172, 703.58]
[150, 171, 704.2]
[150, 170, 704.8325]
[150, 169, 705.4275]
[150, 168, 706.1275]
[150, 167, 706.7025]
[150, 166, 707.325]
[150, 165, 707.975]
[150, 164, 708.51]
[150, 163, 709.0625]
[150, 162, 709.6925]
[150, 161, 710.545]
[150, 160, 711.3925]
[150, 159, 712.2325]
[150, 158, 713.08]
[150, 157, 713.755]
[150, 156, 714.38]
[150, 155, 715.115]
[150, 154, 715.7125]
[150, 153, 716.4025]
[150, 152, 717.22]
[150, 151, 718.0]
[150, 150, 718.6825]
[150, 149, 719.385]
[150, 148, 720.14]
[150, 147, 720.9325]
[150, 146, 721.745]
[150, 145, 722.5425]
[150, 144, 723.3475]
[150, 143, 724.1325]
[150, 142, 724.9675]
[150, 141, 725.9125]
[150, 140, 726.8475]
[150, 139, 727.7975]
[150, 138, 728.6075]
[150, 137, 729.37]
[150, 136, 730.1425]
[150, 135, 730.7725]
[150, 134, 731.51]
[150, 133, 732.1675]
[150, 132, 732.695]
[150, 131, 733.315]
[150, 130, 734.3]
[150, 129, 734.865]
[150, 128, 735.2975]
[150, 127, 735.925]
[150, 126, 736.615]
[150, 125, 737.23]
[150, 124, 737.87]
[150, 123, 738.45]
[150, 122, 738.9875]
[150, 121, 739.51]
[150, 120, 739.9825]
[150, 119, 740.485]
[150, 118, 741.065]
[150, 117, 741.6425]
[150, 116, 742.195]
[150, 115, 742.7775]
[150, 114, 743.32]
[150, 113, 743.8]
[150, 112, 744.35]
[150, 111, 744.86]
[150, 110, 745.31]
[150, 109, 745.78]
[150, 108, 746.365]
[150, 107, 746.9625]
[150, 106, 747.4675]
[150, 105, 747.93]
[150, 104, 748.4025]
[150, 103, 748.835]
[150, 102, 749.265]
[150, 101, 749.7125]
[150, 100, 750.1875]
[150, 99, 750.6875]
[150, 98, 751.2275]
[150, 97, 751.7425]
[150, 96, 752.0825]
[150, 95, 752.6325]
[150, 94, 753.2225]
[150, 93, 753.7125]
[150, 92, 754.01]
[150, 91, 754.3475]
[150, 90, 754.78]
[150, 89, 755.325]
[150, 88, 755.9075]
[150, 87, 756.41]
[150, 86, 756.9225]
[150, 85, 757.4825]
[150, 84, 757.9925]
[150, 83, 758.435]
[150, 82, 758.7575]
[150, 81, 759.1575]
[150, 80, 759.505]
[150, 79, 759.89]
[150, 78, 760.29]
[150, 77, 760.74]
[150, 76, 761.2]
[150, 75, 761.6075]
[150, 74, 762.025]
[150, 73, 762.4175]
[150, 72, 762.815]
[150, 71, 763.17]
[150, 70, 763.5425]
[150, 69, 763.9625]
[150, 68, 764.3975]
[150, 67, 764.8475]
[150, 66, 765.2975]
[150, 65, 765.745]
[150, 64, 766.1275]
[150, 63, 766.5775]
[150, 62, 767.1075]
[150, 61, 767.66]
[150, 60, 768.3575]
[150, 59, 769.055]
[150, 58, 769.7225]
[150, 57, 770.235]
[150, 56, 770.79]
[150, 55, 771.3025]
[150, 54, 771.8425]
[150, 53, 772.305]
[150, 52, 772.7275]
[150, 51, 773.1375]
[150, 50, 773.59]
[150, 49, 773.9925]
[150, 48, 774.4475]
[150, 47, 774.89]
[150, 46, 775.31]
[150, 45, 775.8025]
[150, 44, 776.3675]
[150, 43, 776.905]
[150, 42, 777.4425]
[150, 41, 777.96]
[150, 40, 778.51]
[150, 39, 779.0375]
[150, 38, 779.535]
[150, 37, 779.9325]
[150, 36, 780.3725]
[150, 35, 780.8275]
[150, 34, 781.2875]
[150, 33, 781.785]
[150, 32, 782.28]
[150, 31, 782.715]
[150, 30, 783.165]
[150, 29, 783.6325]
[150, 28, 784.105]
[150, 27, 784.65]
[150, 26, 785.3375]
[150, 25, 785.97]
[150, 24, 786.505]
[150, 23, 787.095]
[150, 22, 787.7]
[150, 21, 788.315]
[150, 20, 788.9575]
[150, 19, 789.6025]
[150, 18, 790.2575]
[150, 17, 790.8875]
[150, 16, 791.5225]
[150, 15, 792.18]
[150, 14, 792.7625]
[150, 13, 793.3475]
[150, 12, 793.8875]
[150, 11, 794.455]
[150, 10, 795.07]
[150, 9, 795.675]
[150, 8, 796.205]
[150, 7, 796.68]
[150, 6, 797.19]
[150, 5, 797.715]
[150, 4, 798.1575]
[150, 3, 798.42]
[150, 2, 798.85]
[150, 1, 799.3225]
[150, 0, 799.8575]
[160, 0, 798.9925]
[160, 1, 798.805]
[160, 2, 798.4525]
[160, 3, 798.1375]
[160, 4, 797.8225]
[160, 5, 797.425]
[160, 6, 797.0325]
[160, 7, 796.555]
[160, 8, 796.035]
[160, 9, 795.61]
[160, 10, 795.26]
[160, 11, 794.85]
[160, 12, 794.405]
[160, 13, 793.8525]
[160, 14, 793.2675]
[160, 15, 792.785]
[160, 16, 792.1325]
[160, 17, 791.47]
[160, 18, 790.865]
[160, 19, 790.1325]
[160, 20, 789.485]
[160, 21, 788.945]
[160, 22, 788.5225]
[160, 23, 788.245]
[160, 24, 787.8675]
[160, 25, 787.39]
[160, 26, 786.8075]
[160, 27, 786.16]
[160, 28, 785.5575]
[160, 29, 785.055]
[160, 30, 784.5425]
[160, 31, 784.0975]
[160, 32, 783.72]
[160, 33, 783.32]
[160, 34, 782.8675]
[160, 35, 782.4275]
[160, 36, 782.015]
[160, 37, 781.54]
[160, 38, 781.05]
[160, 39, 780.55]
[160, 40, 780.085]
[160, 41, 779.58]
[160, 42, 779.06]
[160, 43, 778.5125]
[160, 44, 778.01]
[160, 45, 777.5375]
[160, 46, 777.025]
[160, 47, 776.51]
[160, 48, 776.03]
[160, 49, 775.5775]
[160, 50, 775.1325]
[160, 51, 774.7025]
[160, 52, 774.2675]
[160, 53, 773.86]
[160, 54, 773.43]
[160, 55, 772.965]
[160, 56, 772.5]
[160, 57, 771.975]
[160, 58, 771.545]
[160, 59, 771.0725]
[160, 60, 770.645]
[160, 61, 770.0375]
[160, 62, 769.4075]
[160, 63, 768.775]
[160, 64, 768.015]
[160, 65, 767.465]
[160, 66, 767.03]
[160, 67, 766.5725]
[160, 68, 766.1625]
[160, 69, 765.76]
[160, 70, 765.32]
[160, 71, 764.85]
[160, 72, 764.3975]
[160, 73, 763.925]
[160, 74, 763.5725]
[160, 75, 763.2225]
[160, 76, 762.945]
[160, 77, 762.635]
[160, 78, 762.28]
[160, 79, 761.7225]
[160, 80, 761.2725]
[160, 81, 760.955]
[160, 82, 760.65]
[160, 83, 760.1775]
[160, 84, 759.8825]
[160, 85, 759.6175]
[160, 86, 759.2]
[160, 87, 758.72]
[160, 88, 758.1825]
[160, 89, 757.78]
[160, 90, 757.3375]
[160, 91, 756.81]
[160, 92, 756.365]
[160, 93, 755.8875]
[160, 94, 755.2575]
[160, 95, 754.7325]
[160, 96, 754.3725]
[160, 97, 753.9075]
[160, 98, 753.58]
[160, 99, 753.23]
[160, 100, 752.8675]
[160, 101, 752.385]
[160, 102, 752.0225]
[160, 103, 751.52]
[160, 104, 751.01]
[160, 105, 750.4275]
[160, 106, 749.935]
[160, 107, 749.44]
[160, 108, 748.965]
[160, 109, 748.48]
[160, 110, 748.075]
[160, 111, 747.6125]
[160, 112, 747.15]
[160, 113, 746.66]
[160, 114, 746.145]
[160, 115, 745.6475]
[160, 116, 745.2125]
[160, 117, 744.79]
[160, 118, 744.3175]
[160, 119, 743.7875]
[160, 120, 743.36]
[160, 121, 742.9225]
[160, 122, 742.3]
[160, 123, 741.67]
[160, 124, 741.005]
[160, 125, 740.4525]
[160, 126, 740.03]
[160, 127, 739.6775]
[160, 128, 739.165]
[160, 129, 738.6325]
[160, 130, 738.21]
[160, 131, 737.775]
[160, 132, 737.305]
[160, 133, 736.7125]
[160, 134, 736.1775]
[160, 135, 735.565]
[160, 136, 734.845]
[160, 137, 734.1675]
[160, 138, 733.38]
[160, 139, 732.49]
[160, 140, 731.5425]
[160, 141, 730.5625]
[160, 142, 729.62]
[160, 143, 728.7375]
[160, 144, 727.7975]
[160, 145, 726.95]
[160, 146, 726.195]
[160, 147, 725.5225]
[160, 148, 724.7925]
[160, 149, 724.065]
[160, 150, 723.3075]
[160, 151, 722.5375]
[160, 152, 721.785]
[160, 153, 721.065]
[160, 154, 720.325]
[160, 155, 719.6025]
[160, 156, 718.8375]
[160, 157, 718.095]
[160, 158, 717.35]
[160, 159, 716.5825]
[160, 160, 715.915]
[160, 161, 715.365]
[160, 162, 714.69]
[160, 163, 713.9375]
[160, 164, 713.2575]
[160, 165, 712.535]
[160, 166, 711.83]
[160, 167, 711.0575]
[160, 168, 710.2025]
[160, 169, 709.3925]
[160, 170, 708.68]
[160, 171, 708.0875]
[160, 172, 707.47]
[160, 173, 706.86]
[160, 174, 706.3225]
[160, 175, 705.7825]
[160, 176, 705.1575]
[160, 177, 704.5675]
[160, 178, 704.0175]
[160, 179, 703.525]
[160, 180, 703.0125]
[160, 181, 702.5775]
[160, 182, 702.005]
[160, 183, 701.4075]
[160, 184, 700.8]
[160, 185, 700.145]
[160, 186, 699.5175]
[160, 187, 699.0025]
[160, 188, 698.4975]
[160, 189, 697.955]
[160, 190, 697.42]
[160, 191, 696.9425]
[160, 192, 696.3775]
[160, 193, 695.7875]
[160, 194, 695.1575]
[160, 195, 694.5875]
[160, 196, 694.0925]
[160, 197, 693.6075]
[160, 198, 693.0025]
[160, 199, 692.3775]
[160, 200, 691.7325]
[160, 201, 691.145]
[160, 202, 690.58]
[160, 203, 690.005]
[160, 204, 689.36]
[160, 205, 688.8225]
[160, 206, 688.3175]
[160, 207, 687.845]
[160, 208, 687.3375]
[160, 209, 686.88]
[160, 210, 686.455]
[160, 211, 686.0375]
[160, 212, 685.575]
[160, 213, 685.1075]
[160, 214, 684.61]
[160, 215, 684.125]
[160, 216, 683.55]
[160, 217, 682.88]
[160, 218, 682.335]
[160, 219, 681.8575]
[160, 220, 681.4275]
[160, 221, 681.0525]
[160, 222, 680.705]
[160, 223, 680.3425]
[160, 224, 679.8975]
[160, 225, 679.2975]
[160, 226, 678.8225]
[160, 227, 678.27]
[160, 228, 677.725]
[160, 229, 677.2325]
[160, 230, 676.7275]
[160, 231, 676.1475]
[160, 232, 675.595]
[160, 233, 675.06]
[160, 234, 674.49]
[160, 235, 673.9525]
[160, 236, 673.4175]
[160, 237, 672.825]
[160, 238, 672.265]
[160, 239, 671.7225]
[160, 240, 671.125]
[160, 241, 670.5075]
[160, 242, 669.88]
[160, 243, 669.2375]
[160, 244, 668.535]
[160, 245, 667.7475]
[160, 246, 667.0475]
[160, 247, 666.4125]
[160, 248, 665.7875]
[160, 249, 665.2125]
[160, 250, 664.715]
[160, 251, 664.2625]
[160, 252, 663.7175]
[160, 253, 663.215]
[160, 254, 662.7575]
[160, 255, 662.255]
[160, 256, 661.645]
[160, 257, 660.97]
[160, 258, 660.31]
[160, 259, 659.6075]
[160, 260, 658.835]
[160, 261, 658.1]
[160, 262, 657.39]
[160, 263, 656.6525]
[160, 264, 655.905]
[160, 265, 655.18]
[160, 266, 654.4375]
[160, 267, 653.605]
[160, 268, 652.81]
[160, 269, 651.985]
[160, 270, 651.125]
[160, 271, 650.245]
[160, 272, 649.385]
[160, 273, 648.44]
[160, 274, 647.495]
[160, 275, 646.5525]
[160, 276, 645.59]
[160, 277, 644.72]
[160, 278, 643.855]
[160, 279, 643.005]
[160, 280, 642.2175]
[160, 281, 641.46]
[160, 282, 640.7425]
[160, 283, 639.98]
[160, 284, 639.19]
[160, 285, 638.45]
[160, 286, 637.68]
[160, 287, 636.9725]
[160, 288, 636.365]
[160, 289, 635.55]
[160, 290, 634.6575]
[160, 291, 634.0675]
[160, 292, 633.7725]
[160, 293, 633.39]
[160, 294, 632.86]
[160, 295, 632.14]
[160, 296, 631.365]
[160, 297, 630.51]
[160, 298, 629.58]
[160, 299, 628.685]
[160, 300, 627.945]
[160, 301, 627.105]
[160, 302, 626.42]
[160, 303, 625.69]
[160, 304, 624.9775]
[160, 305, 624.335]
[160, 306, 623.79]
[160, 307, 623.2575]
[160, 308, 622.7675]
[160, 309, 622.34]
[160, 310, 621.8925]
[160, 311, 621.4525]
[160, 312, 620.9525]
[160, 313, 620.4325]
[160, 314, 620.0225]
[160, 315, 619.48]
[160, 316, 618.935]
[160, 317, 618.5175]
[160, 318, 618.175]
[160, 319, 617.7925]
[160, 320, 617.3475]
[160, 321, 616.9275]
[160, 322, 616.5075]
[160, 323, 616.1125]
[160, 324, 615.7325]
[160, 325, 615.3825]
[160, 326, 615.0775]
[160, 327, 614.6325]
[160, 328, 614.22]
[160, 329, 613.88]
[160, 330, 613.4625]
[160, 331, 613.0025]
[160, 332, 612.555]
[160, 333, 612.015]
[160, 334, 611.48]
[160, 335, 611.0225]
[160, 336, 610.5375]
[160, 337, 610.0475]
[160, 338, 609.535]
[160, 339, 609.0775]
[160, 340, 608.615]
[160, 341, 608.08]
[160, 342, 607.65]
[160, 343, 607.1875]
[160, 344, 606.73]
[160, 345, 606.22]
[160, 346, 605.9475]
[160, 347, 605.595]
[160, 348, 605.095]
[160, 349, 604.6575]
[160, 350, 604.195]
[160, 351, 603.7]
[160, 352, 603.2425]
[160, 353, 602.735]
[160, 354, 602.3825]
[160, 355, 602.005]
[160, 356, 601.75]
[160, 357, 601.52]
[160, 358, 601.3]
[160, 359, 601.0725]
[160, 360, 600.8125]
[160, 361, 600.55]
[160, 362, 600.2925]
[160, 363, 600.0275]
[160, 364, 599.775]
[160, 365, 599.48]
[160, 366, 599.215]
[160, 367, 599.0325]
[160, 368, 598.8675]
[160, 369, 598.645]
[160, 370, 598.4925]
[160, 371, 598.115]
[160, 372, 597.705]
[160, 373, 597.42]
[160, 374, 597.2475]
[160, 375, 597.05]
[160, 376, 596.6725]
[160, 377, 596.2625]
[160, 378, 595.88]
[160, 379, 595.5425]
[160, 380, 595.1225]
[160, 381, 594.87]
[160, 382, 594.6]
[160, 383, 594.2125]
[160, 384, 593.835]
[160, 385, 593.5175]
[160, 386, 593.09]
[160, 387, 592.715]
[160, 388, 592.4975]
[160, 389, 592.2075]
[160, 390, 591.65]
[160, 391, 591.195]
[160, 392, 590.7325]
[160, 393, 590.4]
[160, 394, 590.215]
[160, 395, 589.9525]
[160, 396, 589.7125]
[160, 397, 589.575]
[160, 398, 589.43]
[160, 399, 589.285]
[160, 400, 588.9375]
[160, 401, 588.545]
[160, 402, 588.045]
[160, 403, 587.5125]
[160, 404, 586.995]
[160, 405, 586.5]
[160, 406, 585.87]
[160, 407, 585.3125]
[160, 408, 585.1325]
[160, 409, 584.83]
[160, 410, 584.53]
[160, 411, 584.1625]
[160, 412, 583.835]
[160, 413, 583.49]
[160, 414, 583.1375]
[160, 415, 582.855]
[160, 416, 582.6525]
[160, 417, 582.3625]
[160, 418, 582.1525]
[160, 419, 581.8925]
[160, 420, 581.595]
[160, 421, 581.32]
[160, 422, 581.0575]
[160, 423, 580.79]
[160, 424, 580.49]
[160, 425, 580.285]
[160, 426, 579.9525]
[160, 427, 579.6425]
[160, 428, 579.41]
[160, 429, 579.2775]
[160, 430, 579.14]
[160, 431, 579.0725]
[160, 432, 579.0375]
[160, 433, 578.965]
[160, 434, 578.7375]
[160, 435, 578.38]
[160, 436, 578.22]
[160, 437, 578.0775]
[160, 438, 578.005]
[160, 439, 577.9975]
[160, 440, 577.9625]
[160, 441, 577.8425]
[160, 442, 577.6125]
[160, 443, 577.3925]
[160, 444, 577.0025]
[160, 445, 576.5175]
[160, 446, 576.1175]
[160, 447, 575.88]
[160, 448, 575.7275]
[160, 449, 575.5675]
[160, 450, 575.5325]
[160, 451, 575.43]
[160, 452, 575.3025]
[160, 453, 575.2625]
[160, 454, 575.1825]
[160, 455, 574.995]
[160, 456, 574.7825]
[160, 457, 574.51]
[160, 458, 574.205]
[160, 459, 573.9375]
[160, 460, 573.72]
[160, 461, 573.51]
[160, 462, 573.385]
[160, 463, 573.1975]
[160, 464, 573.095]
[160, 465, 573.0025]
[160, 466, 572.935]
[160, 467, 572.77]
[160, 468, 572.64]
[160, 469, 572.53]
[160, 470, 572.3775]
[160, 471, 572.24]
[160, 472, 572.11]
[160, 473, 571.9925]
[160, 474, 571.91]
[160, 475, 571.79]
[160, 476, 571.6275]
[160, 477, 571.51]
[160, 478, 571.37]
[160, 479, 571.325]
[160, 480, 571.195]
[160, 481, 571.07]
[160, 482, 571.1675]
[160, 483, 571.1475]
[160, 484, 570.8775]
[160, 485, 570.5475]
[160, 486, 570.5075]
[160, 487, 570.6775]
[160, 488, 570.6025]
[160, 489, 570.505]
[160, 490, 570.4675]
[160, 491, 570.2625]
[160, 492, 570.2025]
[160, 493, 570.0425]
[160, 494, 569.715]
[160, 495, 569.2825]
[160, 496, 569.0175]
[160, 497, 569.1725]
[160, 498, 569.065]
[160, 499, 568.765]
[170, 499, 574.3375]
[170, 498, 574.52]
[170, 497, 574.6425]
[170, 496, 574.7475]
[170, 495, 574.8725]
[170, 494, 575.05]
[170, 493, 575.265]
[170, 492, 575.525]
[170, 491, 575.79]
[170, 490, 575.9]
[170, 489, 575.9675]
[170, 488, 576.0375]
[170, 487, 576.1825]
[170, 486, 576.3525]
[170, 485, 576.5275]
[170, 484, 576.3875]
[170, 483, 576.345]
[170, 482, 576.5875]
[170, 481, 576.755]
[170, 480, 576.895]
[170, 479, 576.99]
[170, 478, 577.15]
[170, 477, 577.2075]
[170, 476, 577.285]
[170, 475, 577.4225]
[170, 474, 577.53]
[170, 473, 577.72]
[170, 472, 577.91]
[170, 471, 578.025]
[170, 470, 578.04]
[170, 469, 578.1625]
[170, 468, 578.3875]
[170, 467, 578.6425]
[170, 466, 578.8475]
[170, 465, 579.095]
[170, 464, 579.3475]
[170, 463, 579.5675]
[170, 462, 579.8475]
[170, 461, 580.0875]
[170, 460, 580.3]
[170, 459, 580.4875]
[170, 458, 580.65]
[170, 457, 580.8825]
[170, 456, 581.1975]
[170, 455, 581.405]
[170, 454, 581.55]
[170, 453, 581.6675]
[170, 452, 581.7475]
[170, 451, 581.9325]
[170, 450, 582.0725]
[170, 449, 582.275]
[170, 448, 582.4375]
[170, 447, 582.6325]
[170, 446, 582.7775]
[170, 445, 582.9225]
[170, 444, 583.0975]
[170, 443, 583.325]
[170, 442, 583.5275]
[170, 441, 583.6925]
[170, 440, 583.7825]
[170, 439, 583.85]
[170, 438, 583.9325]
[170, 437, 584.03]
[170, 436, 584.1725]
[170, 435, 584.425]
[170, 434, 584.6675]
[170, 433, 584.8825]
[170, 432, 585.1475]
[170, 431, 585.435]
[170, 430, 585.655]
[170, 429, 585.88]
[170, 428, 586.1625]
[170, 427, 586.485]
[170, 426, 586.895]
[170, 425, 587.205]
[170, 424, 587.4125]
[170, 423, 587.6275]
[170, 422, 587.87]
[170, 421, 588.1025]
[170, 420, 588.29]
[170, 419, 588.4325]
[170, 418, 588.48]
[170, 417, 588.6075]
[170, 416, 588.96]
[170, 415, 589.435]
[170, 414, 589.715]
[170, 413, 589.9025]
[170, 412, 590.2725]
[170, 411, 590.5875]
[170, 410, 590.8525]
[170, 409, 591.14]
[170, 408, 591.45]
[170, 407, 591.72]
[170, 406, 591.9175]
[170, 405, 592.1575]
[170, 404, 592.445]
[170, 403, 592.61]
[170, 402, 592.84]
[170, 401, 593.295]
[170, 400, 593.715]
[170, 399, 594.115]
[170, 398, 594.42]
[170, 397, 594.72]
[170, 396, 595.0075]
[170, 395, 595.37]
[170, 394, 595.805]
[170, 393, 596.075]
[170, 392, 596.32]
[170, 391, 596.565]
[170, 390, 596.7225]
[170, 389, 597.11]
[170, 388, 597.57]
[170, 387, 598.0275]
[170, 386, 598.2875]
[170, 385, 598.665]
[170, 384, 599.105]
[170, 383, 599.4025]
[170, 382, 599.7025]
[170, 381, 600.0225]
[170, 380, 600.29]
[170, 379, 600.5675]
[170, 378, 600.8275]
[170, 377, 601.1675]
[170, 376, 601.3875]
[170, 375, 601.6275]
[170, 374, 601.9125]
[170, 373, 602.165]
[170, 372, 602.475]
[170, 371, 602.7125]
[170, 370, 602.8875]
[170, 369, 603.075]
[170, 368, 603.2325]
[170, 367, 603.3975]
[170, 366, 603.6375]
[170, 365, 603.8525]
[170, 364, 604.0875]
[170, 363, 604.305]
[170, 362, 604.43]
[170, 361, 604.6025]
[170, 360, 604.875]
[170, 359, 605.1425]
[170, 358, 605.4125]
[170, 357, 605.615]
[170, 356, 606.015]
[170, 355, 606.4725]
[170, 354, 606.985]
[170, 353, 607.545]
[170, 352, 608.165]
[170, 351, 608.8175]
[170, 350, 609.3525]
[170, 349, 609.9]
[170, 348, 610.4725]
[170, 347, 610.935]
[170, 346, 611.44]
[170, 345, 611.9925]
[170, 344, 612.51]
[170, 343, 612.9925]
[170, 342, 613.4175]
[170, 341, 613.71]
[170, 340, 613.985]
[170, 339, 614.2775]
[170, 338, 614.7975]
[170, 337, 615.475]
[170, 336, 616.1775]
[170, 335, 616.685]
[170, 334, 617.135]
[170, 333, 617.625]
[170, 332, 618.14]
[170, 331, 618.6425]
[170, 330, 619.0575]
[170, 329, 619.38]
[170, 328, 619.795]
[170, 327, 620.185]
[170, 326, 620.6025]
[170, 325, 621.075]
[170, 324, 621.45]
[170, 323, 621.895]
[170, 322, 622.325]
[170, 321, 622.785]
[170, 320, 623.28]
[170, 319, 623.7675]
[170, 318, 624.28]
[170, 317, 624.7625]
[170, 316, 625.16]
[170, 315, 625.5375]
[170, 314, 625.9675]
[170, 313, 626.415]
[170, 312, 626.81]
[170, 311, 627.305]
[170, 310, 627.74]
[170, 309, 628.2125]
[170, 308, 628.6625]
[170, 307, 629.1625]
[170, 306, 629.75]
[170, 305, 630.26]
[170, 304, 630.765]
[170, 303, 631.34]
[170, 302, 631.825]
[170, 301, 632.3875]
[170, 300, 633.005]
[170, 299, 633.6875]
[170, 298, 634.405]
[170, 297, 635.2375]
[170, 296, 636.03]
[170, 295, 636.9]
[170, 294, 637.7175]
[170, 293, 638.435]
[170, 292, 639.13]
[170, 291, 639.875]
[170, 290, 640.645]
[170, 289, 641.335]
[170, 288, 641.96]
[170, 287, 642.4775]
[170, 286, 642.8925]
[170, 285, 643.2025]
[170, 284, 643.535]
[170, 283, 643.86]
[170, 282, 644.2075]
[170, 281, 644.705]
[170, 280, 645.385]
[170, 279, 646.1925]
[170, 278, 647.0125]
[170, 277, 647.67]
[170, 276, 648.6525]
[170, 275, 649.9175]
[170, 274, 651.17]
[170, 273, 652.245]
[170, 272, 653.2575]
[170, 271, 654.4]
[170, 270, 655.3375]
[170, 269, 656.0875]
[170, 268, 656.7575]
[170, 267, 657.4]
[170, 266, 658.0725]
[170, 265, 658.675]
[170, 264, 659.3375]
[170, 263, 660.0075]
[170, 262, 660.76]
[170, 261, 661.43]
[170, 260, 662.095]
[170, 259, 662.77]
[170, 258, 663.4225]
[170, 257, 664.0275]
[170, 256, 664.6675]
[170, 255, 665.365]
[170, 254, 666.1025]
[170, 253, 666.7975]
[170, 252, 667.56]
[170, 251, 668.3275]
[170, 250, 668.99]
[170, 249, 669.6725]
[170, 248, 670.285]
[170, 247, 670.965]
[170, 246, 671.5625]
[170, 245, 672.185]
[170, 244, 672.805]
[170, 243, 673.3625]
[170, 242, 673.9275]
[170, 241, 674.43]
[170, 240, 674.97]
[170, 239, 675.51]
[170, 238, 676.115]
[170, 237, 676.6975]
[170, 236, 677.3275]
[170, 235, 677.95]
[170, 234, 678.5575]
[170, 233, 679.1975]
[170, 232, 679.86]
[170, 231, 680.535]
[170, 230, 681.1925]
[170, 229, 681.7675]
[170, 228, 682.395]
[170, 227, 682.9425]
[170, 226, 683.435]
[170, 225, 683.885]
[170, 224, 684.2675]
[170, 223, 684.71]
[170, 222, 685.16]
[170, 221, 685.505]
[170, 220, 685.8375]
[170, 219, 686.1675]
[170, 218, 686.4825]
[170, 217, 686.9175]
[170, 216, 687.365]
[170, 215, 687.735]
[170, 214, 688.2175]
[170, 213, 688.66]
[170, 212, 689.0725]
[170, 211, 689.49]
[170, 210, 689.9875]
[170, 209, 690.4425]
[170, 208, 690.9975]
[170, 207, 691.56]
[170, 206, 692.1575]
[170, 205, 692.8475]
[170, 204, 693.485]
[170, 203, 694.13]
[170, 202, 694.75]
[170, 201, 695.33]
[170, 200, 696.1325]
[170, 199, 696.925]
[170, 198, 697.5675]
[170, 197, 698.1525]
[170, 196, 698.7625]
[170, 195, 699.3175]
[170, 194, 699.91]
[170, 193, 700.5425]
[170, 192, 701.06]
[170, 191, 701.6075]
[170, 190, 702.1675]
[170, 189, 702.565]
[170, 188, 703.0475]
[170, 187, 703.495]
[170, 186, 703.9375]
[170, 185, 704.4175]
[170, 184, 704.88]
[170, 183, 705.4675]
[170, 182, 706.1425]
[170, 181, 706.785]
[170, 180, 707.345]
[170, 179, 707.9075]
[170, 178, 708.4075]
[170, 177, 708.9075]
[170, 176, 709.4875]
[170, 175, 710.1125]
[170, 174, 710.7925]
[170, 173, 711.58]
[170, 172, 712.4525]
[170, 171, 713.335]
[170, 170, 714.0825]
[170, 169, 714.825]
[170, 168, 715.51]
[170, 167, 716.09]
[170, 166, 716.82]
[170, 165, 717.485]
[170, 164, 718.2225]
[170, 163, 718.8325]
[170, 162, 719.46]
[170, 161, 720.3175]
[170, 160, 721.1325]
[170, 159, 721.85]
[170, 158, 722.605]
[170, 157, 723.36]
[170, 156, 724.075]
[170, 155, 724.7]
[170, 154, 725.2625]
[170, 153, 725.865]
[170, 152, 726.4425]
[170, 151, 727.2325]
[170, 150, 728.15]
[170, 149, 728.9775]
[170, 148, 729.74]
[170, 147, 730.4825]
[170, 146, 731.2625]
[170, 145, 732.035]
[170, 144, 732.8225]
[170, 143, 733.6325]
[170, 142, 734.3375]
[170, 141, 735.0]
[170, 140, 735.675]
[170, 139, 736.2925]
[170, 138, 736.87]
[170, 137, 737.4125]
[170, 136, 737.995]
[170, 135, 738.525]
[170, 134, 739.08]
[170, 133, 739.66]
[170, 132, 740.135]
[170, 131, 740.57]
[170, 130, 741.115]
[170, 129, 741.6575]
[170, 128, 742.2125]
[170, 127, 742.7825]
[170, 126, 743.3225]
[170, 125, 743.8375]
[170, 124, 744.2475]
[170, 123, 744.785]
[170, 122, 745.285]
[170, 121, 745.675]
[170, 120, 746.0575]
[170, 119, 746.5775]
[170, 118, 747.01]
[170, 117, 747.385]
[170, 116, 747.905]
[170, 115, 748.3675]
[170, 114, 748.845]
[170, 113, 749.41]
[170, 112, 749.8175]
[170, 111, 750.2925]
[170, 110, 750.75]
[170, 109, 751.09]
[170, 108, 751.5325]
[170, 107, 752.0275]
[170, 106, 752.5425]
[170, 105, 753.03]
[170, 104, 753.4125]
[170, 103, 753.6625]
[170, 102, 754.09]
[170, 101, 754.5875]
[170, 100, 755.0]
[170, 99, 755.5125]
[170, 98, 755.88]
[170, 97, 756.28]
[170, 96, 756.7825]
[170, 95, 757.2825]
[170, 94, 757.795]
[170, 93, 758.245]
[170, 92, 758.7475]
[170, 91, 759.2175]
[170, 90, 759.725]
[170, 89, 760.0775]
[170, 88, 760.4475]
[170, 87, 760.7575]
[170, 86, 761.12]
[170, 85, 761.47]
[170, 84, 761.885]
[170, 83, 762.245]
[170, 82, 762.615]
[170, 81, 762.99]
[170, 80, 763.4]
[170, 79, 763.855]
[170, 78, 764.1825]
[170, 77, 764.5425]
[170, 76, 764.96]
[170, 75, 765.3375]
[170, 74, 765.62]
[170, 73, 765.9725]
[170, 72, 766.335]
[170, 71, 766.7475]
[170, 70, 767.1775]
[170, 69, 767.6125]
[170, 68, 768.01]
[170, 67, 768.585]
[170, 66, 769.2025]
[170, 65, 769.855]
[170, 64, 770.4275]
[170, 63, 770.955]
[170, 62, 771.4825]
[170, 61, 771.9875]
[170, 60, 772.4525]
[170, 59, 772.93]
[170, 58, 773.28]
[170, 57, 773.69]
[170, 56, 774.0875]
[170, 55, 774.4525]
[170, 54, 774.81]
[170, 53, 775.195]
[170, 52, 775.5925]
[170, 51, 776.03]
[170, 50, 776.5375]
[170, 49, 777.0125]
[170, 48, 777.4675]
[170, 47, 777.9725]
[170, 46, 778.365]
[170, 45, 778.8225]
[170, 44, 779.2625]
[170, 43, 779.7675]
[170, 42, 780.26]
[170, 41, 780.73]
[170, 40, 781.2425]
[170, 39, 781.7375]
[170, 38, 782.1825]
[170, 37, 782.495]
[170, 36, 782.84]
[170, 35, 783.1575]
[170, 34, 783.4925]
[170, 33, 783.9325]
[170, 32, 784.365]
[170, 31, 784.6575]
[170, 30, 784.8775]
[170, 29, 785.05]
[170, 28, 785.25]
[170, 27, 785.5925]
[170, 26, 786.075]
[170, 25, 786.4]
[170, 24, 786.7525]
[170, 23, 787.0925]
[170, 22, 787.42]
[170, 21, 787.8375]
[170, 20, 788.2725]
[170, 19, 788.585]
[170, 18, 788.97]
[170, 17, 789.255]
[170, 16, 789.51]
[170, 15, 789.72]
[170, 14, 789.835]
[170, 13, 789.9475]
[170, 12, 790.1725]
[170, 11, 790.38]
[170, 10, 790.5375]
[170, 9, 790.6725]
[170, 8, 790.7775]
[170, 7, 790.7]
[170, 6, 790.55]
[170, 5, 790.46]
[170, 4, 790.37]
[170, 3, 790.1275]
[170, 2, 789.83]
[170, 1, 789.5075]
[170, 0, 789.1825]
[180, 0, 775.76]
[180, 1, 776.105]
[180, 2, 776.42]
[180, 3, 776.8375]
[180, 4, 777.2475]
[180, 5, 777.5525]
[180, 6, 777.9]
[180, 7, 778.3125]
[180, 8, 778.58]
[180, 9, 778.9625]
[180, 10, 779.225]
[180, 11, 779.55]
[180, 12, 779.8825]
[180, 13, 780.14]
[180, 14, 780.345]
[180, 15, 780.4725]
[180, 16, 780.6525]
[180, 17, 780.8325]
[180, 18, 781.01]
[180, 19, 781.2775]
[180, 20, 781.605]
[180, 21, 781.83]
[180, 22, 782.0075]
[180, 23, 782.22]
[180, 24, 782.4225]
[180, 25, 782.705]
[180, 26, 783.0025]
[180, 27, 783.26]
[180, 28, 783.3575]
[180, 29, 783.4225]
[180, 30, 783.3425]
[180, 31, 783.2975]
[180, 32, 783.16]
[180, 33, 782.9825]
[180, 34, 782.7625]
[180, 35, 782.5025]
[180, 36, 782.335]
[180, 37, 782.085]
[180, 38, 781.775]
[180, 39, 781.35]
[180, 40, 781.035]
[180, 41, 780.55]
[180, 42, 780.0725]
[180, 43, 779.6925]
[180, 44, 779.4025]
[180, 45, 779.16]
[180, 46, 778.8825]
[180, 47, 778.61]
[180, 48, 778.2825]
[180, 49, 777.85]
[180, 50, 777.4825]
[180, 51, 777.1375]
[180, 52, 776.8225]
[180, 53, 776.495]
[180, 54, 776.125]
[180, 55, 775.7375]
[180, 56, 775.36]
[180, 57, 775.0]
[180, 58, 774.595]
[180, 59, 774.265]
[180, 60, 773.9025]
[180, 61, 773.505]
[180, 62, 773.105]
[180, 63, 772.6625]
[180, 64, 772.17]
[180, 65, 771.645]
[180, 66, 771.205]
[180, 67, 770.6875]
[180, 68, 770.0925]
[180, 69, 769.5225]
[180, 70, 768.915]
[180, 71, 768.375]
[180, 72, 767.935]
[180, 73, 767.5975]
[180, 74, 767.28]
[180, 75, 766.9875]
[180, 76, 766.64]
[180, 77, 766.335]
[180, 78, 766.015]
[180, 79, 765.6275]
[180, 80, 765.1625]
[180, 81, 764.81]
[180, 82, 764.47]
[180, 83, 764.0025]
[180, 84, 763.6825]
[180, 85, 763.39]
[180, 86, 763.01]
[180, 87, 762.6125]
[180, 88, 762.155]
[180, 89, 761.765]
[180, 90, 761.3575]
[180, 91, 760.89]
[180, 92, 760.46]
[180, 93, 760.0075]
[180, 94, 759.62]
[180, 95, 759.3425]
[180, 96, 758.86]
[180, 97, 758.31]
[180, 98, 758.0025]
[180, 99, 757.5975]
[180, 100, 757.09]
[180, 101, 756.6325]
[180, 102, 756.065]
[180, 103, 755.6875]
[180, 104, 755.415]
[180, 105, 755.0075]
[180, 106, 754.4375]
[180, 107, 754.0025]
[180, 108, 753.545]
[180, 109, 753.265]
[180, 110, 753.01]
[180, 111, 752.625]
[180, 112, 752.2375]
[180, 113, 751.8325]
[180, 114, 751.475]
[180, 115, 751.0375]
[180, 116, 750.5825]
[180, 117, 750.0475]
[180, 118, 749.595]
[180, 119, 749.135]
[180, 120, 748.61]
[180, 121, 748.04]
[180, 122, 747.5825]
[180, 123, 747.21]
[180, 124, 746.6975]
[180, 125, 746.1725]
[180, 126, 745.6425]
[180, 127, 745.07]
[180, 128, 744.515]
[180, 129, 744.055]
[180, 130, 743.585]
[180, 131, 743.045]
[180, 132, 742.4675]
[180, 133, 741.855]
[180, 134, 741.2125]
[180, 135, 740.58]
[180, 136, 740.0775]
[180, 137, 739.555]
[180, 138, 739.03]
[180, 139, 738.46]
[180, 140, 737.8325]
[180, 141, 737.345]
[180, 142, 736.8325]
[180, 143, 736.255]
[180, 144, 735.7175]
[180, 145, 735.0275]
[180, 146, 734.335]
[180, 147, 733.655]
[180, 148, 733.04]
[180, 149, 732.5425]
[180, 150, 732.0725]
[180, 151, 731.5775]
[180, 152, 731.015]
[180, 153, 730.395]
[180, 154, 729.7525]
[180, 155, 729.0725]
[180, 156, 728.3025]
[180, 157, 727.4175]
[180, 158, 726.665]
[180, 159, 726.115]
[180, 160, 725.5625]
[180, 161, 724.965]
[180, 162, 724.2825]
[180, 163, 723.5025]
[180, 164, 722.6025]
[180, 165, 721.7775]
[180, 166, 721.0025]
[180, 167, 720.34]
[180, 168, 719.605]
[180, 169, 718.9375]
[180, 170, 718.1975]
[180, 171, 717.47]
[180, 172, 716.83]
[180, 173, 716.1925]
[180, 174, 715.6275]
[180, 175, 714.99]
[180, 176, 714.28]
[180, 177, 713.585]
[180, 178, 712.8375]
[180, 179, 712.0725]
[180, 180, 711.22]
[180, 181, 710.505]
[180, 182, 709.9325]
[180, 183, 709.4275]
[180, 184, 708.9225]
[180, 185, 708.4475]
[180, 186, 707.81]
[180, 187, 707.2225]
[180, 188, 706.6925]
[180, 189, 706.22]
[180, 190, 705.7975]
[180, 191, 705.4125]
[180, 192, 704.985]
[180, 193, 704.55]
[180, 194, 703.9775]
[180, 195, 703.455]
[180, 196, 702.9]
[180, 197, 702.3725]
[180, 198, 701.8475]
[180, 199, 701.3175]
[180, 200, 700.735]
[180, 201, 700.1925]
[180, 202, 699.61]
[180, 203, 698.9925]
[180, 204, 698.2825]
[180, 205, 697.5975]
[180, 206, 696.98]
[180, 207, 696.4125]
[180, 208, 695.8575]
[180, 209, 695.25]
[180, 210, 694.6125]
[180, 211, 694.1]
[180, 212, 693.5075]
[180, 213, 693.015]
[180, 214, 692.545]
[180, 215, 692.1575]
[180, 216, 691.725]
[180, 217, 691.1975]
[180, 218, 690.555]
[180, 219, 689.9125]
[180, 220, 689.3075]
[180, 221, 688.83]
[180, 222, 688.2925]
[180, 223, 687.66]
[180, 224, 687.09]
[180, 225, 686.6425]
[180, 226, 686.2225]
[180, 227, 685.765]
[180, 228, 685.2475]
[180, 229, 684.8925]
[180, 230, 684.4025]
[180, 231, 683.9275]
[180, 232, 683.2825]
[180, 233, 682.65]
[180, 234, 682.0925]
[180, 235, 681.4125]
[180, 236, 680.86]
[180, 237, 680.375]
[180, 238, 679.9125]
[180, 239, 679.43]
[180, 240, 678.89]
[180, 241, 678.3475]
[180, 242, 677.665]
[180, 243, 676.9625]
[180, 244, 676.3225]
[180, 245, 675.6825]
[180, 246, 674.99]
[180, 247, 674.305]
[180, 248, 673.5925]
[180, 249, 672.865]
[180, 250, 672.19]
[180, 251, 671.54]
[180, 252, 670.9425]
[180, 253, 670.275]
[180, 254, 669.64]
[180, 255, 668.9725]
[180, 256, 668.2375]
[180, 257, 667.55]
[180, 258, 666.79]
[180, 259, 666.0]
[180, 260, 665.3475]
[180, 261, 664.74]
[180, 262, 664.085]
[180, 263, 663.4875]
[180, 264, 662.9125]
[180, 265, 662.3425]
[180, 266, 661.7675]
[180, 267, 661.1425]
[180, 268, 660.5825]
[180, 269, 660.06]
[180, 270, 659.5325]
[180, 271, 658.985]
[180, 272, 658.415]
[180, 273, 657.82]
[180, 274, 657.2075]
[180, 275, 656.5725]
[180, 276, 655.9125]
[180, 277, 655.1775]
[180, 278, 654.3675]
[180, 279, 653.6175]
[180, 280, 652.92]
[180, 281, 652.2375]
[180, 282, 651.595]
[180, 283, 650.9225]
[180, 284, 650.2975]
[180, 285, 649.5575]
[180, 286, 648.7625]
[180, 287, 648.0625]
[180, 288, 647.38]
[180, 289, 646.7275]
[180, 290, 646.0375]
[180, 291, 645.395]
[180, 292, 644.7325]
[180, 293, 644.0825]
[180, 294, 643.41]
[180, 295, 642.665]
[180, 296, 641.895]
[180, 297, 641.1375]
[180, 298, 640.4275]
[180, 299, 639.815]
[180, 300, 639.2825]
[180, 301, 638.7775]
[180, 302, 638.295]
[180, 303, 637.7525]
[180, 304, 637.2475]
[180, 305, 636.63]
[180, 306, 636.0425]
[180, 307, 635.44]
[180, 308, 634.8975]
[180, 309, 634.4125]
[180, 310, 633.9575]
[180, 311, 633.4575]
[180, 312, 632.98]
[180, 313, 632.465]
[180, 314, 631.99]
[180, 315, 631.4525]
[180, 316, 630.8975]
[180, 317, 630.3875]
[180, 318, 629.84]
[180, 319, 629.4075]
[180, 320, 628.965]
[180, 321, 628.605]
[180, 322, 628.32]
[180, 323, 627.95]
[180, 324, 627.6325]
[180, 325, 627.255]
[180, 326, 626.76]
[180, 327, 626.21]
[180, 328, 625.66]
[180, 329, 625.085]
[180, 330, 624.5075]
[180, 331, 624.0625]
[180, 332, 623.58]
[180, 333, 623.0425]
[180, 334, 622.585]
[180, 335, 622.12]
[180, 336, 621.665]
[180, 337, 621.2525]
[180, 338, 620.815]
[180, 339, 620.4025]
[180, 340, 620.0925]
[180, 341, 619.8]
[180, 342, 619.575]
[180, 343, 619.225]
[180, 344, 618.835]
[180, 345, 618.38]
[180, 346, 617.945]
[180, 347, 617.4775]
[180, 348, 616.915]
[180, 349, 616.3825]
[180, 350, 615.755]
[180, 351, 615.1975]
[180, 352, 614.77]
[180, 353, 614.305]
[180, 354, 613.8875]
[180, 355, 613.505]
[180, 356, 613.05]
[180, 357, 612.53]
[180, 358, 612.0475]
[180, 359, 611.61]
[180, 360, 611.215]
[180, 361, 610.76]
[180, 362, 610.39]
[180, 363, 609.96]
[180, 364, 609.6075]
[180, 365, 609.1575]
[180, 366, 608.6475]
[180, 367, 608.1975]
[180, 368, 607.7]
[180, 369, 607.325]
[180, 370, 607.0225]
[180, 371, 606.8375]
[180, 372, 606.6975]
[180, 373, 606.5525]
[180, 374, 606.46]
[180, 375, 606.28]
[180, 376, 606.11]
[180, 377, 605.92]
[180, 378, 605.645]
[180, 379, 605.4425]
[180, 380, 605.15]
[180, 381, 604.865]
[180, 382, 604.6075]
[180, 383, 604.295]
[180, 384, 603.9625]
[180, 385, 603.6575]
[180, 386, 603.3775]
[180, 387, 603.0625]
[180, 388, 602.835]
[180, 389, 602.615]
[180, 390, 602.4]
[180, 391, 601.9825]
[180, 392, 601.5325]
[180, 393, 601.17]
[180, 394, 600.905]
[180, 395, 600.6775]
[180, 396, 600.5125]
[180, 397, 600.3675]
[180, 398, 600.0475]
[180, 399, 599.7575]
[180, 400, 599.37]
[180, 401, 598.9625]
[180, 402, 598.6075]
[180, 403, 598.27]
[180, 404, 597.8075]
[180, 405, 597.445]
[180, 406, 597.11]
[180, 407, 596.7125]
[180, 408, 596.225]
[180, 409, 595.6825]
[180, 410, 595.4675]
[180, 411, 595.545]
[180, 412, 595.4775]
[180, 413, 595.0825]
[180, 414, 594.8775]
[180, 415, 594.705]
[180, 416, 594.5475]
[180, 417, 594.4125]
[180, 418, 594.1875]
[180, 419, 593.99]
[180, 420, 593.745]
[180, 421, 593.495]
[180, 422, 593.245]
[180, 423, 592.9925]
[180, 424, 592.63]
[180, 425, 592.3625]
[180, 426, 592.1225]
[180, 427, 591.9025]
[180, 428, 591.6975]
[180, 429, 591.4]
[180, 430, 591.05]
[180, 431, 590.765]
[180, 432, 590.4825]
[180, 433, 590.21]
[180, 434, 589.98]
[180, 435, 589.7225]
[180, 436, 589.4875]
[180, 437, 589.1925]
[180, 438, 588.9275]
[180, 439, 588.6525]
[180, 440, 588.3725]
[180, 441, 588.145]
[180, 442, 587.92]
[180, 443, 587.765]
[180, 444, 587.62]
[180, 445, 587.6225]
[180, 446, 587.585]
[180, 447, 587.4575]
[180, 448, 587.41]
[180, 449, 587.28]
[180, 450, 587.1325]
[180, 451, 587.0325]
[180, 452, 586.865]
[180, 453, 586.75]
[180, 454, 586.645]
[180, 455, 586.525]
[180, 456, 586.385]
[180, 457, 586.2625]
[180, 458, 586.0925]
[180, 459, 585.955]
[180, 460, 585.8175]
[180, 461, 585.6175]
[180, 462, 585.5175]
[180, 463, 585.36]
[180, 464, 585.23]
[180, 465, 585.1275]
[180, 466, 585.045]
[180, 467, 585.0075]
[180, 468, 584.8925]
[180, 469, 584.735]
[180, 470, 584.67]
[180, 471, 584.615]
[180, 472, 584.4775]
[180, 473, 584.3775]
[180, 474, 584.2775]
[180, 475, 584.1925]
[180, 476, 584.0425]
[180, 477, 583.9125]
[180, 478, 583.82]
[180, 479, 583.695]
[180, 480, 583.5825]
[180, 481, 583.4125]
[180, 482, 583.305]
[180, 483, 583.0925]
[180, 484, 582.925]
[180, 485, 582.7475]
[180, 486, 582.615]
[180, 487, 582.475]
[180, 488, 582.3275]
[180, 489, 582.18]
[180, 490, 582.03]
[180, 491, 581.775]
[180, 492, 581.54]
[180, 493, 581.34]
[180, 494, 581.1625]
[180, 495, 580.955]
[180, 496, 580.8325]
[180, 497, 580.705]
[180, 498, 580.52]
[180, 499, 580.3825]
[190, 499, 586.56]
[190, 498, 586.7825]
[190, 497, 586.9475]
[190, 496, 587.055]
[190, 495, 587.1525]
[190, 494, 587.23]
[190, 493, 587.3825]
[190, 492, 587.53]
[190, 491, 587.6525]
[190, 490, 587.7325]
[190, 489, 587.81]
[190, 488, 588.0025]
[190, 487, 588.1575]
[190, 486, 588.3175]
[190, 485, 588.435]
[190, 484, 588.605]
[190, 483, 588.85]
[190, 482, 589.07]
[190, 481, 589.215]
[190, 480, 589.325]
[190, 479, 589.4675]
[190, 478, 589.5875]
[190, 477, 589.7225]
[190, 476, 589.7975]
[190, 475, 589.9375]
[190, 474, 590.0375]
[190, 473, 590.0925]
[190, 472, 590.155]
[190, 471, 590.2625]
[190, 470, 590.36]
[190, 469, 590.4575]
[190, 468, 590.54]
[190, 467, 590.6375]
[190, 466, 590.7825]
[190, 465, 590.8825]
[190, 464, 590.9875]
[190, 463, 591.0]
[190, 462, 591.1275]
[190, 461, 591.3275]
[190, 460, 591.5475]
[190, 459, 591.7325]
[190, 458, 591.945]
[190, 457, 592.1975]
[190, 456, 592.4275]
[190, 455, 592.5975]
[190, 454, 592.6975]
[190, 453, 592.745]
[190, 452, 592.7725]
[190, 451, 592.8575]
[190, 450, 592.9225]
[190, 449, 593.045]
[190, 448, 593.24]
[190, 447, 593.4575]
[190, 446, 593.7025]
[190, 445, 593.9675]
[190, 444, 594.11]
[190, 443, 594.3]
[190, 442, 594.4975]
[190, 441, 594.7375]
[190, 440, 595.085]
[190, 439, 595.4225]
[190, 438, 595.73]
[190, 437, 595.985]
[190, 436, 596.205]
[190, 435, 596.44]
[190, 434, 596.6325]
[190, 433, 596.8325]
[190, 432, 597.03]
[190, 431, 597.2275]
[190, 430, 597.485]
[190, 429, 597.7175]
[190, 428, 598.0175]
[190, 427, 598.28]
[190, 426, 598.485]
[190, 425, 598.5925]
[190, 424, 599.0275]
[190, 423, 599.47]
[190, 422, 599.6975]
[190, 421, 599.915]
[190, 420, 600.1]
[190, 419, 600.3275]
[190, 418, 600.45]
[190, 417, 600.5825]
[190, 416, 600.7425]
[190, 415, 600.93]
[190, 414, 601.0]
[190, 413, 601.095]
[190, 412, 601.2625]
[190, 411, 601.42]
[190, 410, 601.5875]
[190, 409, 601.89]
[190, 408, 602.1625]
[190, 407, 602.5175]
[190, 406, 602.8425]
[190, 405, 603.185]
[190, 404, 603.625]
[190, 403, 604.1]
[190, 402, 604.5625]
[190, 401, 604.835]
[190, 400, 605.165]
[190, 399, 605.4725]
[190, 398, 605.6725]
[190, 397, 605.875]
[190, 396, 606.0675]
[190, 395, 606.215]
[190, 394, 606.285]
[190, 393, 606.3375]
[190, 392, 606.38]
[190, 391, 606.4375]
[190, 390, 606.63]
[190, 389, 606.8225]
[190, 388, 607.045]
[190, 387, 607.2775]
[190, 386, 607.655]
[190, 385, 608.0675]
[190, 384, 608.5]
[190, 383, 608.81]
[190, 382, 609.045]
[190, 381, 609.2325]
[190, 380, 609.485]
[190, 379, 609.7575]
[190, 378, 610.1825]
[190, 377, 610.5825]
[190, 376, 611.02]
[190, 375, 611.4775]
[190, 374, 611.81]
[190, 373, 612.2025]
[190, 372, 612.57]
[190, 371, 612.9875]
[190, 370, 613.365]
[190, 369, 613.82]
[190, 368, 614.3225]
[190, 367, 614.8925]
[190, 366, 615.3925]
[190, 365, 615.8525]
[190, 364, 616.17]
[190, 363, 616.585]
[190, 362, 616.9725]
[190, 361, 617.415]
[190, 360, 617.7725]
[190, 359, 618.22]
[190, 358, 618.6325]
[190, 357, 619.03]
[190, 356, 619.43]
[190, 355, 619.845]
[190, 354, 620.32]
[190, 353, 620.7225]
[190, 352, 621.125]
[190, 351, 621.5475]
[190, 350, 621.9825]
[190, 349, 622.415]
[190, 348, 622.86]
[190, 347, 623.32]
[190, 346, 623.865]
[190, 345, 624.415]
[190, 344, 624.9775]
[190, 343, 625.5675]
[190, 342, 626.085]
[190, 341, 626.5825]
[190, 340, 627.0475]
[190, 339, 627.47]
[190, 338, 627.7225]
[190, 337, 627.9425]
[190, 336, 628.255]
[190, 335, 628.5875]
[190, 334, 629.01]
[190, 333, 629.42]
[190, 332, 629.7375]
[190, 331, 630.115]
[190, 330, 630.53]
[190, 329, 630.96]
[190, 328, 631.3325]
[190, 327, 631.6725]
[190, 326, 632.1075]
[190, 325, 632.5625]
[190, 324, 633.01]
[190, 323, 633.48]
[190, 322, 633.85]
[190, 321, 634.2775]
[190, 320, 634.7425]
[190, 319, 635.1925]
[190, 318, 635.6325]
[190, 317, 636.0725]
[190, 316, 636.555]
[190, 315, 637.0775]
[190, 314, 637.6425]
[190, 313, 638.305]
[190, 312, 638.8575]
[190, 311, 639.4325]
[190, 310, 639.9825]
[190, 309, 640.4775]
[190, 308, 640.9925]
[190, 307, 641.495]
[190, 306, 641.925]
[190, 305, 642.4775]
[190, 304, 643.11]
[190, 303, 643.665]
[190, 302, 644.24]
[190, 301, 644.79]
[190, 300, 645.4525]
[190, 299, 646.3075]
[190, 298, 647.185]
[190, 297, 647.9125]
[190, 296, 648.565]
[190, 295, 649.1475]
[190, 294, 649.65]
[190, 293, 650.125]
[190, 292, 650.56]
[190, 291, 651.0725]
[190, 290, 651.645]
[190, 289, 652.2075]
[190, 288, 652.7175]
[190, 287, 653.3075]
[190, 286, 653.99]
[190, 285, 654.5475]
[190, 284, 655.0975]
[190, 283, 655.675]
[190, 282, 656.2225]
[190, 281, 656.8125]
[190, 280, 657.385]
[190, 279, 658.0025]
[190, 278, 658.6875]
[190, 277, 659.625]
[190, 276, 660.595]
[190, 275, 661.4275]
[190, 274, 661.9925]
[190, 273, 662.575]
[190, 272, 663.09]
[190, 271, 663.5575]
[190, 270, 664.005]
[190, 269, 664.4625]
[190, 268, 664.98]
[190, 267, 665.505]
[190, 266, 666.015]
[190, 265, 666.6425]
[190, 264, 667.385]
[190, 263, 668.1125]
[190, 262, 668.8875]
[190, 261, 669.5775]
[190, 260, 670.2425]
[190, 259, 670.8875]
[190, 258, 671.485]
[190, 257, 672.12]
[190, 256, 672.7775]
[190, 255, 673.575]
[190, 254, 674.3075]
[190, 253, 674.935]
[190, 252, 675.52]
[190, 251, 676.195]
[190, 250, 676.865]
[190, 249, 677.5425]
[190, 248, 678.24]
[190, 247, 679.0225]
[190, 246, 679.725]
[190, 245, 680.41]
[190, 244, 681.1]
[190, 243, 681.7575]
[190, 242, 682.47]
[190, 241, 683.05]
[190, 240, 683.54]
[190, 239, 684.04]
[190, 238, 684.51]
[190, 237, 684.995]
[190, 236, 685.4225]
[190, 235, 685.96]
[190, 234, 686.44]
[190, 233, 686.9]
[190, 232, 687.385]
[190, 231, 687.8375]
[190, 230, 688.49]
[190, 229, 689.2225]
[190, 228, 689.72]
[190, 227, 690.1575]
[190, 226, 690.5125]
[190, 225, 691.0425]
[190, 224, 691.56]
[190, 223, 692.08]
[190, 222, 692.625]
[190, 221, 693.255]
[190, 220, 693.9475]
[190, 219, 694.535]
[190, 218, 695.1325]
[190, 217, 695.775]
[190, 216, 696.43]
[190, 215, 697.0425]
[190, 214, 697.4675]
[190, 213, 697.8575]
[190, 212, 698.4475]
[190, 211, 698.985]
[190, 210, 699.65]
[190, 209, 700.2625]
[190, 208, 700.8125]
[190, 207, 701.4075]
[190, 206, 701.93]
[190, 205, 702.4725]
[190, 204, 703.0075]
[190, 203, 703.45]
[190, 202, 703.88]
[190, 201, 704.3825]
[190, 200, 704.675]
[190, 199, 705.05]
[190, 198, 705.5]
[190, 197, 705.995]
[190, 196, 706.6025]
[190, 195, 707.2175]
[190, 194, 707.7575]
[190, 193, 708.2675]
[190, 192, 708.7775]
[190, 191, 709.2775]
[190, 190, 709.8075]
[190, 189, 710.295]
[190, 188, 710.79]
[190, 187, 711.515]
[190, 186, 712.11]
[190, 185, 712.6775]
[190, 184, 713.1425]
[190, 183, 713.7575]
[190, 182, 714.3575]
[190, 181, 714.9825]
[190, 180, 715.575]
[190, 179, 716.1475]
[190, 178, 716.6475]
[190, 177, 717.2475]
[190, 176, 717.8725]
[190, 175, 718.495]
[190, 174, 719.24]
[190, 173, 720.0375]
[190, 172, 720.7675]
[190, 171, 721.4225]
[190, 170, 722.08]
[190, 169, 722.735]
[190, 168, 723.3975]
[190, 167, 724.1075]
[190, 166, 724.775]
[190, 165, 725.4575]
[190, 164, 726.0375]
[190, 163, 726.6325]
[190, 162, 727.2225]
[190, 161, 727.8575]
[190, 160, 728.675]
[190, 159, 729.4575]
[190, 158, 730.1225]
[190, 157, 730.7375]
[190, 156, 731.375]
[190, 155, 731.875]
[190, 154, 732.395]
[190, 153, 732.96]
[190, 152, 733.515]
[190, 151, 734.0225]
[190, 150, 734.6]
[190, 149, 735.195]
[190, 148, 735.7975]
[190, 147, 736.3725]
[190, 146, 736.9475]
[190, 145, 737.515]
[190, 144, 738.0175]
[190, 143, 738.485]
[190, 142, 739.035]
[190, 141, 739.565]
[190, 140, 740.0925]
[190, 139, 740.59]
[190, 138, 741.145]
[190, 137, 741.6725]
[190, 136, 742.285]
[190, 135, 742.8875]
[190, 134, 743.48]
[190, 133, 744.0425]
[190, 132, 744.6075]
[190, 131, 745.2375]
[190, 130, 745.7975]
[190, 129, 746.365]
[190, 128, 746.8525]
[190, 127, 747.32]
[190, 126, 747.775]
[190, 125, 748.2875]
[190, 124, 748.795]
[190, 123, 749.2375]
[190, 122, 749.64]
[190, 121, 750.14]
[190, 120, 750.5975]
[190, 119, 751.12]
[190, 118, 751.585]
[190, 117, 752.0375]
[190, 116, 752.4975]
[190, 115, 752.8875]
[190, 114, 753.3075]
[190, 113, 753.6375]
[190, 112, 753.9925]
[190, 111, 754.3425]
[190, 110, 754.7725]
[190, 109, 755.2]
[190, 108, 755.805]
[190, 107, 756.355]
[190, 106, 756.83]
[190, 105, 757.2775]
[190, 104, 757.64]
[190, 103, 757.99]
[190, 102, 758.4025]
[190, 101, 758.77]
[190, 100, 759.1425]
[190, 99, 759.525]
[190, 98, 759.945]
[190, 97, 760.345]
[190, 96, 760.715]
[190, 95, 761.09]
[190, 94, 761.4825]
[190, 93, 761.82]
[190, 92, 762.1875]
[190, 91, 762.5875]
[190, 90, 762.995]
[190, 89, 763.4]
[190, 88, 763.7675]
[190, 87, 764.11]
[190, 86, 764.51]
[190, 85, 764.785]
[190, 84, 765.1575]
[190, 83, 765.445]
[190, 82, 765.7375]
[190, 81, 765.95]
[190, 80, 766.3125]
[190, 79, 766.7125]
[190, 78, 767.0625]
[190, 77, 767.3775]
[190, 76, 767.7025]
[190, 75, 768.02]
[190, 74, 768.38]
[190, 73, 768.85]
[190, 72, 769.3975]
[190, 71, 769.93]
[190, 70, 770.415]
[190, 69, 770.825]
[190, 68, 771.2225]
[190, 67, 771.535]
[190, 66, 771.8825]
[190, 65, 772.2325]
[190, 64, 772.6975]
[190, 63, 773.075]
[190, 62, 773.405]
[190, 61, 773.6875]
[190, 60, 773.955]
[190, 59, 774.17]
[190, 58, 774.52]
[190, 57, 774.7725]
[190, 56, 775.155]
[190, 55, 775.515]
[190, 54, 775.7925]
[190, 53, 776.08]
[190, 52, 776.38]
[190, 51, 776.675]
[190, 50, 776.9675]
[190, 49, 777.2825]
[190, 48, 777.53]
[190, 47, 777.69]
[190, 46, 777.6975]
[190, 45, 777.715]
[190, 44, 777.9475]
[190, 43, 778.205]
[190, 42, 778.435]
[190, 41, 778.585]
[190, 40, 778.8175]
[190, 39, 778.8475]
[190, 38, 778.8175]
[190, 37, 778.69]
[190, 36, 778.495]
[190, 35, 778.14]
[190, 34, 777.8]
[190, 33, 777.4675]
[190, 32, 777.1225]
[190, 31, 776.7675]
[190, 30, 776.425]
[190, 29, 776.045]
[190, 28, 775.6925]
[190, 27, 775.3475]
[190, 26, 774.9875]
[190, 25, 774.6625]
[190, 24, 774.235]
[190, 23, 773.77]
[190, 22, 773.155]
[190, 21, 772.515]
[190, 20, 771.8325]
[190, 19, 771.28]
[190, 18, 770.8325]
[190, 17, 770.375]
[190, 16, 769.585]
[190, 15, 769.1275]
[190, 14, 768.86]
[190, 13, 768.39]
[190, 12, 767.8275]
[190, 11, 767.4575]
[190, 10, 767.13]
[190, 9, 766.8375]
[190, 8, 766.6225]
[190, 7, 766.285]
[190, 6, 765.74]
[190, 5, 765.0825]
[190, 4, 764.3775]
[190, 3, 763.9325]
[190, 2, 763.4425]
[190, 1, 762.99]
[190, 0, 762.5075]
[200, 0, 749.455]
[200, 1, 749.85]
[200, 2, 750.385]
[200, 3, 750.81]
[200, 4, 751.26]
[200, 5, 751.7325]
[200, 6, 752.13]
[200, 7, 752.5425]
[200, 8, 753.03]
[200, 9, 753.445]
[200, 10, 754.13]
[200, 11, 754.745]
[200, 12, 755.245]
[200, 13, 755.575]
[200, 14, 755.845]
[200, 15, 756.21]
[200, 16, 756.8275]
[200, 17, 757.335]
[200, 18, 757.9025]
[200, 19, 758.68]
[200, 20, 759.21]
[200, 21, 759.6975]
[200, 22, 760.195]
[200, 23, 760.72]
[200, 24, 761.1425]
[200, 25, 761.6625]
[200, 26, 762.1775]
[200, 27, 762.6225]
[200, 28, 763.11]
[200, 29, 763.57]
[200, 30, 763.9925]
[200, 31, 764.4125]
[200, 32, 764.8075]
[200, 33, 765.2]
[200, 34, 765.5525]
[200, 35, 765.93]
[200, 36, 766.305]
[200, 37, 766.69]
[200, 38, 767.125]
[200, 39, 767.585]
[200, 40, 768.0975]
[200, 41, 768.62]
[200, 42, 769.085]
[200, 43, 769.5475]
[200, 44, 770.0375]
[200, 45, 770.385]
[200, 46, 770.7375]
[200, 47, 771.085]
[200, 48, 771.4275]
[200, 49, 771.72]
[200, 50, 771.98]
[200, 51, 772.18]
[200, 52, 772.4025]
[200, 53, 772.62]
[200, 54, 772.7375]
[200, 55, 772.905]
[200, 56, 772.9925]
[200, 57, 773.125]
[200, 58, 773.125]
[200, 59, 773.0075]
[200, 60, 772.77]
[200, 61, 772.5725]
[200, 62, 772.2625]
[200, 63, 771.95]
[200, 64, 771.665]
[200, 65, 771.3775]
[200, 66, 770.9725]
[200, 67, 770.72]
[200, 68, 770.5775]
[200, 69, 770.325]
[200, 70, 770.0825]
[200, 71, 769.8]
[200, 72, 769.3025]
[200, 73, 768.8125]
[200, 74, 768.4975]
[200, 75, 768.45]
[200, 76, 768.44]
[200, 77, 768.2125]
[200, 78, 767.91]
[200, 79, 767.65]
[200, 80, 767.3575]
[200, 81, 766.93]
[200, 82, 766.645]
[200, 83, 766.4]
[200, 84, 766.155]
[200, 85, 765.9075]
[200, 86, 765.5975]
[200, 87, 765.2]
[200, 88, 764.835]
[200, 89, 764.555]
[200, 90, 764.3125]
[200, 91, 764.035]
[200, 92, 763.7325]
[200, 93, 763.43]
[200, 94, 763.0875]
[200, 95, 762.73]
[200, 96, 762.44]
[200, 97, 762.1575]
[200, 98, 761.8075]
[200, 99, 761.485]
[200, 100, 761.1425]
[200, 101, 760.8475]
[200, 102, 760.5175]
[200, 103, 760.095]
[200, 104, 759.605]
[200, 105, 759.01]
[200, 106, 758.55]
[200, 107, 758.195]
[200, 108, 757.88]
[200, 109, 757.4975]
[200, 110, 757.1]
[200, 111, 756.575]
[200, 112, 756.0]
[200, 113, 755.47]
[200, 114, 754.9975]
[200, 115, 754.5725]
[200, 116, 754.21]
[200, 117, 753.795]
[200, 118, 753.3625]
[200, 119, 752.97]
[200, 120, 752.5625]
[200, 121, 752.2825]
[200, 122, 751.955]
[200, 123, 751.5875]
[200, 124, 750.98]
[200, 125, 750.47]
[200, 126, 750.16]
[200, 127, 749.595]
[200, 128, 749.06]
[200, 129, 748.565]
[200, 130, 748.04]
[200, 131, 747.5725]
[200, 132, 746.915]
[200, 133, 746.3475]
[200, 134, 745.945]
[200, 135, 745.4825]
[200, 136, 744.9325]
[200, 137, 744.39]
[200, 138, 743.81]
[200, 139, 743.2625]
[200, 140, 742.7]
[200, 141, 742.1325]
[200, 142, 741.59]
[200, 143, 741.015]
[200, 144, 740.405]
[200, 145, 739.76]
[200, 146, 739.1175]
[200, 147, 738.56]
[200, 148, 737.9975]
[200, 149, 737.4475]
[200, 150, 736.91]
[200, 151, 736.36]
[200, 152, 735.6925]
[200, 153, 735.0125]
[200, 154, 734.5025]
[200, 155, 734.0675]
[200, 156, 733.5875]
[200, 157, 733.075]
[200, 158, 732.5275]
[200, 159, 731.9725]
[200, 160, 731.48]
[200, 161, 730.9325]
[200, 162, 730.34]
[200, 163, 729.6275]
[200, 164, 728.985]
[200, 165, 728.34]
[200, 166, 727.7275]
[200, 167, 727.195]
[200, 168, 726.635]
[200, 169, 726.045]
[200, 170, 725.4925]
[200, 171, 724.9025]
[200, 172, 724.32]
[200, 173, 723.725]
[200, 174, 723.1]
[200, 175, 722.5025]
[200, 176, 721.95]
[200, 177, 721.3375]
[200, 178, 720.7725]
[200, 179, 720.1725]
[200, 180, 719.545]
[200, 181, 718.945]
[200, 182, 718.4425]
[200, 183, 718.01]
[200, 184, 717.515]
[200, 185, 716.99]
[200, 186, 716.445]
[200, 187, 715.7275]
[200, 188, 715.1275]
[200, 189, 714.4275]
[200, 190, 713.7725]
[200, 191, 713.195]
[200, 192, 712.71]
[200, 193, 712.1675]
[200, 194, 711.6125]
[200, 195, 710.9725]
[200, 196, 710.4575]
[200, 197, 709.9975]
[200, 198, 709.5275]
[200, 199, 709.075]
[200, 200, 708.5725]
[200, 201, 707.9975]
[200, 202, 707.435]
[200, 203, 706.9825]
[200, 204, 706.53]
[200, 205, 705.9725]
[200, 206, 705.5125]
[200, 207, 704.99]
[200, 208, 704.5525]
[200, 209, 704.09]
[200, 210, 703.635]
[200, 211, 703.2125]
[200, 212, 702.7025]
[200, 213, 702.285]
[200, 214, 701.8675]
[200, 215, 701.5225]
[200, 216, 701.0575]
[200, 217, 700.535]
[200, 218, 699.94]
[200, 219, 699.33]
[200, 220, 698.74]
[200, 221, 698.285]
[200, 222, 697.68]
[200, 223, 697.125]
[200, 224, 696.49]
[200, 225, 695.7425]
[200, 226, 695.125]
[200, 227, 694.4375]
[200, 228, 693.7225]
[200, 229, 692.9925]
[200, 230, 692.405]
[200, 231, 691.8975]
[200, 232, 691.3775]
[200, 233, 690.885]
[200, 234, 690.335]
[200, 235, 689.73]
[200, 236, 689.125]
[200, 237, 688.6675]
[200, 238, 688.27]
[200, 239, 687.8675]
[200, 240, 687.5575]
[200, 241, 687.01]
[200, 242, 686.485]
[200, 243, 685.87]
[200, 244, 685.345]
[200, 245, 684.9225]
[200, 246, 684.24]
[200, 247, 683.52]
[200, 248, 682.8675]
[200, 249, 682.2825]
[200, 250, 681.67]
[200, 251, 681.025]
[200, 252, 680.48]
[200, 253, 680.0025]
[200, 254, 679.3925]
[200, 255, 678.6775]
[200, 256, 677.935]
[200, 257, 677.1275]
[200, 258, 676.48]
[200, 259, 675.9125]
[200, 260, 675.41]
[200, 261, 674.8825]
[200, 262, 674.2825]
[200, 263, 673.6675]
[200, 264, 673.02]
[200, 265, 672.3475]
[200, 266, 671.6825]
[200, 267, 670.9775]
[200, 268, 670.2225]
[200, 269, 669.5275]
[200, 270, 668.86]
[200, 271, 668.2225]
[200, 272, 667.4975]
[200, 273, 666.85]
[200, 274, 666.245]
[200, 275, 665.615]
[200, 276, 665.0475]
[200, 277, 664.4625]
[200, 278, 663.7925]
[200, 279, 663.1125]
[200, 280, 662.4325]
[200, 281, 661.7175]
[200, 282, 661.015]
[200, 283, 660.2775]
[200, 284, 659.6125]
[200, 285, 659.005]
[200, 286, 658.3725]
[200, 287, 657.86]
[200, 288, 657.4125]
[200, 289, 657.0225]
[200, 290, 656.5975]
[200, 291, 656.25]
[200, 292, 655.8]
[200, 293, 655.2625]
[200, 294, 654.665]
[200, 295, 654.1675]
[200, 296, 653.78]
[200, 297, 653.35]
[200, 298, 653.0075]
[200, 299, 652.625]
[200, 300, 652.09]
[200, 301, 651.505]
[200, 302, 650.975]
[200, 303, 650.395]
[200, 304, 649.7525]
[200, 305, 649.2875]
[200, 306, 648.945]
[200, 307, 648.5125]
[200, 308, 647.9525]
[200, 309, 647.37]
[200, 310, 646.685]
[200, 311, 645.9375]
[200, 312, 645.34]
[200, 313, 644.92]
[200, 314, 644.505]
[200, 315, 644.07]
[200, 316, 643.59]
[200, 317, 643.07]
[200, 318, 642.54]
[200, 319, 642.0175]
[200, 320, 641.5375]
[200, 321, 641.02]
[200, 322, 640.5025]
[200, 323, 640.0175]
[200, 324, 639.525]
[200, 325, 639.0325]
[200, 326, 638.5675]
[200, 327, 638.0775]
[200, 328, 637.55]
[200, 329, 637.115]
[200, 330, 636.84]
[200, 331, 636.4275]
[200, 332, 635.9525]
[200, 333, 635.4575]
[200, 334, 635.09]
[200, 335, 634.7275]
[200, 336, 634.335]
[200, 337, 634.0475]
[200, 338, 633.6075]
[200, 339, 633.12]
[200, 340, 632.6325]
[200, 341, 632.2175]
[200, 342, 631.815]
[200, 343, 631.34]
[200, 344, 630.9425]
[200, 345, 630.53]
[200, 346, 630.0525]
[200, 347, 629.4575]
[200, 348, 628.9875]
[200, 349, 628.515]
[200, 350, 628.155]
[200, 351, 627.78]
[200, 352, 627.4125]
[200, 353, 627.01]
[200, 354, 626.6275]
[200, 355, 626.2125]
[200, 356, 625.75]
[200, 357, 625.2425]
[200, 358, 624.8575]
[200, 359, 624.4725]
[200, 360, 623.9625]
[200, 361, 623.5725]
[200, 362, 623.26]
[200, 363, 622.94]
[200, 364, 622.4975]
[200, 365, 622.11]
[200, 366, 621.695]
[200, 367, 621.2675]
[200, 368, 620.8375]
[200, 369, 620.4175]
[200, 370, 620.0775]
[200, 371, 619.7725]
[200, 372, 619.405]
[200, 373, 619.06]
[200, 374, 618.595]
[200, 375, 618.135]
[200, 376, 617.7675]
[200, 377, 617.475]
[200, 378, 617.0525]
[200, 379, 616.6425]
[200, 380, 616.3125]
[200, 381, 615.955]
[200, 382, 615.3625]
[200, 383, 614.945]
[200, 384, 614.6925]
[200, 385, 614.4225]
[200, 386, 614.1625]
[200, 387, 613.8925]
[200, 388, 613.595]
[200, 389, 613.2075]
[200, 390, 612.8075]
[200, 391, 612.335]
[200, 392, 612.0125]
[200, 393, 611.725]
[200, 394, 611.5375]
[200, 395, 611.3475]
[200, 396, 611.1525]
[200, 397, 610.97]
[200, 398, 610.765]
[200, 399, 610.64]
[200, 400, 610.4375]
[200, 401, 610.25]
[200, 402, 610.0925]
[200, 403, 609.9075]
[200, 404, 609.645]
[200, 405, 609.3625]
[200, 406, 609.1325]
[200, 407, 608.8025]
[200, 408, 608.5225]
[200, 409, 608.2775]
[200, 410, 608.01]
[200, 411, 607.7]
[200, 412, 607.355]
[200, 413, 606.9725]
[200, 414, 606.5875]
[200, 415, 606.2]
[200, 416, 605.815]
[200, 417, 605.47]
[200, 418, 605.11]
[200, 419, 604.89]
[200, 420, 604.725]
[200, 421, 604.635]
[200, 422, 604.5775]
[200, 423, 604.5675]
[200, 424, 604.495]
[200, 425, 604.4]
[200, 426, 604.255]
[200, 427, 604.1075]
[200, 428, 603.845]
[200, 429, 603.6225]
[200, 430, 603.4825]
[200, 431, 603.3]
[200, 432, 603.1675]
[200, 433, 602.945]
[200, 434, 602.745]
[200, 435, 602.585]
[200, 436, 602.38]
[200, 437, 602.195]
[200, 438, 602.0975]
[200, 439, 601.9325]
[200, 440, 601.74]
[200, 441, 601.56]
[200, 442, 601.4]
[200, 443, 601.22]
[200, 444, 601.09]
[200, 445, 600.9275]
[200, 446, 600.8025]
[200, 447, 600.6275]
[200, 448, 600.475]
[200, 449, 600.315]
[200, 450, 600.0875]
[200, 451, 599.965]
[200, 452, 599.89]
[200, 453, 599.745]
[200, 454, 599.6425]
[200, 455, 599.49]
[200, 456, 599.34]
[200, 457, 599.225]
[200, 458, 599.1025]
[200, 459, 598.925]
[200, 460, 598.76]
[200, 461, 598.645]
[200, 462, 598.54]
[200, 463, 598.4425]
[200, 464, 598.35]
[200, 465, 598.255]
[200, 466, 598.16]
[200, 467, 598.0575]
[200, 468, 597.9075]
[200, 469, 597.7375]
[200, 470, 597.415]
[200, 471, 597.0825]
[200, 472, 596.635]
[200, 473, 596.3225]
[200, 474, 595.985]
[200, 475, 595.67]
[200, 476, 595.39]
[200, 477, 595.1825]
[200, 478, 595.1025]
[200, 479, 594.945]
[200, 480, 594.82]
[200, 481, 594.645]
[200, 482, 594.5325]
[200, 483, 594.4175]
[200, 484, 594.27]
[200, 485, 594.11]
[200, 486, 593.91]
[200, 487, 593.62]
[200, 488, 593.52]
[200, 489, 593.4725]
[200, 490, 593.4125]
[200, 491, 593.32]
[200, 492, 593.1225]
[200, 493, 592.9925]
[200, 494, 592.915]
[200, 495, 592.715]
[200, 496, 592.5575]
[200, 497, 592.365]
[200, 498, 592.215]
[200, 499, 592.0875]
[210, 499, 597.3225]
[210, 498, 597.4575]
[210, 497, 597.575]
[210, 496, 597.715]
[210, 495, 597.8575]
[210, 494, 597.9975]
[210, 493, 598.16]
[210, 492, 598.4175]
[210, 491, 598.745]
[210, 490, 598.93]
[210, 489, 599.1125]
[210, 488, 599.3425]
[210, 487, 599.605]
[210, 486, 599.915]
[210, 485, 600.215]
[210, 484, 600.5]
[210, 483, 600.9125]
[210, 482, 601.215]
[210, 481, 601.4775]
[210, 480, 601.675]
[210, 479, 601.8675]
[210, 478, 602.1275]
[210, 477, 602.2925]
[210, 476, 602.4425]
[210, 475, 602.5275]
[210, 474, 602.725]
[210, 473, 603.06]
[210, 472, 603.4125]
[210, 471, 603.6325]
[210, 470, 603.8075]
[210, 469, 604.0225]
[210, 468, 604.1325]
[210, 467, 604.1825]
[210, 466, 604.2875]
[210, 465, 604.4375]
[210, 464, 604.68]
[210, 463, 604.8975]
[210, 462, 605.045]
[210, 461, 605.185]
[210, 460, 605.4725]
[210, 459, 605.775]
[210, 458, 606.1175]
[210, 457, 606.2775]
[210, 456, 606.4075]
[210, 455, 606.535]
[210, 454, 606.66]
[210, 453, 606.77]
[210, 452, 606.8]
[210, 451, 606.885]
[210, 450, 606.945]
[210, 449, 606.96]
[210, 448, 607.06]
[210, 447, 607.1775]
[210, 446, 607.3275]
[210, 445, 607.465]
[210, 444, 607.6125]
[210, 443, 607.77]
[210, 442, 607.9825]
[210, 441, 608.2725]
[210, 440, 608.4525]
[210, 439, 608.5425]
[210, 438, 608.66]
[210, 437, 608.8]
[210, 436, 608.905]
[210, 435, 609.015]
[210, 434, 608.98]
[210, 433, 609.01]
[210, 432, 609.0475]
[210, 431, 609.125]
[210, 430, 609.1575]
[210, 429, 609.2725]
[210, 428, 609.4525]
[210, 427, 609.6025]
[210, 426, 609.8325]
[210, 425, 610.085]
[210, 424, 610.17]
[210, 423, 610.295]
[210, 422, 610.415]
[210, 421, 610.565]
[210, 420, 610.8625]
[210, 419, 611.165]
[210, 418, 611.4375]
[210, 417, 611.7475]
[210, 416, 612.02]
[210, 415, 612.255]
[210, 414, 612.4675]
[210, 413, 612.725]
[210, 412, 612.9325]
[210, 411, 613.33]
[210, 410, 613.69]
[210, 409, 614.0825]
[210, 408, 614.445]
[210, 407, 614.8225]
[210, 406, 615.13]
[210, 405, 615.3325]
[210, 404, 615.54]
[210, 403, 615.785]
[210, 402, 616.07]
[210, 401, 616.3125]
[210, 400, 616.5425]
[210, 399, 616.8375]
[210, 398, 617.13]
[210, 397, 617.43]
[210, 396, 617.72]
[210, 395, 618.1325]
[210, 394, 618.5225]
[210, 393, 618.8725]
[210, 392, 619.19]
[210, 391, 619.5475]
[210, 390, 619.92]
[210, 389, 620.2125]
[210, 388, 620.52]
[210, 387, 620.825]
[210, 386, 621.33]
[210, 385, 621.625]
[210, 384, 621.895]
[210, 383, 622.255]
[210, 382, 622.5925]
[210, 381, 622.8725]
[210, 380, 623.1725]
[210, 379, 623.5525]
[210, 378, 623.9325]
[210, 377, 624.2675]
[210, 376, 624.53]
[210, 375, 624.8125]
[210, 374, 625.245]
[210, 373, 625.755]
[210, 372, 626.13]
[210, 371, 626.4]
[210, 370, 626.8075]
[210, 369, 627.2475]
[210, 368, 627.7525]
[210, 367, 628.135]
[210, 366, 628.4325]
[210, 365, 628.7475]
[210, 364, 629.1525]
[210, 363, 629.53]
[210, 362, 629.81]
[210, 361, 630.1175]
[210, 360, 630.475]
[210, 359, 630.935]
[210, 358, 631.6875]
[210, 357, 632.325]
[210, 356, 632.7225]
[210, 355, 633.115]
[210, 354, 633.4425]
[210, 353, 633.825]
[210, 352, 634.1475]
[210, 351, 634.5325]
[210, 350, 635.015]
[210, 349, 635.5175]
[210, 348, 635.8675]
[210, 347, 636.1675]
[210, 346, 636.5025]
[210, 345, 636.84]
[210, 344, 637.23]
[210, 343, 637.715]
[210, 342, 638.1725]
[210, 341, 638.6425]
[210, 340, 639.17]
[210, 339, 639.7025]
[210, 338, 640.2175]
[210, 337, 640.6475]
[210, 336, 641.07]
[210, 335, 641.375]
[210, 334, 641.8]
[210, 333, 642.28]
[210, 332, 642.72]
[210, 331, 643.1075]
[210, 330, 643.5225]
[210, 329, 643.9075]
[210, 328, 644.3375]
[210, 327, 644.8075]
[210, 326, 645.135]
[210, 325, 645.61]
[210, 324, 646.1075]
[210, 323, 646.5975]
[210, 322, 647.04]
[210, 321, 647.5525]
[210, 320, 648.1025]
[210, 319, 648.685]
[210, 318, 649.235]
[210, 317, 649.795]
[210, 316, 650.3775]
[210, 315, 650.925]
[210, 314, 651.445]
[210, 313, 651.9125]
[210, 312, 652.34]
[210, 311, 652.73]
[210, 310, 653.175]
[210, 309, 653.67]
[210, 308, 654.14]
[210, 307, 654.625]
[210, 306, 655.085]
[210, 305, 655.4725]
[210, 304, 655.895]
[210, 303, 656.3975]
[210, 302, 656.7925]
[210, 301, 657.1175]
[210, 300, 657.515]
[210, 299, 658.035]
[210, 298, 658.5]
[210, 297, 659.0825]
[210, 296, 659.6775]
[210, 295, 660.195]
[210, 294, 660.665]
[210, 293, 660.9825]
[210, 292, 661.445]
[210, 291, 661.97]
[210, 290, 662.475]
[210, 289, 662.97]
[210, 288, 663.405]
[210, 287, 664.0375]
[210, 286, 664.6875]
[210, 285, 665.2425]
[210, 284, 665.7825]
[210, 283, 666.31]
[210, 282, 666.8875]
[210, 281, 667.51]
[210, 280, 668.065]
[210, 279, 668.66]
[210, 278, 669.295]
[210, 277, 669.95]
[210, 276, 670.63]
[210, 275, 671.35]
[210, 274, 672.125]
[210, 273, 672.84]
[210, 272, 673.4825]
[210, 271, 674.1425]
[210, 270, 674.82]
[210, 269, 675.4175]
[210, 268, 676.005]
[210, 267, 676.535]
[210, 266, 677.0725]
[210, 265, 677.715]
[210, 264, 678.405]
[210, 263, 679.0925]
[210, 262, 679.755]
[210, 261, 680.3625]
[210, 260, 680.8475]
[210, 259, 681.29]
[210, 258, 681.7625]
[210, 257, 682.375]
[210, 256, 683.015]
[210, 255, 683.7025]
[210, 254, 684.39]
[210, 253, 684.98]
[210, 252, 685.5225]
[210, 251, 686.1025]
[210, 250, 686.6925]
[210, 249, 687.2575]
[210, 248, 687.74]
[210, 247, 688.035]
[210, 246, 688.4525]
[210, 245, 688.8375]
[210, 244, 689.1775]
[210, 243, 689.58]
[210, 242, 690.0225]
[210, 241, 690.62]
[210, 240, 691.175]
[210, 239, 691.715]
[210, 238, 692.3375]
[210, 237, 692.9]
[210, 236, 693.3825]
[210, 235, 693.95]
[210, 234, 694.6425]
[210, 233, 695.3775]
[210, 232, 696.0225]
[210, 231, 696.7375]
[210, 230, 697.465]
[210, 229, 698.1675]
[210, 228, 698.8175]
[210, 227, 699.36]
[210, 226, 699.9175]
[210, 225, 700.4775]
[210, 224, 700.965]
[210, 223, 701.4975]
[210, 222, 702.0725]
[210, 221, 702.5525]
[210, 220, 703.0225]
[210, 219, 703.5375]
[210, 218, 704.0]
[210, 217, 704.4075]
[210, 216, 704.8175]
[210, 215, 705.2225]
[210, 214, 705.63]
[210, 213, 706.0175]
[210, 212, 706.415]
[210, 211, 707.035]
[210, 210, 707.515]
[210, 209, 707.95]
[210, 208, 708.35]
[210, 207, 708.7575]
[210, 206, 709.265]
[210, 205, 709.6775]
[210, 204, 710.1425]
[210, 203, 710.735]
[210, 202, 711.355]
[210, 201, 711.935]
[210, 200, 712.4175]
[210, 199, 712.825]
[210, 198, 713.425]
[210, 197, 714.0175]
[210, 196, 714.53]
[210, 195, 715.1675]
[210, 194, 715.7325]
[210, 193, 716.3225]
[210, 192, 716.9325]
[210, 191, 717.4575]
[210, 190, 717.94]
[210, 189, 718.5]
[210, 188, 719.075]
[210, 187, 719.5725]
[210, 186, 719.99]
[210, 185, 720.4725]
[210, 184, 721.03]
[210, 183, 721.5675]
[210, 182, 722.08]
[210, 181, 722.5525]
[210, 180, 723.045]
[210, 179, 723.665]
[210, 178, 724.2425]
[210, 177, 724.63]
[210, 176, 725.155]
[210, 175, 725.8375]
[210, 174, 726.275]
[210, 173, 726.865]
[210, 172, 727.6275]
[210, 171, 728.205]
[210, 170, 728.735]
[210, 169, 729.2675]
[210, 168, 729.8075]
[210, 167, 730.445]
[210, 166, 731.0125]
[210, 165, 731.4775]
[210, 164, 731.875]
[210, 163, 732.3425]
[210, 162, 732.8]
[210, 161, 733.21]
[210, 160, 733.72]
[210, 159, 734.42]
[210, 158, 735.01]
[210, 157, 735.585]
[210, 156, 736.0375]
[210, 155, 736.4525]
[210, 154, 736.93]
[210, 153, 737.42]
[210, 152, 737.95]
[210, 151, 738.6]
[210, 150, 739.2475]
[210, 149, 739.9175]
[210, 148, 740.525]
[210, 147, 741.165]
[210, 146, 741.7775]
[210, 145, 742.375]
[210, 144, 742.9625]
[210, 143, 743.6275]
[210, 142, 744.1275]
[210, 141, 744.625]
[210, 140, 745.0775]
[210, 139, 745.555]
[210, 138, 746.065]
[210, 137, 746.59]
[210, 136, 747.145]
[210, 135, 747.705]
[210, 134, 748.1725]
[210, 133, 748.7675]
[210, 132, 749.135]
[210, 131, 749.41]
[210, 130, 750.2075]
[210, 129, 750.845]
[210, 128, 751.3975]
[210, 127, 751.88]
[210, 126, 752.255]
[210, 125, 752.6425]
[210, 124, 753.1125]
[210, 123, 753.4325]
[210, 122, 753.9925]
[210, 121, 754.52]
[210, 120, 754.93]
[210, 119, 755.1925]
[210, 118, 755.4675]
[210, 117, 755.7425]
[210, 116, 756.1475]
[210, 115, 756.6475]
[210, 114, 757.2325]
[210, 113, 757.575]
[210, 112, 757.9675]
[210, 111, 758.3825]
[210, 110, 758.795]
[210, 109, 759.145]
[210, 108, 759.505]
[210, 107, 759.8675]
[210, 106, 760.2125]
[210, 105, 760.515]
[210, 104, 760.8525]
[210, 103, 761.2025]
[210, 102, 761.505]
[210, 101, 761.775]
[210, 100, 762.0375]
[210, 99, 762.225]
[210, 98, 762.54]
[210, 97, 762.87]
[210, 96, 763.2475]
[210, 95, 763.605]
[210, 94, 763.865]
[210, 93, 764.065]
[210, 92, 764.3175]
[210, 91, 764.595]
[210, 90, 764.7975]
[210, 89, 764.97]
[210, 88, 765.0775]
[210, 87, 765.3625]
[210, 86, 765.7425]
[210, 85, 766.075]
[210, 84, 766.2675]
[210, 83, 766.4775]
[210, 82, 766.6175]
[210, 81, 766.805]
[210, 80, 767.0525]
[210, 79, 767.2525]
[210, 78, 767.4275]
[210, 77, 767.5975]
[210, 76, 767.7925]
[210, 75, 767.9125]
[210, 74, 767.915]
[210, 73, 767.885]
[210, 72, 767.8575]
[210, 71, 767.8375]
[210, 70, 767.73]
[210, 69, 767.5625]
[210, 68, 767.4025]
[210, 67, 767.1275]
[210, 66, 766.84]
[210, 65, 766.6325]
[210, 64, 766.2825]
[210, 63, 765.87]
[210, 62, 765.495]
[210, 61, 765.1375]
[210, 60, 764.7025]
[210, 59, 764.1325]
[210, 58, 763.67]
[210, 57, 763.2025]
[210, 56, 762.7775]
[210, 55, 762.3325]
[210, 54, 761.9]
[210, 53, 761.4875]
[210, 52, 761.0625]
[210, 51, 760.655]
[210, 50, 760.335]
[210, 49, 759.9125]
[210, 48, 759.3625]
[210, 47, 758.7425]
[210, 46, 758.27]
[210, 45, 757.7825]
[210, 44, 757.3025]
[210, 43, 756.875]
[210, 42, 756.43]
[210, 41, 756.0275]
[210, 40, 755.53]
[210, 39, 755.0125]
[210, 38, 754.515]
[210, 37, 754.0725]
[210, 36, 753.5925]
[210, 35, 753.045]
[210, 34, 752.5175]
[210, 33, 751.9825]
[210, 32, 751.4725]
[210, 31, 750.9875]
[210, 30, 750.565]
[210, 29, 750.1525]
[210, 28, 749.7475]
[210, 27, 749.315]
[210, 26, 748.835]
[210, 25, 748.37]
[210, 24, 747.8825]
[210, 23, 747.345]
[210, 22, 746.8175]
[210, 21, 746.145]
[210, 20, 745.67]
[210, 19, 745.35]
[210, 18, 744.965]
[210, 17, 744.3825]
[210, 16, 743.6025]
[210, 15, 742.5875]
[210, 14, 742.17]
[210, 13, 741.91]
[210, 12, 741.8975]
[210, 11, 741.89]
[210, 10, 741.66]
[210, 9, 741.2925]
[210, 8, 740.92]
[210, 7, 740.5775]
[210, 6, 740.2975]
[210, 5, 739.915]
[210, 4, 739.335]
[210, 3, 738.775]
[210, 2, 738.185]
[210, 1, 737.6125]
[210, 0, 737.2725]
[220, 0, 726.1875]
[220, 1, 726.5175]
[220, 2, 726.7425]
[220, 3, 726.9275]
[220, 4, 727.2525]
[220, 5, 727.6625]
[220, 6, 728.1275]
[220, 7, 728.6475]
[220, 8, 729.17]
[220, 9, 729.585]
[220, 10, 729.6375]
[220, 11, 729.6925]
[220, 12, 729.9475]
[220, 13, 730.5]
[220, 14, 731.15]
[220, 15, 731.7425]
[220, 16, 732.1925]
[220, 17, 732.58]
[220, 18, 732.9425]
[220, 19, 733.3775]
[220, 20, 733.865]
[220, 21, 734.35]
[220, 22, 734.84]
[220, 23, 735.3125]
[220, 24, 735.7475]
[220, 25, 736.095]
[220, 26, 736.475]
[220, 27, 736.9675]
[220, 28, 737.495]
[220, 29, 738.0425]
[220, 30, 738.605]
[220, 31, 739.0625]
[220, 32, 739.5525]
[220, 33, 740.035]
[220, 34, 740.565]
[220, 35, 741.0925]
[220, 36, 741.5875]
[220, 37, 742.0425]
[220, 38, 742.52]
[220, 39, 742.975]
[220, 40, 743.445]
[220, 41, 743.9225]
[220, 42, 744.47]
[220, 43, 744.955]
[220, 44, 745.42]
[220, 45, 745.94]
[220, 46, 746.4]
[220, 47, 746.905]
[220, 48, 747.39]
[220, 49, 747.8525]
[220, 50, 748.35]
[220, 51, 748.81]
[220, 52, 749.27]
[220, 53, 749.7175]
[220, 54, 750.1975]
[220, 55, 750.735]
[220, 56, 751.245]
[220, 57, 751.7525]
[220, 58, 752.3175]
[220, 59, 752.8375]
[220, 60, 753.3825]
[220, 61, 753.85]
[220, 62, 754.27]
[220, 63, 754.695]
[220, 64, 755.115]
[220, 65, 755.53]
[220, 66, 755.92]
[220, 67, 756.345]
[220, 68, 756.8175]
[220, 69, 757.2925]
[220, 70, 757.73]
[220, 71, 758.155]
[220, 72, 758.61]
[220, 73, 759.08]
[220, 74, 759.4975]
[220, 75, 759.9825]
[220, 76, 760.4875]
[220, 77, 761.01]
[220, 78, 761.4625]
[220, 79, 761.8975]
[220, 80, 762.3275]
[220, 81, 762.765]
[220, 82, 763.11]
[220, 83, 763.49]
[220, 84, 763.8325]
[220, 85, 764.18]
[220, 86, 764.4]
[220, 87, 764.515]
[220, 88, 764.5125]
[220, 89, 764.5025]
[220, 90, 764.4225]
[220, 91, 764.29]
[220, 92, 764.1225]
[220, 93, 763.9075]
[220, 94, 763.7]
[220, 95, 763.4825]
[220, 96, 763.1975]
[220, 97, 762.9325]
[220, 98, 762.64]
[220, 99, 762.4025]
[220, 100, 762.0525]
[220, 101, 761.8175]
[220, 102, 761.65]
[220, 103, 761.445]
[220, 104, 761.16]
[220, 105, 760.905]
[220, 106, 760.6075]
[220, 107, 760.405]
[220, 108, 760.1475]
[220, 109, 759.8875]
[220, 110, 759.615]
[220, 111, 759.2825]
[220, 112, 758.93]
[220, 113, 758.59]
[220, 114, 758.2625]
[220, 115, 757.9275]
[220, 116, 757.5825]
[220, 117, 757.26]
[220, 118, 756.9125]
[220, 119, 756.4875]
[220, 120, 756.1075]
[220, 121, 755.845]
[220, 122, 755.575]
[220, 123, 755.23]
[220, 124, 754.8175]
[220, 125, 754.4325]
[220, 126, 754.1]
[220, 127, 753.695]
[220, 128, 753.2925]
[220, 129, 752.8375]
[220, 130, 752.365]
[220, 131, 751.8725]
[220, 132, 751.37]
[220, 133, 751.0075]
[220, 134, 750.4825]
[220, 135, 750.03]
[220, 136, 749.65]
[220, 137, 749.2425]
[220, 138, 748.6675]
[220, 139, 748.1075]
[220, 140, 747.5325]
[220, 141, 747.005]
[220, 142, 746.425]
[220, 143, 745.865]
[220, 144, 745.3725]
[220, 145, 744.955]
[220, 146, 744.4275]
[220, 147, 743.9775]
[220, 148, 743.3375]
[220, 149, 742.6525]
[220, 150, 741.9625]
[220, 151, 741.455]
[220, 152, 740.7775]
[220, 153, 740.22]
[220, 154, 739.57]
[220, 155, 738.875]
[220, 156, 738.245]
[220, 157, 737.82]
[220, 158, 737.405]
[220, 159, 736.9]
[220, 160, 736.445]
[220, 161, 735.93]
[220, 162, 735.4625]
[220, 163, 734.99]
[220, 164, 734.5325]
[220, 165, 734.07]
[220, 166, 733.5825]
[220, 167, 733.065]
[220, 168, 732.505]
[220, 169, 731.935]
[220, 170, 731.4625]
[220, 171, 731.0025]
[220, 172, 730.5225]
[220, 173, 729.8725]
[220, 174, 729.395]
[220, 175, 728.915]
[220, 176, 728.365]
[220, 177, 727.8375]
[220, 178, 727.335]
[220, 179, 726.885]
[220, 180, 726.3975]
[220, 181, 726.0275]
[220, 182, 725.685]
[220, 183, 725.175]
[220, 184, 724.51]
[220, 185, 724.07]
[220, 186, 723.745]
[220, 187, 723.19]
[220, 188, 722.5825]
[220, 189, 722.1225]
[220, 190, 721.5475]
[220, 191, 721.01]
[220, 192, 720.4875]
[220, 193, 720.0975]
[220, 194, 719.5075]
[220, 195, 719.0475]
[220, 196, 718.5375]
[220, 197, 718.0225]
[220, 198, 717.5225]
[220, 199, 717.07]
[220, 200, 716.5325]
[220, 201, 715.905]
[220, 202, 715.3325]
[220, 203, 714.7675]
[220, 204, 714.265]
[220, 205, 713.65]
[220, 206, 713.0375]
[220, 207, 712.425]
[220, 208, 711.865]
[220, 209, 711.4425]
[220, 210, 711.0975]
[220, 211, 710.6725]
[220, 212, 710.335]
[220, 213, 710.18]
[220, 214, 709.675]
[220, 215, 709.1675]
[220, 216, 708.765]
[220, 217, 708.27]
[220, 218, 707.765]
[220, 219, 707.0775]
[220, 220, 706.66]
[220, 221, 706.4225]
[220, 222, 706.155]
[220, 223, 705.72]
[220, 224, 705.055]
[220, 225, 704.715]
[220, 226, 704.37]
[220, 227, 703.915]
[220, 228, 703.43]
[220, 229, 702.9625]
[220, 230, 702.4975]
[220, 231, 701.98]
[220, 232, 701.4725]
[220, 233, 700.965]
[220, 234, 700.3325]
[220, 235, 699.775]
[220, 236, 699.1975]
[220, 237, 698.5725]
[220, 238, 697.93]
[220, 239, 697.295]
[220, 240, 696.7825]
[220, 241, 696.25]
[220, 242, 695.645]
[220, 243, 695.0925]
[220, 244, 694.4125]
[220, 245, 693.7425]
[220, 246, 693.1025]
[220, 247, 692.46]
[220, 248, 691.95]
[220, 249, 691.4625]
[220, 250, 691.0175]
[220, 251, 690.6125]
[220, 252, 690.255]
[220, 253, 689.8925]
[220, 254, 689.5125]
[220, 255, 689.015]
[220, 256, 688.475]
[220, 257, 687.9975]
[220, 258, 687.5875]
[220, 259, 687.0225]
[220, 260, 686.4725]
[220, 261, 685.785]
[220, 262, 685.11]
[220, 263, 684.385]
[220, 264, 683.79]
[220, 265, 683.1525]
[220, 266, 682.615]
[220, 267, 682.19]
[220, 268, 681.7525]
[220, 269, 681.215]
[220, 270, 680.585]
[220, 271, 679.9125]
[220, 272, 679.2275]
[220, 273, 678.5275]
[220, 274, 677.8225]
[220, 275, 677.13]
[220, 276, 676.545]
[220, 277, 676.035]
[220, 278, 675.5325]
[220, 279, 674.93]
[220, 280, 674.2725]
[220, 281, 673.74]
[220, 282, 673.1675]
[220, 283, 672.55]
[220, 284, 671.9125]
[220, 285, 671.265]
[220, 286, 670.5425]
[220, 287, 669.7725]
[220, 288, 669.155]
[220, 289, 668.6]
[220, 290, 668.1275]
[220, 291, 667.7075]
[220, 292, 667.1625]
[220, 293, 666.63]
[220, 294, 666.1575]
[220, 295, 665.67]
[220, 296, 665.175]
[220, 297, 664.7975]
[220, 298, 664.325]
[220, 299, 663.8425]
[220, 300, 663.35]
[220, 301, 662.86]
[220, 302, 662.37]
[220, 303, 661.9775]
[220, 304, 661.5975]
[220, 305, 661.16]
[220, 306, 660.695]
[220, 307, 660.33]
[220, 308, 659.98]
[220, 309, 659.635]
[220, 310, 659.27]
[220, 311, 658.91]
[220, 312, 658.4825]
[220, 313, 658.075]
[220, 314, 657.62]
[220, 315, 657.0975]
[220, 316, 656.635]
[220, 317, 656.275]
[220, 318, 655.9175]
[220, 319, 655.5375]
[220, 320, 655.045]
[220, 321, 654.535]
[220, 322, 654.1275]
[220, 323, 653.805]
[220, 324, 653.535]
[220, 325, 653.1825]
[220, 326, 652.755]
[220, 327, 652.4]
[220, 328, 652.0025]
[220, 329, 651.5625]
[220, 330, 651.0575]
[220, 331, 650.5725]
[220, 332, 650.06]
[220, 333, 649.6825]
[220, 334, 649.26]
[220, 335, 648.78]
[220, 336, 648.2575]
[220, 337, 647.745]
[220, 338, 647.2675]
[220, 339, 646.7725]
[220, 340, 646.3475]
[220, 341, 646.01]
[220, 342, 645.5625]
[220, 343, 645.18]
[220, 344, 644.8275]
[220, 345, 644.405]
[220, 346, 644.05]
[220, 347, 643.6475]
[220, 348, 643.2175]
[220, 349, 642.74]
[220, 350, 642.3225]
[220, 351, 641.9025]
[220, 352, 641.42]
[220, 353, 640.9375]
[220, 354, 640.55]
[220, 355, 640.12]
[220, 356, 639.6625]
[220, 357, 639.195]
[220, 358, 638.7375]
[220, 359, 638.2525]
[220, 360, 637.7425]
[220, 361, 637.34]
[220, 362, 637.015]
[220, 363, 636.655]
[220, 364, 636.1725]
[220, 365, 635.68]
[220, 366, 635.2]
[220, 367, 634.685]
[220, 368, 634.22]
[220, 369, 633.7]
[220, 370, 633.2075]
[220, 371, 632.855]
[220, 372, 632.5575]
[220, 373, 632.255]
[220, 374, 631.915]
[220, 375, 631.5925]
[220, 376, 631.5625]
[220, 377, 631.49]
[220, 378, 631.39]
[220, 379, 631.0725]
[220, 380, 630.5]
[220, 381, 630.0075]
[220, 382, 629.6925]
[220, 383, 629.375]
[220, 384, 629.025]
[220, 385, 628.6375]
[220, 386, 628.225]
[220, 387, 627.8475]
[220, 388, 627.445]
[220, 389, 627.0]
[220, 390, 626.67]
[220, 391, 626.2675]
[220, 392, 625.7875]
[220, 393, 625.335]
[220, 394, 624.96]
[220, 395, 624.595]
[220, 396, 624.23]
[220, 397, 623.9475]
[220, 398, 623.6175]
[220, 399, 623.29]
[220, 400, 622.975]
[220, 401, 622.6725]
[220, 402, 622.45]
[220, 403, 622.21]
[220, 404, 621.9475]
[220, 405, 621.69]
[220, 406, 621.4375]
[220, 407, 621.1975]
[220, 408, 620.85]
[220, 409, 620.565]
[220, 410, 620.13]
[220, 411, 619.835]
[220, 412, 619.5625]
[220, 413, 619.3675]
[220, 414, 619.225]
[220, 415, 619.13]
[220, 416, 618.9425]
[220, 417, 618.7]
[220, 418, 618.625]
[220, 419, 618.46]
[220, 420, 618.2575]
[220, 421, 618.095]
[220, 422, 617.855]
[220, 423, 617.5525]
[220, 424, 617.28]
[220, 425, 616.955]
[220, 426, 616.73]
[220, 427, 616.5325]
[220, 428, 616.32]
[220, 429, 616.12]
[220, 430, 615.8125]
[220, 431, 615.5925]
[220, 432, 615.3425]
[220, 433, 615.1125]
[220, 434, 615.0]
[220, 435, 614.9675]
[220, 436, 614.9625]
[220, 437, 614.905]
[220, 438, 614.905]
[220, 439, 614.85]
[220, 440, 614.84]
[220, 441, 614.6925]
[220, 442, 614.55]
[220, 443, 614.335]
[220, 444, 614.07]
[220, 445, 613.885]
[220, 446, 613.8]
[220, 447, 613.6775]
[220, 448, 613.575]
[220, 449, 613.4525]
[220, 450, 613.3025]
[220, 451, 613.12]
[220, 452, 612.88]
[220, 453, 612.64]
[220, 454, 612.36]
[220, 455, 612.025]
[220, 456, 611.8025]
[220, 457, 611.555]
[220, 458, 611.345]
[220, 459, 611.04]
[220, 460, 610.7875]
[220, 461, 610.615]
[220, 462, 610.43]
[220, 463, 610.3225]
[220, 464, 610.1725]
[220, 465, 610.05]
[220, 466, 609.885]
[220, 467, 609.7]
[220, 468, 609.53]
[220, 469, 609.4075]
[220, 470, 609.2775]
[220, 471, 609.0525]
[220, 472, 608.7725]
[220, 473, 608.435]
[220, 474, 608.165]
[220, 475, 607.87]
[220, 476, 607.6575]
[220, 477, 607.4675]
[220, 478, 607.35]
[220, 479, 607.2825]
[220, 480, 607.23]
[220, 481, 607.1025]
[220, 482, 606.77]
[220, 483, 606.495]
[220, 484, 606.2775]
[220, 485, 606.15]
[220, 486, 606.0575]
[220, 487, 606.035]
[220, 488, 606.0025]
[220, 489, 605.8825]
[220, 490, 605.75]
[220, 491, 605.4975]
[220, 492, 605.2225]
[220, 493, 604.8575]
[220, 494, 604.555]
[220, 495, 604.25]
[220, 496, 603.9275]
[220, 497, 603.7]
[220, 498, 603.495]
[220, 499, 603.3575]
[230, 499, 609.3775]
[230, 498, 609.62]
[230, 497, 609.8925]
[230, 496, 610.1075]
[230, 495, 610.2475]
[230, 494, 610.49]
[230, 493, 610.7025]
[230, 492, 611.005]
[230, 491, 611.26]
[230, 490, 611.4975]
[230, 489, 611.685]
[230, 488, 611.955]
[230, 487, 612.17]
[230, 486, 612.315]
[230, 485, 612.5075]
[230, 484, 612.7475]
[230, 483, 613.0575]
[230, 482, 613.17]
[230, 481, 613.2375]
[230, 480, 613.39]
[230, 479, 613.5275]
[230, 478, 613.585]
[230, 477, 613.74]
[230, 476, 613.9275]
[230, 475, 614.0825]
[230, 474, 614.2475]
[230, 473, 614.3875]
[230, 472, 614.6725]
[230, 471, 615.0]
[230, 470, 615.32]
[230, 469, 615.5575]
[230, 468, 615.835]
[230, 467, 616.02]
[230, 466, 616.1175]
[230, 465, 616.15]
[230, 464, 616.17]
[230, 463, 616.265]
[230, 462, 616.4825]
[230, 461, 616.64]
[230, 460, 616.695]
[230, 459, 616.77]
[230, 458, 616.815]
[230, 457, 617.0525]
[230, 456, 617.38]
[230, 455, 617.685]
[230, 454, 618.005]
[230, 453, 618.38]
[230, 452, 618.7075]
[230, 451, 619.0425]
[230, 450, 619.21]
[230, 449, 619.335]
[230, 448, 619.37]
[230, 447, 619.4625]
[230, 446, 619.5625]
[230, 445, 619.735]
[230, 444, 619.9875]
[230, 443, 620.14]
[230, 442, 620.3675]
[230, 441, 620.615]
[230, 440, 620.8525]
[230, 439, 621.0875]
[230, 438, 621.285]
[230, 437, 621.515]
[230, 436, 621.7825]
[230, 435, 621.97]
[230, 434, 622.17]
[230, 433, 622.3575]
[230, 432, 622.56]
[230, 431, 622.805]
[230, 430, 623.0025]
[230, 429, 623.185]
[230, 428, 623.3375]
[230, 427, 623.59]
[230, 426, 623.795]
[230, 425, 624.065]
[230, 424, 624.3025]
[230, 423, 624.4725]
[230, 422, 624.745]
[230, 421, 625.0275]
[230, 420, 625.2575]
[230, 419, 625.4725]
[230, 418, 625.6925]
[230, 417, 625.9075]
[230, 416, 626.1075]
[230, 415, 626.36]
[230, 414, 626.5325]
[230, 413, 626.85]
[230, 412, 627.0875]
[230, 411, 627.3825]
[230, 410, 627.6925]
[230, 409, 627.9675]
[230, 408, 628.1925]
[230, 407, 628.485]
[230, 406, 628.6925]
[230, 405, 628.9325]
[230, 404, 629.23]
[230, 403, 629.47]
[230, 402, 629.8075]
[230, 401, 630.15]
[230, 400, 630.545]
[230, 399, 630.8275]
[230, 398, 631.06]
[230, 397, 631.255]
[230, 396, 631.4975]
[230, 395, 631.9]
[230, 394, 632.2725]
[230, 393, 632.705]
[230, 392, 633.0275]
[230, 391, 633.355]
[230, 390, 633.7725]
[230, 389, 634.1625]
[230, 388, 634.6375]
[230, 387, 635.1275]
[230, 386, 635.6175]
[230, 385, 635.94]
[230, 384, 636.205]
[230, 383, 636.565]
[230, 382, 636.8675]
[230, 381, 637.1075]
[230, 380, 637.2725]
[230, 379, 637.625]
[230, 378, 637.8075]
[230, 377, 637.855]
[230, 376, 638.12]
[230, 375, 638.5475]
[230, 374, 638.86]
[230, 373, 639.345]
[230, 372, 639.805]
[230, 371, 640.285]
[230, 370, 640.83]
[230, 369, 641.4825]
[230, 368, 642.0825]
[230, 367, 642.4775]
[230, 366, 642.9175]
[230, 365, 643.3175]
[230, 364, 643.665]
[230, 363, 644.0275]
[230, 362, 644.4375]
[230, 361, 644.72]
[230, 360, 645.2875]
[230, 359, 646.0125]
[230, 358, 646.5025]
[230, 357, 646.865]
[230, 356, 647.0475]
[230, 355, 647.3625]
[230, 354, 647.735]
[230, 353, 648.005]
[230, 352, 648.3925]
[230, 351, 648.9425]
[230, 350, 649.5425]
[230, 349, 649.895]
[230, 348, 650.2575]
[230, 347, 650.8425]
[230, 346, 651.4125]
[230, 345, 651.9225]
[230, 344, 652.3525]
[230, 343, 652.8175]
[230, 342, 653.3325]
[230, 341, 653.8125]
[230, 340, 654.2625]
[230, 339, 654.685]
[230, 338, 655.0225]
[230, 337, 655.35]
[230, 336, 655.6625]
[230, 335, 656.115]
[230, 334, 656.66]
[230, 333, 657.1]
[230, 332, 657.3975]
[230, 331, 657.595]
[230, 330, 657.8875]
[230, 329, 658.2475]
[230, 328, 658.665]
[230, 327, 659.06]
[230, 326, 659.325]
[230, 325, 659.675]
[230, 324, 660.0625]
[230, 323, 660.5925]
[230, 322, 661.07]
[230, 321, 661.3925]
[230, 320, 661.68]
[230, 319, 661.9975]
[230, 318, 662.3425]
[230, 317, 662.7]
[230, 316, 663.0675]
[230, 315, 663.4575]
[230, 314, 663.855]
[230, 313, 664.2475]
[230, 312, 664.6325]
[230, 311, 665.075]
[230, 310, 665.47]
[230, 309, 665.83]
[230, 308, 666.2075]
[230, 307, 666.5775]
[230, 306, 666.93]
[230, 305, 667.31]
[230, 304, 667.64]
[230, 303, 668.1275]
[230, 302, 668.6425]
[230, 301, 669.2425]
[230, 300, 669.8175]
[230, 299, 670.29]
[230, 298, 670.7875]
[230, 297, 671.35]
[230, 296, 671.8225]
[230, 295, 672.3325]
[230, 294, 672.8525]
[230, 293, 673.375]
[230, 292, 673.9975]
[230, 291, 674.6775]
[230, 290, 675.36]
[230, 289, 675.8975]
[230, 288, 676.3725]
[230, 287, 676.8]
[230, 286, 677.2075]
[230, 285, 677.7175]
[230, 284, 678.3175]
[230, 283, 678.9625]
[230, 282, 679.4675]
[230, 281, 680.0075]
[230, 280, 680.495]
[230, 279, 680.9925]
[230, 278, 681.505]
[230, 277, 682.0825]
[230, 276, 682.655]
[230, 275, 683.22]
[230, 274, 683.9275]
[230, 273, 684.6275]
[230, 272, 685.2475]
[230, 271, 685.8125]
[230, 270, 686.31]
[230, 269, 686.78]
[230, 268, 687.3225]
[230, 267, 687.8125]
[230, 266, 688.2875]
[230, 265, 688.685]
[230, 264, 689.1125]
[230, 263, 689.6775]
[230, 262, 690.1125]
[230, 261, 690.5275]
[230, 260, 690.9925]
[230, 259, 691.56]
[230, 258, 692.1625]
[230, 257, 692.7025]
[230, 256, 693.2]
[230, 255, 693.7075]
[230, 254, 694.175]
[230, 253, 694.6975]
[230, 252, 695.285]
[230, 251, 695.9275]
[230, 250, 696.5425]
[230, 249, 697.1525]
[230, 248, 697.795]
[230, 247, 698.3875]
[230, 246, 698.8375]
[230, 245, 699.5725]
[230, 244, 700.3]
[230, 243, 700.9175]
[230, 242, 701.5025]
[230, 241, 701.9775]
[230, 240, 702.41]
[230, 239, 702.8075]
[230, 238, 703.235]
[230, 237, 703.64]
[230, 236, 704.1075]
[230, 235, 704.625]
[230, 234, 705.155]
[230, 233, 705.5975]
[230, 232, 705.97]
[230, 231, 706.3825]
[230, 230, 706.7425]
[230, 229, 707.085]
[230, 228, 707.4375]
[230, 227, 707.8075]
[230, 226, 708.2025]
[230, 225, 708.7625]
[230, 224, 709.2175]
[230, 223, 709.59]
[230, 222, 710.0675]
[230, 221, 710.53]
[230, 220, 711.0275]
[230, 219, 711.5475]
[230, 218, 711.99]
[230, 217, 712.34]
[230, 216, 712.5625]
[230, 215, 712.865]
[230, 214, 713.3325]
[230, 213, 713.9075]
[230, 212, 714.4625]
[230, 211, 715.0175]
[230, 210, 715.32]
[230, 209, 715.7225]
[230, 208, 716.3425]
[230, 207, 716.925]
[230, 206, 717.3925]
[230, 205, 717.8625]
[230, 204, 718.315]
[230, 203, 718.7075]
[230, 202, 719.1225]
[230, 201, 719.57]
[230, 200, 720.0075]
[230, 199, 720.32]
[230, 198, 720.7925]
[230, 197, 721.3275]
[230, 196, 721.775]
[230, 195, 722.2675]
[230, 194, 722.8925]
[230, 193, 723.395]
[230, 192, 723.92]
[230, 191, 724.5125]
[230, 190, 724.9775]
[230, 189, 725.3925]
[230, 188, 725.8525]
[230, 187, 726.34]
[230, 186, 726.8525]
[230, 185, 727.33]
[230, 184, 727.72]
[230, 183, 728.11]
[230, 182, 728.58]
[230, 181, 728.945]
[230, 180, 729.255]
[230, 179, 729.8675]
[230, 178, 730.52]
[230, 177, 730.9775]
[230, 176, 731.4675]
[230, 175, 731.9375]
[230, 174, 732.3975]
[230, 173, 732.7925]
[230, 172, 733.1925]
[230, 171, 733.685]
[230, 170, 734.2725]
[230, 169, 734.86]
[230, 168, 735.35]
[230, 167, 735.895]
[230, 166, 736.385]
[230, 165, 736.7425]
[230, 164, 737.1275]
[230, 163, 737.475]
[230, 162, 737.885]
[230, 161, 738.3475]
[230, 160, 738.965]
[230, 159, 739.545]
[230, 158, 740.06]
[230, 157, 740.52]
[230, 156, 741.09]
[230, 155, 741.7225]
[230, 154, 742.3175]
[230, 153, 742.865]
[230, 152, 743.3875]
[230, 151, 743.905]
[230, 150, 744.41]
[230, 149, 744.8825]
[230, 148, 745.31]
[230, 147, 745.805]
[230, 146, 746.35]
[230, 145, 746.93]
[230, 144, 747.5525]
[230, 143, 748.1875]
[230, 142, 748.745]
[230, 141, 749.3725]
[230, 140, 749.7775]
[230, 139, 750.2875]
[230, 138, 750.555]
[230, 137, 750.9075]
[230, 136, 751.2025]
[230, 135, 751.5675]
[230, 134, 751.9525]
[230, 133, 752.3275]
[230, 132, 752.7]
[230, 131, 753.0675]
[230, 130, 753.4625]
[230, 129, 753.8225]
[230, 128, 754.1325]
[230, 127, 754.455]
[230, 126, 754.765]
[230, 125, 755.08]
[230, 124, 755.4]
[230, 123, 755.63]
[230, 122, 755.8025]
[230, 121, 756.1]
[230, 120, 756.2425]
[230, 119, 756.4525]
[230, 118, 756.705]
[230, 117, 757.24]
[230, 116, 757.6475]
[230, 115, 757.9975]
[230, 114, 758.3475]
[230, 113, 758.63]
[230, 112, 758.9475]
[230, 111, 759.275]
[230, 110, 759.5125]
[230, 109, 759.7175]
[230, 108, 759.8975]
[230, 107, 760.0825]
[230, 106, 760.1575]
[230, 105, 760.2]
[230, 104, 760.2325]
[230, 103, 760.165]
[230, 102, 760.0525]
[230, 101, 759.855]
[230, 100, 759.6675]
[230, 99, 759.515]
[230, 98, 759.25]
[230, 97, 758.9775]
[230, 96, 758.635]
[230, 95, 758.2725]
[230, 94, 757.8825]
[230, 93, 757.52]
[230, 92, 757.1075]
[230, 91, 756.6725]
[230, 90, 756.1675]
[230, 89, 755.73]
[230, 88, 755.21]
[230, 87, 754.735]
[230, 86, 754.195]
[230, 85, 753.71]
[230, 84, 753.2175]
[230, 83, 752.7975]
[230, 82, 752.3175]
[230, 81, 751.8425]
[230, 80, 751.3125]
[230, 79, 750.8475]
[230, 78, 750.44]
[230, 77, 750.02]
[230, 76, 749.53]
[230, 75, 749.0125]
[230, 74, 748.5075]
[230, 73, 748.0525]
[230, 72, 747.5275]
[230, 71, 747.0675]
[230, 70, 746.5425]
[230, 69, 746.1325]
[230, 68, 745.6825]
[230, 67, 745.1975]
[230, 66, 744.7175]
[230, 65, 744.23]
[230, 64, 743.735]
[230, 63, 743.205]
[230, 62, 742.715]
[230, 61, 742.2275]
[230, 60, 741.755]
[230, 59, 741.2475]
[230, 58, 740.695]
[230, 57, 740.18]
[230, 56, 739.6775]
[230, 55, 739.12]
[230, 54, 738.5925]
[230, 53, 738.075]
[230, 52, 737.61]
[230, 51, 737.0575]
[230, 50, 736.52]
[230, 49, 735.9375]
[230, 48, 735.3875]
[230, 47, 734.95]
[230, 46, 734.575]
[230, 45, 734.1025]
[230, 44, 733.6575]
[230, 43, 733.175]
[230, 42, 732.665]
[230, 41, 732.1225]
[230, 40, 731.6225]
[230, 39, 731.1625]
[230, 38, 730.77]
[230, 37, 730.345]
[230, 36, 729.9375]
[230, 35, 729.495]
[230, 34, 728.9875]
[230, 33, 728.4625]
[230, 32, 727.9475]
[230, 31, 727.5375]
[230, 30, 727.14]
[230, 29, 726.6575]
[230, 28, 726.0525]
[230, 27, 725.515]
[230, 26, 725.0125]
[230, 25, 724.58]
[230, 24, 724.16]
[230, 23, 723.725]
[230, 22, 723.2825]
[230, 21, 722.785]
[230, 20, 722.4325]
[230, 19, 722.17]
[230, 18, 721.825]
[230, 17, 721.4]
[230, 16, 720.885]
[230, 15, 720.3]
[230, 14, 719.7575]
[230, 13, 719.2175]
[230, 12, 718.835]
[230, 11, 718.545]
[230, 10, 718.17]
[230, 9, 717.8275]
[230, 8, 717.4425]
[230, 7, 716.865]
[230, 6, 716.3375]
[230, 5, 715.905]
[230, 4, 715.46]
[230, 3, 715.0375]
[230, 2, 714.64]
[230, 1, 714.2475]
[230, 0, 713.875]
[240, 0, 702.5225]
[240, 1, 702.87]
[240, 2, 703.4125]
[240, 3, 703.9625]
[240, 4, 704.57]
[240, 5, 705.05]
[240, 6, 705.355]
[240, 7, 705.615]
[240, 8, 705.93]
[240, 9, 706.2175]
[240, 10, 706.545]
[240, 11, 706.93]
[240, 12, 707.22]
[240, 13, 707.61]
[240, 14, 708.2725]
[240, 15, 708.7875]
[240, 16, 709.1725]
[240, 17, 709.4325]
[240, 18, 709.9325]
[240, 19, 710.3575]
[240, 20, 710.8825]
[240, 21, 711.4025]
[240, 22, 711.8075]
[240, 23, 712.0725]
[240, 24, 712.505]
[240, 25, 712.985]
[240, 26, 713.3625]
[240, 27, 713.7225]
[240, 28, 713.95]
[240, 29, 714.2525]
[240, 30, 714.67]
[240, 31, 715.2075]
[240, 32, 715.8275]
[240, 33, 716.445]
[240, 34, 716.995]
[240, 35, 717.515]
[240, 36, 718.1675]
[240, 37, 718.8325]
[240, 38, 719.3875]
[240, 39, 719.8625]
[240, 40, 720.3825]
[240, 41, 720.8875]
[240, 42, 721.3675]
[240, 43, 721.9175]
[240, 44, 722.4075]
[240, 45, 722.865]
[240, 46, 723.2575]
[240, 47, 723.715]
[240, 48, 724.295]
[240, 49, 724.7925]
[240, 50, 725.3375]
[240, 51, 725.76]
[240, 52, 726.1225]
[240, 53, 726.555]
[240, 54, 726.9475]
[240, 55, 727.435]
[240, 56, 728.0275]
[240, 57, 728.635]
[240, 58, 729.17]
[240, 59, 729.73]
[240, 60, 730.1125]
[240, 61, 730.48]
[240, 62, 730.93]
[240, 63, 731.455]
[240, 64, 732.0]
[240, 65, 732.55]
[240, 66, 733.07]
[240, 67, 733.5575]
[240, 68, 733.9825]
[240, 69, 734.2075]
[240, 70, 734.6525]
[240, 71, 735.21]
[240, 72, 735.8625]
[240, 73, 736.425]
[240, 74, 736.9575]
[240, 75, 737.5]
[240, 76, 737.93]
[240, 77, 738.45]
[240, 78, 739.055]
[240, 79, 739.63]
[240, 80, 740.2225]
[240, 81, 740.7325]
[240, 82, 741.24]
[240, 83, 741.755]
[240, 84, 742.25]
[240, 85, 742.7975]
[240, 86, 743.31]
[240, 87, 743.7925]
[240, 88, 744.23]
[240, 89, 744.6725]
[240, 90, 745.1025]
[240, 91, 745.45]
[240, 92, 745.8625]
[240, 93, 746.32]
[240, 94, 746.825]
[240, 95, 747.3225]
[240, 96, 747.8775]
[240, 97, 748.3375]
[240, 98, 748.8775]
[240, 99, 749.3975]
[240, 100, 749.95]
[240, 101, 750.39]
[240, 102, 750.8575]
[240, 103, 751.3025]
[240, 104, 751.7575]
[240, 105, 752.2]
[240, 106, 752.65]
[240, 107, 753.07]
[240, 108, 753.4475]
[240, 109, 753.8525]
[240, 110, 754.2125]
[240, 111, 754.5]
[240, 112, 754.7375]
[240, 113, 754.93]
[240, 114, 755.105]
[240, 115, 755.235]
[240, 116, 755.3925]
[240, 117, 755.4775]
[240, 118, 755.5375]
[240, 119, 755.535]
[240, 120, 755.54]
[240, 121, 755.4575]
[240, 122, 755.4025]
[240, 123, 755.295]
[240, 124, 755.05]
[240, 125, 754.705]
[240, 126, 754.3725]
[240, 127, 753.975]
[240, 128, 753.55]
[240, 129, 753.31]
[240, 130, 753.0425]
[240, 131, 752.81]
[240, 132, 752.6275]
[240, 133, 752.46]
[240, 134, 752.195]
[240, 135, 752.05]
[240, 136, 751.78]
[240, 137, 751.5025]
[240, 138, 751.28]
[240, 139, 750.94]
[240, 140, 750.595]
[240, 141, 750.2725]
[240, 142, 749.93]
[240, 143, 749.565]
[240, 144, 749.165]
[240, 145, 748.765]
[240, 146, 748.2725]
[240, 147, 747.7525]
[240, 148, 747.3225]
[240, 149, 746.9125]
[240, 150, 746.4675]
[240, 151, 745.9675]
[240, 152, 745.5675]
[240, 153, 745.155]
[240, 154, 744.695]
[240, 155, 744.2575]
[240, 156, 743.8]
[240, 157, 743.2925]
[240, 158, 742.7625]
[240, 159, 742.255]
[240, 160, 741.7775]
[240, 161, 741.1675]
[240, 162, 740.65]
[240, 163, 740.1625]
[240, 164, 739.64]
[240, 165, 739.13]
[240, 166, 738.7]
[240, 167, 738.2775]
[240, 168, 737.7875]
[240, 169, 737.2875]
[240, 170, 736.7825]
[240, 171, 736.3725]
[240, 172, 735.9375]
[240, 173, 735.54]
[240, 174, 735.135]
[240, 175, 734.6625]
[240, 176, 734.205]
[240, 177, 733.865]
[240, 178, 733.515]
[240, 179, 733.1175]
[240, 180, 732.6925]
[240, 181, 732.1575]
[240, 182, 731.715]
[240, 183, 731.195]
[240, 184, 730.675]
[240, 185, 730.225]
[240, 186, 729.865]
[240, 187, 729.37]
[240, 188, 728.8825]
[240, 189, 728.4]
[240, 190, 728.125]
[240, 191, 727.6975]
[240, 192, 727.225]
[240, 193, 726.7075]
[240, 194, 726.23]
[240, 195, 725.7675]
[240, 196, 725.2575]
[240, 197, 724.6975]
[240, 198, 724.1575]
[240, 199, 723.6575]
[240, 200, 723.2725]
[240, 201, 722.8175]
[240, 202, 722.4275]
[240, 203, 722.04]
[240, 204, 721.7825]
[240, 205, 721.43]
[240, 206, 721.03]
[240, 207, 720.6375]
[240, 208, 720.195]
[240, 209, 719.7875]
[240, 210, 719.47]
[240, 211, 719.07]
[240, 212, 718.445]
[240, 213, 717.8725]
[240, 214, 717.36]
[240, 215, 716.975]
[240, 216, 716.505]
[240, 217, 716.1325]
[240, 218, 715.76]
[240, 219, 715.2925]
[240, 220, 714.7775]
[240, 221, 714.3075]
[240, 222, 713.885]
[240, 223, 713.66]
[240, 224, 713.2275]
[240, 225, 712.8525]
[240, 226, 712.5325]
[240, 227, 712.175]
[240, 228, 711.815]
[240, 229, 711.45]
[240, 230, 711.0125]
[240, 231, 710.5625]
[240, 232, 710.1725]
[240, 233, 709.765]
[240, 234, 709.3525]
[240, 235, 708.805]
[240, 236, 708.2675]
[240, 237, 707.8725]
[240, 238, 707.605]
[240, 239, 707.275]
[240, 240, 707.04]
[240, 241, 706.7025]
[240, 242, 706.3225]
[240, 243, 705.8375]
[240, 244, 705.3575]
[240, 245, 704.8575]
[240, 246, 704.36]
[240, 247, 703.92]
[240, 248, 703.545]
[240, 249, 703.16]
[240, 250, 702.695]
[240, 251, 702.23]
[240, 252, 701.74]
[240, 253, 701.2175]
[240, 254, 700.6325]
[240, 255, 700.035]
[240, 256, 699.505]
[240, 257, 698.9125]
[240, 258, 698.38]
[240, 259, 697.8825]
[240, 260, 697.335]
[240, 261, 696.9375]
[240, 262, 696.51]
[240, 263, 695.985]
[240, 264, 695.4375]
[240, 265, 694.8]
[240, 266, 694.1225]
[240, 267, 693.6375]
[240, 268, 693.22]
[240, 269, 692.7275]
[240, 270, 692.1525]
[240, 271, 691.585]
[240, 272, 691.0425]
[240, 273, 690.5075]
[240, 274, 690.065]
[240, 275, 689.62]
[240, 276, 689.0725]
[240, 277, 688.56]
[240, 278, 688.085]
[240, 279, 687.62]
[240, 280, 687.115]
[240, 281, 686.5925]
[240, 282, 686.1025]
[240, 283, 685.6075]
[240, 284, 685.04]
[240, 285, 684.3625]
[240, 286, 683.8125]
[240, 287, 683.255]
[240, 288, 682.68]
[240, 289, 682.1475]
[240, 290, 681.77]
[240, 291, 681.3975]
[240, 292, 680.885]
[240, 293, 680.2725]
[240, 294, 679.7475]
[240, 295, 679.1375]
[240, 296, 678.52]
[240, 297, 677.8975]
[240, 298, 677.265]
[240, 299, 676.665]
[240, 300, 676.1875]
[240, 301, 675.81]
[240, 302, 675.29]
[240, 303, 674.7875]
[240, 304, 674.38]
[240, 305, 674.0475]
[240, 306, 673.6275]
[240, 307, 673.1675]
[240, 308, 672.725]
[240, 309, 672.425]
[240, 310, 672.0775]
[240, 311, 671.685]
[240, 312, 671.195]
[240, 313, 670.865]
[240, 314, 670.5275]
[240, 315, 670.0625]
[240, 316, 669.5975]
[240, 317, 669.2625]
[240, 318, 668.85]
[240, 319, 668.4475]
[240, 320, 668.04]
[240, 321, 667.605]
[240, 322, 667.3175]
[240, 323, 667.06]
[240, 324, 666.6975]
[240, 325, 666.3625]
[240, 326, 666.035]
[240, 327, 665.7275]
[240, 328, 665.425]
[240, 329, 665.105]
[240, 330, 664.74]
[240, 331, 664.4075]
[240, 332, 664.135]
[240, 333, 663.78]
[240, 334, 663.38]
[240, 335, 663.0025]
[240, 336, 662.6575]
[240, 337, 662.3075]
[240, 338, 661.92]
[240, 339, 661.545]
[240, 340, 661.115]
[240, 341, 660.64]
[240, 342, 660.1775]
[240, 343, 659.76]
[240, 344, 659.36]
[240, 345, 659.0175]
[240, 346, 658.6675]
[240, 347, 658.265]
[240, 348, 657.88]
[240, 349, 657.4925]
[240, 350, 657.09]
[240, 351, 656.64]
[240, 352, 656.29]
[240, 353, 655.9425]
[240, 354, 655.6425]
[240, 355, 655.34]
[240, 356, 654.9475]
[240, 357, 654.5125]
[240, 358, 654.1075]
[240, 359, 653.71]
[240, 360, 653.2475]
[240, 361, 652.7925]
[240, 362, 652.33]
[240, 363, 651.8775]
[240, 364, 651.42]
[240, 365, 650.81]
[240, 366, 650.185]
[240, 367, 649.7025]
[240, 368, 649.2575]
[240, 369, 648.8875]
[240, 370, 648.575]
[240, 371, 648.2825]
[240, 372, 647.945]
[240, 373, 647.6375]
[240, 374, 647.35]
[240, 375, 647.035]
[240, 376, 646.72]
[240, 377, 646.3675]
[240, 378, 645.9975]
[240, 379, 645.5225]
[240, 380, 645.0475]
[240, 381, 644.6925]
[240, 382, 644.4825]
[240, 383, 644.15]
[240, 384, 643.8225]
[240, 385, 643.4575]
[240, 386, 643.0875]
[240, 387, 642.635]
[240, 388, 642.1175]
[240, 389, 641.765]
[240, 390, 641.33]
[240, 391, 640.9125]
[240, 392, 640.505]
[240, 393, 640.09]
[240, 394, 639.7075]
[240, 395, 639.38]
[240, 396, 639.04]
[240, 397, 638.735]
[240, 398, 638.52]
[240, 399, 638.2075]
[240, 400, 637.8275]
[240, 401, 637.5525]
[240, 402, 637.3025]
[240, 403, 637.05]
[240, 404, 636.75]
[240, 405, 636.5175]
[240, 406, 636.225]
[240, 407, 635.9225]
[240, 408, 635.57]
[240, 409, 635.2375]
[240, 410, 634.9725]
[240, 411, 634.7475]
[240, 412, 634.535]
[240, 413, 634.315]
[240, 414, 634.01]
[240, 415, 633.75]
[240, 416, 633.5175]
[240, 417, 633.3025]
[240, 418, 633.0225]
[240, 419, 632.6375]
[240, 420, 632.28]
[240, 421, 632.0525]
[240, 422, 631.79]
[240, 423, 631.5675]
[240, 424, 631.455]
[240, 425, 631.3075]
[240, 426, 631.12]
[240, 427, 630.93]
[240, 428, 630.7]
[240, 429, 630.3275]
[240, 430, 630.085]
[240, 431, 629.84]
[240, 432, 629.58]
[240, 433, 629.3075]
[240, 434, 629.01]
[240, 435, 628.8]
[240, 436, 628.56]
[240, 437, 628.3325]
[240, 438, 628.0675]
[240, 439, 627.8025]
[240, 440, 627.68]
[240, 441, 627.4075]
[240, 442, 627.085]
[240, 443, 626.8675]
[240, 444, 626.635]
[240, 445, 626.515]
[240, 446, 626.445]
[240, 447, 626.3225]
[240, 448, 626.22]
[240, 449, 626.0725]
[240, 450, 625.815]
[240, 451, 625.5275]
[240, 452, 625.225]
[240, 453, 624.99]
[240, 454, 624.82]
[240, 455, 624.58]
[240, 456, 624.3925]
[240, 457, 624.2175]
[240, 458, 623.98]
[240, 459, 623.79]
[240, 460, 623.64]
[240, 461, 623.435]
[240, 462, 623.29]
[240, 463, 623.0525]
[240, 464, 622.9]
[240, 465, 622.7175]
[240, 466, 622.445]
[240, 467, 622.2525]
[240, 468, 622.0625]
[240, 469, 621.865]
[240, 470, 621.7175]
[240, 471, 621.5925]
[240, 472, 621.365]
[240, 473, 621.14]
[240, 474, 620.9725]
[240, 475, 620.7775]
[240, 476, 620.68]
[240, 477, 620.51]
[240, 478, 620.285]
[240, 479, 620.085]
[240, 480, 619.8375]
[240, 481, 619.58]
[240, 482, 619.3325]
[240, 483, 619.0725]
[240, 484, 618.915]
[240, 485, 618.675]
[240, 486, 618.48]
[240, 487, 618.3]
[240, 488, 618.0625]
[240, 489, 617.83]
[240, 490, 617.655]
[240, 491, 617.495]
[240, 492, 617.3775]
[240, 493, 617.1225]
[240, 494, 616.8675]
[240, 495, 616.655]
[240, 496, 616.4475]
[240, 497, 616.245]
[240, 498, 616.0375]
[240, 499, 615.81]
[250, 499, 623.1125]
[250, 498, 623.3925]
[250, 497, 623.63]
[250, 496, 623.8175]
[250, 495, 624.0575]
[250, 494, 624.2475]
[250, 493, 624.4275]
[250, 492, 624.635]
[250, 491, 624.8825]
[250, 490, 625.085]
[250, 489, 625.255]
[250, 488, 625.4275]
[250, 487, 625.6625]
[250, 486, 625.8825]
[250, 485, 626.1125]
[250, 484, 626.2625]
[250, 483, 626.335]
[250, 482, 626.5625]
[250, 481, 626.8025]
[250, 480, 626.99]
[250, 479, 627.2775]
[250, 478, 627.5675]
[250, 477, 627.865]
[250, 476, 628.1]
[250, 475, 628.25]
[250, 474, 628.3675]
[250, 473, 628.645]
[250, 472, 628.92]
[250, 471, 629.1275]
[250, 470, 629.395]
[250, 469, 629.4775]
[250, 468, 629.59]
[250, 467, 629.7775]
[250, 466, 629.985]
[250, 465, 630.095]
[250, 464, 630.3075]
[250, 463, 630.52]
[250, 462, 630.7575]
[250, 461, 630.945]
[250, 460, 631.1475]
[250, 459, 631.4125]
[250, 458, 631.725]
[250, 457, 631.8975]
[250, 456, 632.0925]
[250, 455, 632.34]
[250, 454, 632.5225]
[250, 453, 632.7075]
[250, 452, 632.88]
[250, 451, 633.1175]
[250, 450, 633.3925]
[250, 449, 633.635]
[250, 448, 633.7375]
[250, 447, 633.8875]
[250, 446, 634.0525]
[250, 445, 634.2575]
[250, 444, 634.4425]
[250, 443, 634.6675]
[250, 442, 634.8825]
[250, 441, 635.185]
[250, 440, 635.455]
[250, 439, 635.635]
[250, 438, 635.82]
[250, 437, 636.0725]
[250, 436, 636.32]
[250, 435, 636.565]
[250, 434, 636.795]
[250, 433, 636.955]
[250, 432, 637.1825]
[250, 431, 637.475]
[250, 430, 637.7525]
[250, 429, 637.9575]
[250, 428, 638.25]
[250, 427, 638.4675]
[250, 426, 638.695]
[250, 425, 638.905]
[250, 424, 639.18]
[250, 423, 639.485]
[250, 422, 639.74]
[250, 421, 639.93]
[250, 420, 640.1225]
[250, 419, 640.3325]
[250, 418, 640.5275]
[250, 417, 640.82]
[250, 416, 641.0725]
[250, 415, 641.335]
[250, 414, 641.65]
[250, 413, 641.94]
[250, 412, 642.2175]
[250, 411, 642.415]
[250, 410, 642.6575]
[250, 409, 642.94]
[250, 408, 643.1025]
[250, 407, 643.355]
[250, 406, 643.62]
[250, 405, 644.0675]
[250, 404, 644.505]
[250, 403, 644.89]
[250, 402, 645.255]
[250, 401, 645.5125]
[250, 400, 645.8525]
[250, 399, 646.2]
[250, 398, 646.545]
[250, 397, 646.8225]
[250, 396, 647.17]
[250, 395, 647.45]
[250, 394, 647.845]
[250, 393, 648.265]
[250, 392, 648.5875]
[250, 391, 648.8775]
[250, 390, 649.1425]
[250, 389, 649.3425]
[250, 388, 649.5425]
[250, 387, 649.96]
[250, 386, 650.3875]
[250, 385, 650.7425]
[250, 384, 651.225]
[250, 383, 651.72]
[250, 382, 652.265]
[250, 381, 652.535]
[250, 380, 652.7725]
[250, 379, 653.165]
[250, 378, 653.6475]
[250, 377, 653.97]
[250, 376, 654.36]
[250, 375, 654.8125]
[250, 374, 655.37]
[250, 373, 655.725]
[250, 372, 656.06]
[250, 371, 656.5125]
[250, 370, 656.84]
[250, 369, 657.0375]
[250, 368, 657.3325]
[250, 367, 657.6775]
[250, 366, 658.22]
[250, 365, 658.7325]
[250, 364, 659.1075]
[250, 363, 659.365]
[250, 362, 659.6875]
[250, 361, 660.0275]
[250, 360, 660.36]
[250, 359, 660.805]
[250, 358, 661.275]
[250, 357, 661.685]
[250, 356, 661.94]
[250, 355, 662.2825]
[250, 354, 662.7275]
[250, 353, 663.24]
[250, 352, 663.63]
[250, 351, 663.965]
[250, 350, 664.24]
[250, 349, 664.5675]
[250, 348, 664.935]
[250, 347, 665.37]
[250, 346, 665.7325]
[250, 345, 666.065]
[250, 344, 666.435]
[250, 343, 666.795]
[250, 342, 667.0425]
[250, 341, 667.45]
[250, 340, 667.92]
[250, 339, 668.355]
[250, 338, 668.7175]
[250, 337, 669.2275]
[250, 336, 669.6175]
[250, 335, 670.02]
[250, 334, 670.44]
[250, 333, 670.7425]
[250, 332, 671.07]
[250, 331, 671.3875]
[250, 330, 671.8325]
[250, 329, 672.255]
[250, 328, 672.61]
[250, 327, 672.9275]
[250, 326, 673.19]
[250, 325, 673.42]
[250, 324, 673.6475]
[250, 323, 673.9525]
[250, 322, 674.2125]
[250, 321, 674.54]
[250, 320, 674.92]
[250, 319, 675.2175]
[250, 318, 675.5025]
[250, 317, 675.845]
[250, 316, 676.2075]
[250, 315, 676.54]
[250, 314, 676.91]
[250, 313, 677.3775]
[250, 312, 677.895]
[250, 311, 678.4025]
[250, 310, 678.815]
[250, 309, 679.095]
[250, 308, 679.455]
[250, 307, 679.94]
[250, 306, 680.4225]
[250, 305, 680.8075]
[250, 304, 681.2625]
[250, 303, 681.7925]
[250, 302, 682.26]
[250, 301, 682.7075]
[250, 300, 683.235]
[250, 299, 683.78]
[250, 298, 684.3825]
[250, 297, 684.8975]
[250, 296, 685.4375]
[250, 295, 685.9825]
[250, 294, 686.5575]
[250, 293, 687.0925]
[250, 292, 687.555]
[250, 291, 688.1175]
[250, 290, 688.7175]
[250, 289, 689.195]
[250, 288, 689.6475]
[250, 287, 690.0825]
[250, 286, 690.4925]
[250, 285, 690.9775]
[250, 284, 691.5425]
[250, 283, 692.12]
[250, 282, 692.615]
[250, 281, 693.1275]
[250, 280, 693.6825]
[250, 279, 694.215]
[250, 278, 694.75]
[250, 277, 695.14]
[250, 276, 695.5375]
[250, 275, 696.02]
[250, 274, 696.535]
[250, 273, 697.1725]
[250, 272, 697.7075]
[250, 271, 698.22]
[250, 270, 698.605]
[250, 269, 698.9125]
[250, 268, 699.3475]
[250, 267, 699.855]
[250, 266, 700.3625]
[250, 265, 700.8875]
[250, 264, 701.3775]
[250, 263, 701.885]
[250, 262, 702.375]
[250, 261, 702.7975]
[250, 260, 703.18]
[250, 259, 703.57]
[250, 258, 704.13]
[250, 257, 704.5975]
[250, 256, 704.9075]
[250, 255, 705.2925]
[250, 254, 705.735]
[250, 253, 706.1425]
[250, 252, 706.495]
[250, 251, 706.9075]
[250, 250, 707.3575]
[250, 249, 707.76]
[250, 248, 708.2625]
[250, 247, 708.665]
[250, 246, 708.82]
[250, 245, 709.1225]
[250, 244, 709.69]
[250, 243, 710.0275]
[250, 242, 710.3775]
[250, 241, 710.8625]
[250, 240, 711.2825]
[250, 239, 711.6425]
[250, 238, 711.9]
[250, 237, 712.1975]
[250, 236, 712.5325]
[250, 235, 712.945]
[250, 234, 713.4225]
[250, 233, 713.79]
[250, 232, 714.2525]
[250, 231, 714.555]
[250, 230, 714.79]
[250, 229, 715.14]
[250, 228, 715.4]
[250, 227, 715.7775]
[250, 226, 716.2275]
[250, 225, 716.65]
[250, 224, 717.065]
[250, 223, 717.59]
[250, 222, 717.94]
[250, 221, 718.235]
[250, 220, 718.575]
[250, 219, 718.9125]
[250, 218, 719.24]
[250, 217, 719.5875]
[250, 216, 719.97]
[250, 215, 720.315]
[250, 214, 720.725]
[250, 213, 721.135]
[250, 212, 721.4425]
[250, 211, 721.7875]
[250, 210, 722.1625]
[250, 209, 722.56]
[250, 208, 722.9575]
[250, 207, 723.545]
[250, 206, 723.99]
[250, 205, 724.3625]
[250, 204, 724.7625]
[250, 203, 725.27]
[250, 202, 725.735]
[250, 201, 726.255]
[250, 200, 726.76]
[250, 199, 727.19]
[250, 198, 727.685]
[250, 197, 728.1275]
[250, 196, 728.3775]
[250, 195, 728.6825]
[250, 194, 729.1075]
[250, 193, 729.4925]
[250, 192, 729.965]
[250, 191, 730.3775]
[250, 190, 730.84]
[250, 189, 731.325]
[250, 188, 731.815]
[250, 187, 732.305]
[250, 186, 732.6725]
[250, 185, 732.9725]
[250, 184, 733.3125]
[250, 183, 733.6775]
[250, 182, 734.07]
[250, 181, 734.5475]
[250, 180, 734.9775]
[250, 179, 735.4275]
[250, 178, 735.905]
[250, 177, 736.2975]
[250, 176, 736.695]
[250, 175, 737.05]
[250, 174, 737.3725]
[250, 173, 737.7825]
[250, 172, 738.2125]
[250, 171, 738.6475]
[250, 170, 739.1]
[250, 169, 739.5775]
[250, 168, 740.045]
[250, 167, 740.51]
[250, 166, 740.9525]
[250, 165, 741.4425]
[250, 164, 741.9125]
[250, 163, 742.44]
[250, 162, 742.94]
[250, 161, 743.3875]
[250, 160, 743.8525]
[250, 159, 744.3225]
[250, 158, 744.7225]
[250, 157, 745.1025]
[250, 156, 745.4175]
[250, 155, 745.7375]
[250, 154, 746.115]
[250, 153, 746.5425]
[250, 152, 746.995]
[250, 151, 747.44]
[250, 150, 747.8075]
[250, 149, 748.19]
[250, 148, 748.4925]
[250, 147, 748.785]
[250, 146, 749.125]
[250, 145, 749.3925]
[250, 144, 749.6575]
[250, 143, 749.91]
[250, 142, 750.2225]
[250, 141, 750.58]
[250, 140, 750.88]
[250, 139, 751.055]
[250, 138, 751.23]
[250, 137, 751.3625]
[250, 136, 751.49]
[250, 135, 751.6025]
[250, 134, 751.665]
[250, 133, 751.69]
[250, 132, 751.655]
[250, 131, 751.6375]
[250, 130, 751.6475]
[250, 129, 751.645]
[250, 128, 751.515]
[250, 127, 751.375]
[250, 126, 751.105]
[250, 125, 750.93]
[250, 124, 750.7125]
[250, 123, 750.3825]
[250, 122, 749.935]
[250, 121, 749.46]
[250, 120, 748.9675]
[250, 119, 748.505]
[250, 118, 747.975]
[250, 117, 747.555]
[250, 116, 747.075]
[250, 115, 746.6175]
[250, 114, 746.06]
[250, 113, 745.47]
[250, 112, 744.9525]
[250, 111, 744.3675]
[250, 110, 743.7975]
[250, 109, 743.215]
[250, 108, 742.6675]
[250, 107, 742.1825]
[250, 106, 741.635]
[250, 105, 741.1275]
[250, 104, 740.6475]
[250, 103, 740.165]
[250, 102, 739.75]
[250, 101, 739.2525]
[250, 100, 738.77]
[250, 99, 738.2475]
[250, 98, 737.67]
[250, 97, 737.1975]
[250, 96, 736.675]
[250, 95, 736.0775]
[250, 94, 735.3775]
[250, 93, 734.7375]
[250, 92, 734.115]
[250, 91, 733.4675]
[250, 90, 732.855]
[250, 89, 732.165]
[250, 88, 731.675]
[250, 87, 731.505]
[250, 86, 731.685]
[250, 85, 731.5825]
[250, 84, 731.105]
[250, 83, 730.615]
[250, 82, 730.1125]
[250, 81, 729.7]
[250, 80, 729.24]
[250, 79, 728.78]
[250, 78, 728.35]
[250, 77, 727.86]
[250, 76, 727.3125]
[250, 75, 726.8475]
[250, 74, 726.315]
[250, 73, 725.82]
[250, 72, 725.3775]
[250, 71, 724.8525]
[250, 70, 724.3375]
[250, 69, 723.8925]
[250, 68, 723.29]
[250, 67, 722.8425]
[250, 66, 722.3225]
[250, 65, 721.8425]
[250, 64, 721.3375]
[250, 63, 720.835]
[250, 62, 720.215]
[250, 61, 719.7075]
[250, 60, 719.23]
[250, 59, 718.73]
[250, 58, 718.28]
[250, 57, 717.865]
[250, 56, 717.4525]
[250, 55, 716.985]
[250, 54, 716.445]
[250, 53, 715.83]
[250, 52, 715.385]
[250, 51, 714.93]
[250, 50, 714.3825]
[250, 49, 713.7875]
[250, 48, 713.2375]
[250, 47, 712.565]
[250, 46, 711.915]
[250, 45, 711.385]
[250, 44, 710.8925]
[250, 43, 710.395]
[250, 42, 709.975]
[250, 41, 709.6425]
[250, 40, 709.335]
[250, 39, 708.985]
[250, 38, 708.5375]
[250, 37, 708.0525]
[250, 36, 707.45]
[250, 35, 706.85]
[250, 34, 706.1675]
[250, 33, 705.4575]
[250, 32, 704.945]
[250, 31, 704.57]
[250, 30, 704.065]
[250, 29, 703.6075]
[250, 28, 703.28]
[250, 27, 702.88]
[250, 26, 702.4675]
[250, 25, 702.0375]
[250, 24, 701.605]
[250, 23, 701.1225]
[250, 22, 700.6875]
[250, 21, 700.2025]
[250, 20, 699.82]
[250, 19, 699.4525]
[250, 18, 699.05]
[250, 17, 698.755]
[250, 16, 698.445]
[250, 15, 698.1125]
[250, 14, 697.7825]
[250, 13, 697.3625]
[250, 12, 696.98]
[250, 11, 696.6775]
[250, 10, 696.3725]
[250, 9, 695.955]
[250, 8, 695.655]
[250, 7, 695.3725]
[250, 6, 695.1575]
[250, 5, 694.9575]
[250, 4, 694.7575]
[250, 3, 694.5125]
[250, 2, 694.1625]
[250, 1, 693.7975]
[250, 0, 693.42]
[260, 0, 683.99]
[260, 1, 684.11]
[260, 2, 684.44]
[260, 3, 684.8775]
[260, 4, 685.2425]
[260, 5, 685.5025]
[260, 6, 685.7625]
[260, 7, 686.1675]
[260, 8, 686.4975]
[260, 9, 686.8475]
[260, 10, 687.2625]
[260, 11, 687.62]
[260, 12, 687.88]
[260, 13, 688.105]
[260, 14, 688.3425]
[260, 15, 688.5975]
[260, 16, 688.905]
[260, 17, 689.35]
[260, 18, 689.9275]
[260, 19, 690.31]
[260, 20, 690.67]
[260, 21, 690.9775]
[260, 22, 691.285]
[260, 23, 691.5325]
[260, 24, 691.8625]
[260, 25, 692.1275]
[260, 26, 692.4225]
[260, 27, 692.775]
[260, 28, 693.2325]
[260, 29, 693.695]
[260, 30, 694.065]
[260, 31, 694.4825]
[260, 32, 694.9025]
[260, 33, 695.3675]
[260, 34, 695.895]
[260, 35, 696.475]
[260, 36, 697.025]
[260, 37, 697.5875]
[260, 38, 698.12]
[260, 39, 698.5625]
[260, 40, 699.0775]
[260, 41, 699.585]
[260, 42, 700.04]
[260, 43, 700.49]
[260, 44, 700.9425]
[260, 45, 701.4]
[260, 46, 701.8325]
[260, 47, 702.275]
[260, 48, 702.5475]
[260, 49, 702.885]
[260, 50, 703.2825]
[260, 51, 703.7325]
[260, 52, 704.215]
[260, 53, 704.7525]
[260, 54, 705.315]
[260, 55, 705.7625]
[260, 56, 706.2175]
[260, 57, 706.635]
[260, 58, 707.1225]
[260, 59, 707.72]
[260, 60, 708.3475]
[260, 61, 708.7725]
[260, 62, 709.09]
[260, 63, 709.6275]
[260, 64, 710.15]
[260, 65, 710.75]
[260, 66, 711.3025]
[260, 67, 711.8375]
[260, 68, 712.335]
[260, 69, 712.8575]
[260, 70, 713.3975]
[260, 71, 713.9025]
[260, 72, 714.575]
[260, 73, 715.225]
[260, 74, 715.91]
[260, 75, 716.5525]
[260, 76, 717.105]
[260, 77, 717.795]
[260, 78, 718.4325]
[260, 79, 718.985]
[260, 80, 719.4975]
[260, 81, 719.945]
[260, 82, 720.175]
[260, 83, 720.16]
[260, 84, 720.1275]
[260, 85, 720.44]
[260, 86, 720.695]
[260, 87, 721.0225]
[260, 88, 721.3775]
[260, 89, 721.9375]
[260, 90, 722.9325]
[260, 91, 724.1075]
[260, 92, 724.975]
[260, 93, 725.735]
[260, 94, 726.3575]
[260, 95, 726.9125]
[260, 96, 727.38]
[260, 97, 727.81]
[260, 98, 728.225]
[260, 99, 728.68]
[260, 100, 729.1825]
[260, 101, 729.59]
[260, 102, 730.0125]
[260, 103, 730.585]
[260, 104, 731.08]
[260, 105, 731.51]
[260, 106, 731.96]
[260, 107, 732.4375]
[260, 108, 732.9525]
[260, 109, 733.445]
[260, 110, 733.9175]
[260, 111, 734.3625]
[260, 112, 734.88]
[260, 113, 735.4425]
[260, 114, 735.895]
[260, 115, 736.4225]
[260, 116, 736.855]
[260, 117, 737.31]
[260, 118, 737.82]
[260, 119, 738.31]
[260, 120, 738.875]
[260, 121, 739.4725]
[260, 122, 740.11]
[260, 123, 740.645]
[260, 124, 741.125]
[260, 125, 741.63]
[260, 126, 742.2425]
[260, 127, 742.815]
[260, 128, 743.355]
[260, 129, 743.855]
[260, 130, 744.3225]
[260, 131, 744.7775]
[260, 132, 745.245]
[260, 133, 745.6275]
[260, 134, 746.0475]
[260, 135, 746.495]
[260, 136, 746.9275]
[260, 137, 747.2425]
[260, 138, 747.56]
[260, 139, 747.945]
[260, 140, 748.2725]
[260, 141, 748.5025]
[260, 142, 748.7075]
[260, 143, 748.75]
[260, 144, 748.7825]
[260, 145, 748.7]
[260, 146, 748.5925]
[260, 147, 748.4025]
[260, 148, 748.23]
[260, 149, 747.9775]
[260, 150, 747.8175]
[260, 151, 747.71]
[260, 152, 747.5675]
[260, 153, 747.3325]
[260, 154, 747.0525]
[260, 155, 746.655]
[260, 156, 746.3225]
[260, 157, 745.9725]
[260, 158, 745.5875]
[260, 159, 745.205]
[260, 160, 744.83]
[260, 161, 744.32]
[260, 162, 743.9075]
[260, 163, 743.69]
[260, 164, 743.3]
[260, 165, 742.85]
[260, 166, 742.4875]
[260, 167, 742.0575]
[260, 168, 741.625]
[260, 169, 741.1825]
[260, 170, 740.855]
[260, 171, 740.52]
[260, 172, 740.1325]
[260, 173, 739.7475]
[260, 174, 739.41]
[260, 175, 739.015]
[260, 176, 738.5875]
[260, 177, 738.175]
[260, 178, 737.79]
[260, 179, 737.4]
[260, 180, 737.0225]
[260, 181, 736.6075]
[260, 182, 736.1425]
[260, 183, 735.77]
[260, 184, 735.42]
[260, 185, 735.055]
[260, 186, 734.69]
[260, 187, 734.3525]
[260, 188, 733.9575]
[260, 189, 733.5725]
[260, 190, 733.1125]
[260, 191, 732.71]
[260, 192, 732.325]
[260, 193, 731.8775]
[260, 194, 731.5475]
[260, 195, 731.1225]
[260, 196, 730.7]
[260, 197, 730.3075]
[260, 198, 729.92]
[260, 199, 729.5725]
[260, 200, 729.175]
[260, 201, 728.8525]
[260, 202, 728.495]
[260, 203, 728.1425]
[260, 204, 727.84]
[260, 205, 727.375]
[260, 206, 726.83]
[260, 207, 726.4325]
[260, 208, 726.0875]
[260, 209, 725.81]
[260, 210, 725.3775]
[260, 211, 724.815]
[260, 212, 724.23]
[260, 213, 723.79]
[260, 214, 723.5075]
[260, 215, 723.19]
[260, 216, 722.84]
[260, 217, 722.45]
[260, 218, 722.1275]
[260, 219, 721.845]
[260, 220, 721.5825]
[260, 221, 721.2775]
[260, 222, 720.925]
[260, 223, 720.6125]
[260, 224, 720.3775]
[260, 225, 720.145]
[260, 226, 719.82]
[260, 227, 719.42]
[260, 228, 719.14]
[260, 229, 718.8175]
[260, 230, 718.415]
[260, 231, 718.1275]
[260, 232, 717.7225]
[260, 233, 717.2475]
[260, 234, 716.8275]
[260, 235, 716.4]
[260, 236, 715.94]
[260, 237, 715.6275]
[260, 238, 715.3725]
[260, 239, 715.1675]
[260, 240, 714.9125]
[260, 241, 714.6375]
[260, 242, 714.2925]
[260, 243, 713.88]
[260, 244, 713.4475]
[260, 245, 713.0225]
[260, 246, 712.61]
[260, 247, 712.2475]
[260, 248, 711.8975]
[260, 249, 711.58]
[260, 250, 711.345]
[260, 251, 711.0225]
[260, 252, 710.7775]
[260, 253, 710.44]
[260, 254, 710.04]
[260, 255, 709.64]
[260, 256, 709.375]
[260, 257, 709.08]
[260, 258, 708.8]
[260, 259, 708.48]
[260, 260, 708.0475]
[260, 261, 707.7925]
[260, 262, 707.5525]
[260, 263, 707.2225]
[260, 264, 706.765]
[260, 265, 706.39]
[260, 266, 705.995]
[260, 267, 705.54]
[260, 268, 705.1225]
[260, 269, 704.6925]
[260, 270, 704.17]
[260, 271, 703.65]
[260, 272, 703.145]
[260, 273, 702.8275]
[260, 274, 702.4925]
[260, 275, 702.1825]
[260, 276, 701.89]
[260, 277, 701.485]
[260, 278, 701.18]
[260, 279, 700.8475]
[260, 280, 700.3875]
[260, 281, 699.8725]
[260, 282, 699.3125]
[260, 283, 698.84]
[260, 284, 698.37]
[260, 285, 697.91]
[260, 286, 697.39]
[260, 287, 696.7875]
[260, 288, 696.1625]
[260, 289, 695.515]
[260, 290, 694.9425]
[260, 291, 694.4325]
[260, 292, 693.93]
[260, 293, 693.49]
[260, 294, 693.0875]
[260, 295, 692.655]
[260, 296, 692.19]
[260, 297, 691.695]
[260, 298, 691.115]
[260, 299, 690.5825]
[260, 300, 690.1325]
[260, 301, 689.645]
[260, 302, 689.215]
[260, 303, 688.8425]
[260, 304, 688.4525]
[260, 305, 687.95]
[260, 306, 687.515]
[260, 307, 687.1425]
[260, 308, 686.7525]
[260, 309, 686.3475]
[260, 310, 685.9725]
[260, 311, 685.6825]
[260, 312, 685.3375]
[260, 313, 685.07]
[260, 314, 684.765]
[260, 315, 684.3825]
[260, 316, 683.905]
[260, 317, 683.47]
[260, 318, 683.1275]
[260, 319, 682.8225]
[260, 320, 682.31]
[260, 321, 681.92]
[260, 322, 681.6125]
[260, 323, 681.4075]
[260, 324, 681.155]
[260, 325, 680.8375]
[260, 326, 680.5075]
[260, 327, 680.1125]
[260, 328, 679.68]
[260, 329, 679.2675]
[260, 330, 678.9075]
[260, 331, 678.6225]
[260, 332, 678.185]
[260, 333, 677.7025]
[260, 334, 677.215]
[260, 335, 676.7975]
[260, 336, 676.485]
[260, 337, 676.11]
[260, 338, 675.75]
[260, 339, 675.44]
[260, 340, 675.115]
[260, 341, 674.77]
[260, 342, 674.3475]
[260, 343, 673.96]
[260, 344, 673.5725]
[260, 345, 673.24]
[260, 346, 672.8725]
[260, 347, 672.4825]
[260, 348, 672.0825]
[260, 349, 671.7825]
[260, 350, 671.4475]
[260, 351, 671.0825]
[260, 352, 670.695]
[260, 353, 670.3075]
[260, 354, 669.9375]
[260, 355, 669.5525]
[260, 356, 669.2125]
[260, 357, 668.8875]
[260, 358, 668.54]
[260, 359, 668.155]
[260, 360, 667.8]
[260, 361, 667.5325]
[260, 362, 667.295]
[260, 363, 667.065]
[260, 364, 666.7275]
[260, 365, 666.4275]
[260, 366, 666.19]
[260, 367, 665.9775]
[260, 368, 665.6925]
[260, 369, 665.275]
[260, 370, 664.895]
[260, 371, 664.5425]
[260, 372, 664.2175]
[260, 373, 663.995]
[260, 374, 663.785]
[260, 375, 663.4175]
[260, 376, 662.9275]
[260, 377, 662.5]
[260, 378, 662.03]
[260, 379, 661.5925]
[260, 380, 661.155]
[260, 381, 660.6875]
[260, 382, 660.2825]
[260, 383, 660.02]
[260, 384, 659.6775]
[260, 385, 659.3775]
[260, 386, 659.085]
[260, 387, 658.815]
[260, 388, 658.4825]
[260, 389, 658.15]
[260, 390, 657.895]
[260, 391, 657.6125]
[260, 392, 657.2675]
[260, 393, 656.8]
[260, 394, 656.405]
[260, 395, 656.1025]
[260, 396, 655.7275]
[260, 397, 655.2525]
[260, 398, 654.895]
[260, 399, 654.515]
[260, 400, 654.1925]
[260, 401, 653.885]
[260, 402, 653.5]
[260, 403, 653.08]
[260, 404, 652.7125]
[260, 405, 652.47]
[260, 406, 652.2425]
[260, 407, 651.935]
[260, 408, 651.6175]
[260, 409, 651.36]
[260, 410, 651.0975]
[260, 411, 650.8275]
[260, 412, 650.5475]
[260, 413, 650.39]
[260, 414, 650.2175]
[260, 415, 650.0075]
[260, 416, 649.745]
[260, 417, 649.52]
[260, 418, 649.295]
[260, 419, 649.01]
[260, 420, 648.6825]
[260, 421, 648.425]
[260, 422, 648.1975]
[260, 423, 648.01]
[260, 424, 647.74]
[260, 425, 647.4775]
[260, 426, 647.23]
[260, 427, 646.955]
[260, 428, 646.6875]
[260, 429, 646.3475]
[260, 430, 646.0075]
[260, 431, 645.765]
[260, 432, 645.455]
[260, 433, 645.2075]
[260, 434, 644.92]
[260, 435, 644.6725]
[260, 436, 644.4225]
[260, 437, 644.1875]
[260, 438, 643.9775]
[260, 439, 643.8125]
[260, 440, 643.5825]
[260, 441, 643.3175]
[260, 442, 642.96]
[260, 443, 642.67]
[260, 444, 642.43]
[260, 445, 642.215]
[260, 446, 641.995]
[260, 447, 641.7875]
[260, 448, 641.6525]
[260, 449, 641.5125]
[260, 450, 641.3125]
[260, 451, 641.1325]
[260, 452, 641.0025]
[260, 453, 640.83]
[260, 454, 640.5725]
[260, 455, 640.37]
[260, 456, 640.1475]
[260, 457, 639.965]
[260, 458, 639.85]
[260, 459, 639.605]
[260, 460, 639.4275]
[260, 461, 639.215]
[260, 462, 638.9875]
[260, 463, 638.7625]
[260, 464, 638.5725]
[260, 465, 638.3825]
[260, 466, 638.1175]
[260, 467, 637.97]
[260, 468, 637.785]
[260, 469, 637.585]
[260, 470, 637.39]
[260, 471, 637.195]
[260, 472, 637.02]
[260, 473, 636.77]
[260, 474, 636.445]
[260, 475, 636.13]
[260, 476, 635.8875]
[260, 477, 635.645]
[260, 478, 635.42]
[260, 479, 635.105]
[260, 480, 634.7775]
[260, 481, 634.5425]
[260, 482, 634.2875]
[260, 483, 634.0325]
[260, 484, 633.8175]
[260, 485, 633.5775]
[260, 486, 633.35]
[260, 487, 633.13]
[260, 488, 632.94]
[260, 489, 632.7775]
[260, 490, 632.5725]
[260, 491, 632.325]
[260, 492, 632.1525]
[260, 493, 631.9325]
[260, 494, 631.6725]
[260, 495, 631.4325]
[260, 496, 631.205]
[260, 497, 631.0525]
[260, 498, 630.8725]
[260, 499, 630.6225]
[270, 499, 638.41]
[270, 498, 638.695]
[270, 497, 638.9725]
[270, 496, 639.2725]
[270, 495, 639.5825]
[270, 494, 639.9275]
[270, 493, 640.1725]
[270, 492, 640.3625]
[270, 491, 640.69]
[270, 490, 640.9375]
[270, 489, 641.1725]
[270, 488, 641.365]
[270, 487, 641.6675]
[270, 486, 641.915]
[270, 485, 642.1525]
[270, 484, 642.355]
[270, 483, 642.515]
[270, 482, 642.705]
[270, 481, 642.885]
[270, 480, 643.0725]
[270, 479, 643.2325]
[270, 478, 643.4725]
[270, 477, 643.775]
[270, 476, 644.0725]
[270, 475, 644.3375]
[270, 474, 644.5375]
[270, 473, 644.75]
[270, 472, 644.9625]
[270, 471, 645.1425]
[270, 470, 645.3625]
[270, 469, 645.52]
[270, 468, 645.79]
[270, 467, 646.095]
[270, 466, 646.3625]
[270, 465, 646.69]
[270, 464, 646.935]
[270, 463, 647.1475]
[270, 462, 647.29]
[270, 461, 647.6225]
[270, 460, 647.9125]
[270, 459, 648.13]
[270, 458, 648.38]
[270, 457, 648.625]
[270, 456, 648.83]
[270, 455, 648.935]
[270, 454, 649.055]
[270, 453, 649.24]
[270, 452, 649.43]
[270, 451, 649.71]
[270, 450, 650.025]
[270, 449, 650.26]
[270, 448, 650.4725]
[270, 447, 650.64]
[270, 446, 650.8675]
[270, 445, 651.1125]
[270, 444, 651.2575]
[270, 443, 651.4725]
[270, 442, 651.6475]
[270, 441, 651.94]
[270, 440, 652.3025]
[270, 439, 652.52]
[270, 438, 652.7575]
[270, 437, 653.06]
[270, 436, 653.3525]
[270, 435, 653.62]
[270, 434, 653.935]
[270, 433, 654.2325]
[270, 432, 654.475]
[270, 431, 654.7325]
[270, 430, 654.975]
[270, 429, 655.2525]
[270, 428, 655.61]
[270, 427, 655.9425]
[270, 426, 656.2175]
[270, 425, 656.475]
[270, 424, 656.7175]
[270, 423, 657.0025]
[270, 422, 657.3475]
[270, 421, 657.695]
[270, 420, 657.9975]
[270, 419, 658.3075]
[270, 418, 658.6275]
[270, 417, 658.8825]
[270, 416, 659.1125]
[270, 415, 659.4]
[270, 414, 659.68]
[270, 413, 659.91]
[270, 412, 660.1525]
[270, 411, 660.4]
[270, 410, 660.71]
[270, 409, 660.9875]
[270, 408, 661.23]
[270, 407, 661.47]
[270, 406, 661.705]
[270, 405, 661.93]
[270, 404, 662.2225]
[270, 403, 662.395]
[270, 402, 662.6925]
[270, 401, 662.915]
[270, 400, 663.1975]
[270, 399, 663.6]
[270, 398, 663.875]
[270, 397, 664.0925]
[270, 396, 664.3475]
[270, 395, 664.595]
[270, 394, 664.835]
[270, 393, 665.1275]
[270, 392, 665.3375]
[270, 391, 665.5675]
[270, 390, 665.9175]
[270, 389, 666.235]
[270, 388, 666.4825]
[270, 387, 666.725]
[270, 386, 666.9775]
[270, 385, 667.3625]
[270, 384, 667.7]
[270, 383, 668.0925]
[270, 382, 668.47]
[270, 381, 668.835]
[270, 380, 669.205]
[270, 379, 669.5375]
[270, 378, 669.865]
[270, 377, 670.22]
[270, 376, 670.5275]
[270, 375, 670.895]
[270, 374, 671.0525]
[270, 373, 671.085]
[270, 372, 671.2775]
[270, 371, 671.7075]
[270, 370, 672.2825]
[270, 369, 672.6175]
[270, 368, 672.7325]
[270, 367, 672.9175]
[270, 366, 673.135]
[270, 365, 673.2925]
[270, 364, 673.5]
[270, 363, 673.995]
[270, 362, 674.4925]
[270, 361, 674.94]
[270, 360, 675.4225]
[270, 359, 675.835]
[270, 358, 676.1025]
[270, 357, 676.3775]
[270, 356, 676.825]
[270, 355, 677.3425]
[270, 354, 677.82]
[270, 353, 678.305]
[270, 352, 678.61]
[270, 351, 678.8225]
[270, 350, 679.065]
[270, 349, 679.235]
[270, 348, 679.585]
[270, 347, 680.0975]
[270, 346, 680.6725]
[270, 345, 681.2075]
[270, 344, 681.6325]
[270, 343, 682.0675]
[270, 342, 682.5675]
[270, 341, 683.01]
[270, 340, 683.445]
[270, 339, 683.8075]
[270, 338, 684.1575]
[270, 337, 684.465]
[270, 336, 684.7475]
[270, 335, 685.0275]
[270, 334, 685.325]
[270, 333, 685.5775]
[270, 332, 685.8975]
[270, 331, 686.225]
[270, 330, 686.47]
[270, 329, 686.7125]
[270, 328, 686.905]
[270, 327, 687.1875]
[270, 326, 687.4525]
[270, 325, 687.69]
[270, 324, 687.985]
[270, 323, 688.27]
[270, 322, 688.52]
[270, 321, 688.855]
[270, 320, 689.2]
[270, 319, 689.475]
[270, 318, 689.785]
[270, 317, 690.1175]
[270, 316, 690.4675]
[270, 315, 690.7875]
[270, 314, 691.1175]
[270, 313, 691.385]
[270, 312, 691.7225]
[270, 311, 692.125]
[270, 310, 692.485]
[270, 309, 692.795]
[270, 308, 693.22]
[270, 307, 693.57]
[270, 306, 693.9475]
[270, 305, 694.4175]
[270, 304, 694.915]
[270, 303, 695.3875]
[270, 302, 696.0025]
[270, 301, 696.56]
[270, 300, 697.0325]
[270, 299, 697.4525]
[270, 298, 698.01]
[270, 297, 698.665]
[270, 296, 699.2425]
[270, 295, 699.745]
[270, 294, 700.1475]
[270, 293, 700.6375]
[270, 292, 701.12]
[270, 291, 701.5525]
[270, 290, 701.92]
[270, 289, 702.24]
[270, 288, 702.55]
[270, 287, 702.895]
[270, 286, 703.3375]
[270, 285, 703.74]
[270, 284, 704.1525]
[270, 283, 704.51]
[270, 282, 704.905]
[270, 281, 705.2525]
[270, 280, 705.65]
[270, 279, 706.07]
[270, 278, 706.5]
[270, 277, 706.8075]
[270, 276, 707.11]
[270, 275, 707.405]
[270, 274, 707.7275]
[270, 273, 708.1575]
[270, 272, 708.4525]
[270, 271, 708.72]
[270, 270, 709.04]
[270, 269, 709.3475]
[270, 268, 709.5625]
[270, 267, 709.8]
[270, 266, 710.1]
[270, 265, 710.44]
[270, 264, 710.835]
[270, 263, 711.235]
[270, 262, 711.4925]
[270, 261, 711.775]
[270, 260, 712.17]
[270, 259, 712.51]
[270, 258, 712.7625]
[270, 257, 712.9625]
[270, 256, 713.405]
[270, 255, 713.7825]
[270, 254, 713.965]
[270, 253, 714.225]
[270, 252, 714.5625]
[270, 251, 714.9875]
[270, 250, 715.2825]
[270, 249, 715.5825]
[270, 248, 715.8275]
[270, 247, 716.015]
[270, 246, 716.26]
[270, 245, 716.5775]
[270, 244, 717.085]
[270, 243, 717.3875]
[270, 242, 717.6875]
[270, 241, 718.1375]
[270, 240, 718.57]
[270, 239, 718.7825]
[270, 238, 719.09]
[270, 237, 719.46]
[270, 236, 719.74]
[270, 235, 720.095]
[270, 234, 720.3325]
[270, 233, 720.5875]
[270, 232, 720.9425]
[270, 231, 721.1725]
[270, 230, 721.4275]
[270, 229, 721.705]
[270, 228, 722.0125]
[270, 227, 722.2275]
[270, 226, 722.4625]
[270, 225, 722.63]
[270, 224, 722.8875]
[270, 223, 723.1175]
[270, 222, 723.435]
[270, 221, 723.84]
[270, 220, 724.3425]
[270, 219, 724.75]
[270, 218, 725.2]
[270, 217, 725.5675]
[270, 216, 726.04]
[270, 215, 726.4975]
[270, 214, 726.905]
[270, 213, 727.2525]
[270, 212, 727.4875]
[270, 211, 727.8675]
[270, 210, 728.2625]
[270, 209, 728.645]
[270, 208, 728.9275]
[270, 207, 729.3125]
[270, 206, 729.625]
[270, 205, 729.8625]
[270, 204, 730.2725]
[270, 203, 730.5275]
[270, 202, 730.885]
[270, 201, 731.2975]
[270, 200, 731.755]
[270, 199, 732.22]
[270, 198, 732.6025]
[270, 197, 732.975]
[270, 196, 733.3925]
[270, 195, 733.6875]
[270, 194, 734.095]
[270, 193, 734.4825]
[270, 192, 734.91]
[270, 191, 735.2225]
[270, 190, 735.51]
[270, 189, 735.8]
[270, 188, 736.1275]
[270, 187, 736.4675]
[270, 186, 736.7575]
[270, 185, 737.06]
[270, 184, 737.42]
[270, 183, 737.76]
[270, 182, 738.02]
[270, 181, 738.2175]
[270, 180, 738.4525]
[270, 179, 738.62]
[270, 178, 738.8125]
[270, 177, 739.1225]
[270, 176, 739.5075]
[270, 175, 740.035]
[270, 174, 740.46]
[270, 173, 740.8075]
[270, 172, 741.1575]
[270, 171, 741.49]
[270, 170, 741.865]
[270, 169, 742.175]
[270, 168, 742.49]
[270, 167, 742.82]
[270, 166, 743.1425]
[270, 165, 743.42]
[270, 164, 743.7275]
[270, 163, 744.0025]
[270, 162, 744.26]
[270, 161, 744.55]
[270, 160, 744.8325]
[270, 159, 745.03]
[270, 158, 745.17]
[270, 157, 745.165]
[270, 156, 745.0575]
[270, 155, 744.8625]
[270, 154, 744.685]
[270, 153, 744.4925]
[270, 152, 744.1125]
[270, 151, 743.7575]
[270, 150, 743.3925]
[270, 149, 742.94]
[270, 148, 742.5075]
[270, 147, 742.125]
[270, 146, 741.71]
[270, 145, 741.3175]
[270, 144, 740.93]
[270, 143, 740.51]
[270, 142, 740.175]
[270, 141, 739.75]
[270, 140, 739.3675]
[270, 139, 738.8925]
[270, 138, 738.4775]
[270, 137, 738.0825]
[270, 136, 737.6625]
[270, 135, 737.29]
[270, 134, 736.89]
[270, 133, 736.535]
[270, 132, 736.1275]
[270, 131, 735.685]
[270, 130, 735.3325]
[270, 129, 734.9225]
[270, 128, 734.59]
[270, 127, 734.1925]
[270, 126, 733.7225]
[270, 125, 733.35]
[270, 124, 732.94]
[270, 123, 732.555]
[270, 122, 732.0725]
[270, 121, 731.5575]
[270, 120, 730.945]
[270, 119, 730.3575]
[270, 118, 729.7275]
[270, 117, 729.1275]
[270, 116, 728.5375]
[270, 115, 727.9525]
[270, 114, 727.37]
[270, 113, 726.86]
[270, 112, 726.315]
[270, 111, 725.71]
[270, 110, 725.13]
[270, 109, 724.54]
[270, 108, 724.05]
[270, 107, 723.4775]
[270, 106, 722.895]
[270, 105, 722.2975]
[270, 104, 721.6825]
[270, 103, 721.0975]
[270, 102, 720.4825]
[270, 101, 719.92]
[270, 100, 719.5575]
[270, 99, 719.15]
[270, 98, 718.7]
[270, 97, 718.195]
[270, 96, 717.6575]
[270, 95, 717.0825]
[270, 94, 716.4125]
[270, 93, 715.88]
[270, 92, 715.2775]
[270, 91, 714.6875]
[270, 90, 714.0425]
[270, 89, 713.4775]
[270, 88, 713.1625]
[270, 87, 712.7475]
[270, 86, 712.4675]
[270, 85, 712.085]
[270, 84, 711.615]
[270, 83, 711.1925]
[270, 82, 710.785]
[270, 81, 710.44]
[270, 80, 709.89]
[270, 79, 709.28]
[270, 78, 708.6925]
[270, 77, 708.14]
[270, 76, 707.63]
[270, 75, 706.9]
[270, 74, 706.2575]
[270, 73, 705.73]
[270, 72, 705.2275]
[270, 71, 704.6375]
[270, 70, 704.005]
[270, 69, 703.265]
[270, 68, 702.56]
[270, 67, 701.96]
[270, 66, 701.4375]
[270, 65, 700.9925]
[270, 64, 700.4525]
[270, 63, 699.905]
[270, 62, 699.38]
[270, 61, 698.69]
[270, 60, 698.16]
[270, 59, 697.71]
[270, 58, 697.3125]
[270, 57, 696.96]
[270, 56, 696.475]
[270, 55, 696.085]
[270, 54, 695.7125]
[270, 53, 695.3375]
[270, 52, 694.9725]
[270, 51, 694.54]
[270, 50, 694.0775]
[270, 49, 693.61]
[270, 48, 693.05]
[270, 47, 692.64]
[270, 46, 692.1825]
[270, 45, 691.815]
[270, 44, 691.45]
[270, 43, 690.985]
[270, 42, 690.6625]
[270, 41, 690.3375]
[270, 40, 689.97]
[270, 39, 689.595]
[270, 38, 689.28]
[270, 37, 688.93]
[270, 36, 688.4275]
[270, 35, 687.94]
[270, 34, 687.545]
[270, 33, 687.085]
[270, 32, 686.4925]
[270, 31, 685.86]
[270, 30, 685.2675]
[270, 29, 684.8675]
[270, 28, 684.5625]
[270, 27, 684.235]
[270, 26, 683.79]
[270, 25, 683.3]
[270, 24, 682.855]
[270, 23, 682.445]
[270, 22, 682.06]
[270, 21, 681.8825]
[270, 20, 681.715]
[270, 19, 681.445]
[270, 18, 681.125]
[270, 17, 680.7825]
[270, 16, 680.4025]
[270, 15, 679.89]
[270, 14, 679.375]
[270, 13, 679.0575]
[270, 12, 678.825]
[270, 11, 678.5475]
[270, 10, 678.175]
[270, 9, 677.76]
[270, 8, 677.2575]
[270, 7, 676.73]
[270, 6, 676.2575]
[270, 5, 675.7375]
[270, 4, 675.315]
[270, 3, 675.0225]
[270, 2, 674.825]
[270, 1, 674.6775]
[270, 0, 674.49]
[280, 0, 666.37]
[280, 1, 666.4875]
[280, 2, 666.7275]
[280, 3, 667.0425]
[280, 4, 667.5275]
[280, 5, 668.0175]
[280, 6, 668.48]
[280, 7, 668.7825]
[280, 8, 669.0075]
[280, 9, 669.1775]
[280, 10, 669.315]
[280, 11, 669.3725]
[280, 12, 669.485]
[280, 13, 669.77]
[280, 14, 670.1225]
[280, 15, 670.525]
[280, 16, 671.135]
[280, 17, 671.8325]
[280, 18, 672.525]
[280, 19, 673.2225]
[280, 20, 673.695]
[280, 21, 673.9825]
[280, 22, 674.0875]
[280, 23, 674.0775]
[280, 24, 674.235]
[280, 25, 674.5]
[280, 26, 674.77]
[280, 27, 674.9575]
[280, 28, 675.045]
[280, 29, 674.92]
[280, 30, 675.14]
[280, 31, 675.51]
[280, 32, 675.775]
[280, 33, 676.14]
[280, 34, 676.7775]
[280, 35, 677.715]
[280, 36, 678.4175]
[280, 37, 679.0125]
[280, 38, 679.48]
[280, 39, 679.94]
[280, 40, 680.695]
[280, 41, 681.485]
[280, 42, 682.03]
[280, 43, 682.4225]
[280, 44, 682.68]
[280, 45, 682.755]
[280, 46, 683.0625]
[280, 47, 683.4325]
[280, 48, 683.75]
[280, 49, 684.1525]
[280, 50, 684.6175]
[280, 51, 685.1475]
[280, 52, 685.545]
[280, 53, 685.935]
[280, 54, 686.4025]
[280, 55, 686.9275]
[280, 56, 687.4775]
[280, 57, 687.965]
[280, 58, 688.6375]
[280, 59, 689.22]
[280, 60, 689.72]
[280, 61, 690.2925]
[280, 62, 690.8775]
[280, 63, 691.395]
[280, 64, 692.005]
[280, 65, 692.5775]
[280, 66, 693.1475]
[280, 67, 693.79]
[280, 68, 694.425]
[280, 69, 695.05]
[280, 70, 695.4975]
[280, 71, 696.025]
[280, 72, 696.5075]
[280, 73, 697.0725]
[280, 74, 697.75]
[280, 75, 698.31]
[280, 76, 698.825]
[280, 77, 699.1875]
[280, 78, 699.5375]
[280, 79, 699.7525]
[280, 80, 700.21]
[280, 81, 700.4875]
[280, 82, 700.57]
[280, 83, 700.9525]
[280, 84, 701.42]
[280, 85, 702.0325]
[280, 86, 702.725]
[280, 87, 703.28]
[280, 88, 703.7325]
[280, 89, 704.26]
[280, 90, 704.69]
[280, 91, 705.125]
[280, 92, 705.6025]
[280, 93, 706.105]
[280, 94, 706.7275]
[280, 95, 707.45]
[280, 96, 708.0525]
[280, 97, 708.5075]
[280, 98, 708.9775]
[280, 99, 709.49]
[280, 100, 709.955]
[280, 101, 710.2925]
[280, 102, 710.6725]
[280, 103, 711.26]
[280, 104, 711.9]
[280, 105, 712.445]
[280, 106, 712.9225]
[280, 107, 713.395]
[280, 108, 713.945]
[280, 109, 714.4725]
[280, 110, 715.1025]
[280, 111, 715.8275]
[280, 112, 716.31]
[280, 113, 716.8825]
[280, 114, 717.3275]
[280, 115, 717.955]
[280, 116, 718.4275]
[280, 117, 718.7525]
[280, 118, 719.275]
[280, 119, 719.87]
[280, 120, 720.57]
[280, 121, 721.1825]
[280, 122, 721.71]
[280, 123, 722.245]
[280, 124, 722.7975]
[280, 125, 723.34]
[280, 126, 723.8275]
[280, 127, 724.3125]
[280, 128, 724.8725]
[280, 129, 725.4925]
[280, 130, 726.1]
[280, 131, 726.605]
[280, 132, 727.115]
[280, 133, 727.59]
[280, 134, 728.06]
[280, 135, 728.545]
[280, 136, 729.0925]
[280, 137, 729.5675]
[280, 138, 729.9925]
[280, 139, 730.3675]
[280, 140, 730.78]
[280, 141, 731.27]
[280, 142, 731.62]
[280, 143, 732.0225]
[280, 144, 732.36]
[280, 145, 732.6875]
[280, 146, 733.0425]
[280, 147, 733.4125]
[280, 148, 733.8175]
[280, 149, 734.1875]
[280, 150, 734.52]
[280, 151, 734.925]
[280, 152, 735.3225]
[280, 153, 735.73]
[280, 154, 736.0475]
[280, 155, 736.4325]
[280, 156, 736.7775]
[280, 157, 737.115]
[280, 158, 737.5425]
[280, 159, 737.91]
[280, 160, 738.325]
[280, 161, 738.695]
[280, 162, 739.055]
[280, 163, 739.46]
[280, 164, 739.875]
[280, 165, 740.18]
[280, 166, 740.3425]
[280, 167, 740.47]
[280, 168, 740.495]
[280, 169, 740.415]
[280, 170, 740.385]
[280, 171, 740.295]
[280, 172, 740.185]
[280, 173, 740.04]
[280, 174, 739.815]
[280, 175, 739.62]
[280, 176, 739.48]
[280, 177, 739.295]
[280, 178, 739.115]
[280, 179, 738.9375]
[280, 180, 738.7175]
[280, 181, 738.5625]
[280, 182, 738.4225]
[280, 183, 738.215]
[280, 184, 737.925]
[280, 185, 737.66]
[280, 186, 737.3625]
[280, 187, 737.0325]
[280, 188, 736.56]
[280, 189, 736.0825]
[280, 190, 735.8975]
[280, 191, 735.8425]
[280, 192, 735.8475]
[280, 193, 735.93]
[280, 194, 735.8475]
[280, 195, 735.6725]
[280, 196, 735.51]
[280, 197, 735.2525]
[280, 198, 734.93]
[280, 199, 734.585]
[280, 200, 734.2175]
[280, 201, 733.8125]
[280, 202, 733.4775]
[280, 203, 733.0925]
[280, 204, 732.8225]
[280, 205, 732.495]
[280, 206, 732.2025]
[280, 207, 731.79]
[280, 208, 731.455]
[280, 209, 731.1975]
[280, 210, 730.95]
[280, 211, 730.665]
[280, 212, 730.43]
[280, 213, 730.1325]
[280, 214, 729.7875]
[280, 215, 729.3775]
[280, 216, 729.015]
[280, 217, 728.645]
[280, 218, 728.265]
[280, 219, 727.845]
[280, 220, 727.36]
[280, 221, 727.0875]
[280, 222, 726.795]
[280, 223, 726.3875]
[280, 224, 725.97]
[280, 225, 725.435]
[280, 226, 725.1375]
[280, 227, 724.855]
[280, 228, 724.49]
[280, 229, 724.13]
[280, 230, 723.8275]
[280, 231, 723.5925]
[280, 232, 723.385]
[280, 233, 723.18]
[280, 234, 723.0125]
[280, 235, 722.91]
[280, 236, 722.7575]
[280, 237, 722.48]
[280, 238, 722.0875]
[280, 239, 721.885]
[280, 240, 721.4975]
[280, 241, 721.2]
[280, 242, 720.8925]
[280, 243, 720.6275]
[280, 244, 720.43]
[280, 245, 720.185]
[280, 246, 719.86]
[280, 247, 719.5275]
[280, 248, 719.1725]
[280, 249, 718.8475]
[280, 250, 718.445]
[280, 251, 718.1425]
[280, 252, 718.0125]
[280, 253, 717.6725]
[280, 254, 717.26]
[280, 255, 716.87]
[280, 256, 716.5525]
[280, 257, 716.325]
[280, 258, 716.1125]
[280, 259, 715.7775]
[280, 260, 715.5375]
[280, 261, 715.2225]
[280, 262, 714.8975]
[280, 263, 714.7225]
[280, 264, 714.47]
[280, 265, 714.0125]
[280, 266, 713.67]
[280, 267, 713.435]
[280, 268, 713.245]
[280, 269, 712.99]
[280, 270, 712.93]
[280, 271, 712.7825]
[280, 272, 712.4825]
[280, 273, 712.1425]
[280, 274, 711.81]
[280, 275, 711.5625]
[280, 276, 711.3425]
[280, 277, 711.105]
[280, 278, 710.895]
[280, 279, 710.6825]
[280, 280, 710.425]
[280, 281, 710.245]
[280, 282, 709.9775]
[280, 283, 709.71]
[280, 284, 709.3925]
[280, 285, 709.0925]
[280, 286, 708.76]
[280, 287, 708.5075]
[280, 288, 708.2525]
[280, 289, 708.0075]
[280, 290, 707.61]
[280, 291, 707.1625]
[280, 292, 706.7]
[280, 293, 706.3225]
[280, 294, 705.9775]
[280, 295, 705.64]
[280, 296, 705.2875]
[280, 297, 704.915]
[280, 298, 704.42]
[280, 299, 703.86]
[280, 300, 703.3525]
[280, 301, 702.8775]
[280, 302, 702.46]
[280, 303, 701.9675]
[280, 304, 701.4475]
[280, 305, 700.995]
[280, 306, 700.5775]
[280, 307, 700.1625]
[280, 308, 699.71]
[280, 309, 699.3275]
[280, 310, 698.865]
[280, 311, 698.4025]
[280, 312, 698.08]
[280, 313, 697.77]
[280, 314, 697.4425]
[280, 315, 697.0675]
[280, 316, 696.6975]
[280, 317, 696.2825]
[280, 318, 695.9225]
[280, 319, 695.6275]
[280, 320, 695.3575]
[280, 321, 695.1725]
[280, 322, 694.8525]
[280, 323, 694.4425]
[280, 324, 694.1625]
[280, 325, 693.9625]
[280, 326, 693.7325]
[280, 327, 693.38]
[280, 328, 693.005]
[280, 329, 692.845]
[280, 330, 692.75]
[280, 331, 692.3975]
[280, 332, 692.07]
[280, 333, 691.86]
[280, 334, 691.6425]
[280, 335, 691.3325]
[280, 336, 691.01]
[280, 337, 690.7875]
[280, 338, 690.485]
[280, 339, 690.1325]
[280, 340, 689.7825]
[280, 341, 689.395]
[280, 342, 689.0025]
[280, 343, 688.56]
[280, 344, 688.1525]
[280, 345, 687.835]
[280, 346, 687.605]
[280, 347, 687.32]
[280, 348, 687.0325]
[280, 349, 686.74]
[280, 350, 686.4775]
[280, 351, 686.195]
[280, 352, 685.9125]
[280, 353, 685.6575]
[280, 354, 685.265]
[280, 355, 684.99]
[280, 356, 684.715]
[280, 357, 684.2475]
[280, 358, 683.95]
[280, 359, 683.7025]
[280, 360, 683.41]
[280, 361, 683.0975]
[280, 362, 682.8175]
[280, 363, 682.3825]
[280, 364, 681.905]
[280, 365, 681.49]
[280, 366, 681.09]
[280, 367, 680.78]
[280, 368, 680.71]
[280, 369, 680.575]
[280, 370, 680.4025]
[280, 371, 680.31]
[280, 372, 680.12]
[280, 373, 679.795]
[280, 374, 679.4975]
[280, 375, 679.105]
[280, 376, 678.7275]
[280, 377, 678.37]
[280, 378, 678.03]
[280, 379, 677.6475]
[280, 380, 677.22]
[280, 381, 676.8475]
[280, 382, 676.5975]
[280, 383, 676.33]
[280, 384, 675.965]
[280, 385, 675.6475]
[280, 386, 675.3325]
[280, 387, 675.07]
[280, 388, 674.815]
[280, 389, 674.525]
[280, 390, 674.225]
[280, 391, 673.895]
[280, 392, 673.66]
[280, 393, 673.54]
[280, 394, 673.2975]
[280, 395, 673.02]
[280, 396, 672.6225]
[280, 397, 672.24]
[280, 398, 671.6775]
[280, 399, 671.5125]
[280, 400, 671.52]
[280, 401, 671.3925]
[280, 402, 671.2025]
[280, 403, 670.9375]
[280, 404, 670.6725]
[280, 405, 670.37]
[280, 406, 670.0575]
[280, 407, 669.875]
[280, 408, 669.6825]
[280, 409, 669.385]
[280, 410, 669.19]
[280, 411, 669.0625]
[280, 412, 668.835]
[280, 413, 668.5175]
[280, 414, 668.39]
[280, 415, 668.165]
[280, 416, 667.9175]
[280, 417, 667.7075]
[280, 418, 667.4875]
[280, 419, 667.2775]
[280, 420, 667.0625]
[280, 421, 666.7875]
[280, 422, 666.475]
[280, 423, 666.2125]
[280, 424, 666.0275]
[280, 425, 665.83]
[280, 426, 665.605]
[280, 427, 665.3225]
[280, 428, 665.01]
[280, 429, 664.7075]
[280, 430, 664.47]
[280, 431, 664.215]
[280, 432, 663.9575]
[280, 433, 663.6575]
[280, 434, 663.45]
[280, 435, 663.2025]
[280, 436, 662.9725]
[280, 437, 662.7175]
[280, 438, 662.5]
[280, 439, 662.285]
[280, 440, 662.02]
[280, 441, 661.6975]
[280, 442, 661.4325]
[280, 443, 661.175]
[280, 444, 660.895]
[280, 445, 660.5775]
[280, 446, 660.0325]
[280, 447, 659.725]
[280, 448, 659.6775]
[280, 449, 659.46]
[280, 450, 659.165]
[280, 451, 658.9325]
[280, 452, 658.6525]
[280, 453, 658.2525]
[280, 454, 657.9225]
[280, 455, 657.675]
[280, 456, 657.4875]
[280, 457, 657.25]
[280, 458, 657.035]
[280, 459, 656.855]
[280, 460, 656.5525]
[280, 461, 656.305]
[280, 462, 656.11]
[280, 463, 656.015]
[280, 464, 655.91]
[280, 465, 655.7175]
[280, 466, 655.42]
[280, 467, 655.0725]
[280, 468, 654.77]
[280, 469, 654.5125]
[280, 470, 654.2275]
[280, 471, 653.9625]
[280, 472, 653.775]
[280, 473, 653.5275]
[280, 474, 653.2775]
[280, 475, 653.0875]
[280, 476, 652.8125]
[280, 477, 652.535]
[280, 478, 652.145]
[280, 479, 651.75]
[280, 480, 651.4775]
[280, 481, 651.27]
[280, 482, 651.055]
[280, 483, 650.71]
[280, 484, 650.405]
[280, 485, 650.195]
[280, 486, 649.99]
[280, 487, 649.69]
[280, 488, 649.3625]
[280, 489, 649.1525]
[280, 490, 649.015]
[280, 491, 648.79]
[280, 492, 648.52]
[280, 493, 648.225]
[280, 494, 647.915]
[280, 495, 647.64]
[280, 496, 647.3675]
[280, 497, 647.0875]
[280, 498, 646.79]
[280, 499, 646.49]
[290, 499, 655.3275]
[290, 498, 655.6275]
[290, 497, 655.9925]
[290, 496, 656.335]
[290, 495, 656.64]
[290, 494, 656.9125]
[290, 493, 657.2225]
[290, 492, 657.5175]
[290, 491, 657.825]
[290, 490, 658.135]
[290, 489, 658.405]
[290, 488, 658.675]
[290, 487, 658.945]
[290, 486, 659.2775]
[290, 485, 659.5825]
[290, 484, 659.865]
[290, 483, 660.185]
[290, 482, 660.48]
[290, 481, 660.8375]
[290, 480, 661.22]
[290, 479, 661.5525]
[290, 478, 661.8125]
[290, 477, 662.1075]
[290, 476, 662.41]
[290, 475, 662.6875]
[290, 474, 662.985]
[290, 473, 663.1425]
[290, 472, 663.3525]
[290, 471, 663.77]
[290, 470, 664.0125]
[290, 469, 664.3025]
[290, 468, 664.4825]
[290, 467, 664.665]
[290, 466, 664.8675]
[290, 465, 665.1175]
[290, 464, 665.305]
[290, 463, 665.475]
[290, 462, 665.68]
[290, 461, 665.8925]
[290, 460, 666.2475]
[290, 459, 666.53]
[290, 458, 666.755]
[290, 457, 667.06]
[290, 456, 667.2925]
[290, 455, 667.505]
[290, 454, 667.755]
[290, 453, 668.055]
[290, 452, 668.255]
[290, 451, 668.505]
[290, 450, 668.7825]
[290, 449, 669.0375]
[290, 448, 669.305]
[290, 447, 669.54]
[290, 446, 669.7725]
[290, 445, 669.9375]
[290, 444, 670.1325]
[290, 443, 670.32]
[290, 442, 670.48]
[290, 441, 670.71]
[290, 440, 670.93]
[290, 439, 671.1475]
[290, 438, 671.3725]
[290, 437, 671.4875]
[290, 436, 671.5975]
[290, 435, 671.835]
[290, 434, 672.12]
[290, 433, 672.3625]
[290, 432, 672.655]
[290, 431, 672.975]
[290, 430, 673.2775]
[290, 429, 673.4975]
[290, 428, 673.7925]
[290, 427, 674.045]
[290, 426, 674.3175]
[290, 425, 674.5375]
[290, 424, 674.8125]
[290, 423, 675.0175]
[290, 422, 675.24]
[290, 421, 675.5075]
[290, 420, 675.725]
[290, 419, 675.865]
[290, 418, 676.055]
[290, 417, 676.2825]
[290, 416, 676.4575]
[290, 415, 676.62]
[290, 414, 676.745]
[290, 413, 676.99]
[290, 412, 677.3075]
[290, 411, 677.465]
[290, 410, 677.6825]
[290, 409, 677.985]
[290, 408, 678.2425]
[290, 407, 678.46]
[290, 406, 678.6525]
[290, 405, 678.815]
[290, 404, 678.8875]
[290, 403, 679.0775]
[290, 402, 679.335]
[290, 401, 679.64]
[290, 400, 679.8225]
[290, 399, 679.9475]
[290, 398, 680.2025]
[290, 397, 680.4525]
[290, 396, 680.645]
[290, 395, 680.8325]
[290, 394, 680.9725]
[290, 393, 681.4375]
[290, 392, 681.9275]
[290, 391, 682.36]
[290, 390, 682.715]
[290, 389, 683.075]
[290, 388, 683.5]
[290, 387, 683.8525]
[290, 386, 684.14]
[290, 385, 684.62]
[290, 384, 685.1175]
[290, 383, 685.54]
[290, 382, 685.93]
[290, 381, 686.1775]
[290, 380, 686.4325]
[290, 379, 686.635]
[290, 378, 686.7375]
[290, 377, 686.8875]
[290, 376, 687.0]
[290, 375, 687.16]
[290, 374, 687.4125]
[290, 373, 687.5875]
[290, 372, 687.7375]
[290, 371, 687.9475]
[290, 370, 688.2225]
[290, 369, 688.385]
[290, 368, 688.4875]
[290, 367, 688.695]
[290, 366, 688.855]
[290, 365, 689.2375]
[290, 364, 689.5225]
[290, 363, 689.755]
[290, 362, 690.0525]
[290, 361, 690.2225]
[290, 360, 690.525]
[290, 359, 690.8075]
[290, 358, 691.0525]
[290, 357, 691.175]
[290, 356, 691.3475]
[290, 355, 691.695]
[290, 354, 692.0]
[290, 353, 692.245]
[290, 352, 692.4925]
[290, 351, 692.85]
[290, 350, 693.01]
[290, 349, 693.205]
[290, 348, 693.3775]
[290, 347, 693.635]
[290, 346, 693.9275]
[290, 345, 694.1925]
[290, 344, 694.485]
[290, 343, 694.765]
[290, 342, 694.9525]
[290, 341, 695.1425]
[290, 340, 695.435]
[290, 339, 695.755]
[290, 338, 696.085]
[290, 337, 696.42]
[290, 336, 696.605]
[290, 335, 696.8275]
[290, 334, 697.1425]
[290, 333, 697.435]
[290, 332, 697.7125]
[290, 331, 698.025]
[290, 330, 698.24]
[290, 329, 698.37]
[290, 328, 698.635]
[290, 327, 698.8675]
[290, 326, 699.1375]
[290, 325, 699.4275]
[290, 324, 699.77]
[290, 323, 700.25]
[290, 322, 700.54]
[290, 321, 700.8275]
[290, 320, 701.2025]
[290, 319, 701.595]
[290, 318, 701.9825]
[290, 317, 702.395]
[290, 316, 702.795]
[290, 315, 703.1375]
[290, 314, 703.595]
[290, 313, 703.8375]
[290, 312, 704.105]
[290, 311, 704.3775]
[290, 310, 704.875]
[290, 309, 705.4075]
[290, 308, 705.7325]
[290, 307, 706.07]
[290, 306, 706.49]
[290, 305, 706.9325]
[290, 304, 707.26]
[290, 303, 707.575]
[290, 302, 707.935]
[290, 301, 708.3675]
[290, 300, 708.73]
[290, 299, 709.0475]
[290, 298, 709.39]
[290, 297, 709.7525]
[290, 296, 709.975]
[290, 295, 710.255]
[290, 294, 710.6375]
[290, 293, 710.92]
[290, 292, 711.13]
[290, 291, 711.4275]
[290, 290, 711.7375]
[290, 289, 711.9475]
[290, 288, 712.1525]
[290, 287, 712.3925]
[290, 286, 712.57]
[290, 285, 712.84]
[290, 284, 713.1925]
[290, 283, 713.44]
[290, 282, 713.7775]
[290, 281, 714.1375]
[290, 280, 714.45]
[290, 279, 714.7375]
[290, 278, 714.95]
[290, 277, 715.1975]
[290, 276, 715.4875]
[290, 275, 715.64]
[290, 274, 715.795]
[290, 273, 715.94]
[290, 272, 716.0675]
[290, 271, 716.2475]
[290, 270, 716.4875]
[290, 269, 716.67]
[290, 268, 716.9125]
[290, 267, 717.175]
[290, 266, 717.455]
[290, 265, 717.695]
[290, 264, 717.975]
[290, 263, 718.295]
[290, 262, 718.6425]
[290, 261, 718.965]
[290, 260, 719.38]
[290, 259, 719.6675]
[290, 258, 719.9325]
[290, 257, 720.15]
[290, 256, 720.2225]
[290, 255, 720.2975]
[290, 254, 720.515]
[290, 253, 720.6375]
[290, 252, 720.7825]
[290, 251, 721.015]
[290, 250, 721.18]
[290, 249, 721.4375]
[290, 248, 721.6375]
[290, 247, 721.86]
[290, 246, 722.1025]
[290, 245, 722.3975]
[290, 244, 722.685]
[290, 243, 722.965]
[290, 242, 723.2125]
[290, 241, 723.405]
[290, 240, 723.64]
[290, 239, 723.915]
[290, 238, 724.185]
[290, 237, 724.4025]
[290, 236, 724.575]
[290, 235, 724.82]
[290, 234, 725.16]
[290, 233, 725.6475]
[290, 232, 726.06]
[290, 231, 726.44]
[290, 230, 726.8275]
[290, 229, 727.255]
[290, 228, 727.63]
[290, 227, 727.9525]
[290, 226, 728.3175]
[290, 225, 728.6825]
[290, 224, 729.05]
[290, 223, 729.4]
[290, 222, 729.6325]
[290, 221, 729.945]
[290, 220, 730.3725]
[290, 219, 730.68]
[290, 218, 730.9225]
[290, 217, 731.1225]
[290, 216, 731.39]
[290, 215, 731.67]
[290, 214, 731.89]
[290, 213, 732.19]
[290, 212, 732.4625]
[290, 211, 732.6175]
[290, 210, 732.8475]
[290, 209, 733.11]
[290, 208, 733.2925]
[290, 207, 733.5775]
[290, 206, 734.03]
[290, 205, 734.575]
[290, 204, 735.025]
[290, 203, 735.435]
[290, 202, 735.7875]
[290, 201, 736.0225]
[290, 200, 736.1375]
[290, 199, 736.155]
[290, 198, 736.065]
[290, 197, 735.9925]
[290, 196, 735.92]
[290, 195, 735.7825]
[290, 194, 735.52]
[290, 193, 735.41]
[290, 192, 735.435]
[290, 191, 735.595]
[290, 190, 735.875]
[290, 189, 736.035]
[290, 188, 736.1875]
[290, 187, 736.3275]
[290, 186, 736.4125]
[290, 185, 736.465]
[290, 184, 736.59]
[290, 183, 736.6475]
[290, 182, 736.71]
[290, 181, 736.7125]
[290, 180, 736.6575]
[290, 179, 736.635]
[290, 178, 736.4875]
[290, 177, 736.31]
[290, 176, 736.075]
[290, 175, 735.865]
[290, 174, 735.6225]
[290, 173, 735.2775]
[290, 172, 734.98]
[290, 171, 734.6775]
[290, 170, 734.275]
[290, 169, 733.855]
[290, 168, 733.34]
[290, 167, 732.785]
[290, 166, 732.1825]
[290, 165, 731.5475]
[290, 164, 730.9575]
[290, 163, 730.41]
[290, 162, 729.9275]
[290, 161, 729.44]
[290, 160, 728.9725]
[290, 159, 728.5]
[290, 158, 728.0575]
[290, 157, 727.75]
[290, 156, 727.35]
[290, 155, 726.9475]
[290, 154, 726.5375]
[290, 153, 726.09]
[290, 152, 725.695]
[290, 151, 725.4375]
[290, 150, 725.085]
[290, 149, 724.68]
[290, 148, 724.3075]
[290, 147, 723.8925]
[290, 146, 723.5075]
[290, 145, 723.1575]
[290, 144, 722.675]
[290, 143, 722.2425]
[290, 142, 721.8]
[290, 141, 721.3625]
[290, 140, 720.8975]
[290, 139, 720.3375]
[290, 138, 719.915]
[290, 137, 719.4525]
[290, 136, 718.9475]
[290, 135, 718.48]
[290, 134, 717.9975]
[290, 133, 717.62]
[290, 132, 717.26]
[290, 131, 716.8025]
[290, 130, 716.35]
[290, 129, 715.935]
[290, 128, 715.41]
[290, 127, 714.9625]
[290, 126, 714.505]
[290, 125, 714.0925]
[290, 124, 713.6425]
[290, 123, 713.13]
[290, 122, 712.5425]
[290, 121, 711.945]
[290, 120, 711.34]
[290, 119, 710.8075]
[290, 118, 710.245]
[290, 117, 709.7125]
[290, 116, 709.165]
[290, 115, 708.6675]
[290, 114, 708.045]
[290, 113, 707.415]
[290, 112, 706.975]
[290, 111, 706.4625]
[290, 110, 705.9675]
[290, 109, 705.405]
[290, 108, 704.895]
[290, 107, 704.42]
[290, 106, 703.815]
[290, 105, 703.1525]
[290, 104, 702.65]
[290, 103, 702.1975]
[290, 102, 701.6725]
[290, 101, 701.105]
[290, 100, 700.495]
[290, 99, 699.945]
[290, 98, 699.4625]
[290, 97, 698.9775]
[290, 96, 698.5425]
[290, 95, 698.125]
[290, 94, 697.635]
[290, 93, 697.1625]
[290, 92, 696.765]
[290, 91, 696.405]
[290, 90, 695.9025]
[290, 89, 695.41]
[290, 88, 694.8825]
[290, 87, 694.1525]
[290, 86, 693.635]
[290, 85, 693.1575]
[290, 84, 692.6925]
[290, 83, 692.435]
[290, 82, 692.175]
[290, 81, 691.77]
[290, 80, 691.2975]
[290, 79, 690.9375]
[290, 78, 690.4775]
[290, 77, 690.1325]
[290, 76, 689.745]
[290, 75, 689.365]
[290, 74, 688.92]
[290, 73, 688.5175]
[290, 72, 688.095]
[290, 71, 687.6325]
[290, 70, 687.2775]
[290, 69, 686.8575]
[290, 68, 686.1775]
[290, 67, 685.34]
[290, 66, 684.54]
[290, 65, 684.0025]
[290, 64, 683.615]
[290, 63, 683.1975]
[290, 62, 682.74]
[290, 61, 682.265]
[290, 60, 681.655]
[290, 59, 680.9925]
[290, 58, 680.565]
[290, 57, 680.005]
[290, 56, 679.245]
[290, 55, 678.4825]
[290, 54, 677.9825]
[290, 53, 677.605]
[290, 52, 677.2725]
[290, 51, 676.9275]
[290, 50, 676.5125]
[290, 49, 676.155]
[290, 48, 675.795]
[290, 47, 675.3475]
[290, 46, 674.7625]
[290, 45, 674.2075]
[290, 44, 673.6775]
[290, 43, 673.045]
[290, 42, 672.39]
[290, 41, 671.7975]
[290, 40, 671.155]
[290, 39, 670.5]
[290, 38, 669.7775]
[290, 37, 669.05]
[290, 36, 668.445]
[290, 35, 667.8525]
[290, 34, 667.4975]
[290, 33, 667.0875]
[290, 32, 666.6725]
[290, 31, 666.3675]
[290, 30, 666.165]
[290, 29, 665.9725]
[290, 28, 665.9225]
[290, 27, 665.8775]
[290, 26, 665.7625]
[290, 25, 665.575]
[290, 24, 665.32]
[290, 23, 665.1225]
[290, 22, 664.9575]
[290, 21, 664.7775]
[290, 20, 664.5525]
[290, 19, 664.3075]
[290, 18, 664.13]
[290, 17, 663.975]
[290, 16, 663.925]
[290, 15, 663.965]
[290, 14, 663.9375]
[290, 13, 663.84]
[290, 12, 663.665]
[290, 11, 663.4]
[290, 10, 663.3675]
[290, 9, 663.4425]
[290, 8, 663.4675]
[290, 7, 663.3975]
[290, 6, 663.2575]
[290, 5, 663.14]
[290, 4, 663.0275]
[290, 3, 662.97]
[290, 2, 662.8725]
[290, 1, 662.795]
[290, 0, 662.7925]
[300, 0, 659.7175]
[300, 1, 659.7175]
[300, 2, 659.72]
[300, 3, 659.63]
[300, 4, 659.525]
[300, 5, 659.6175]
[300, 6, 659.5975]
[300, 7, 659.4375]
[300, 8, 659.525]
[300, 9, 659.765]
[300, 10, 659.8375]
[300, 11, 659.87]
[300, 12, 659.8075]
[300, 13, 659.84]
[300, 14, 659.9025]
[300, 15, 660.0275]
[300, 16, 660.1875]
[300, 17, 660.3075]
[300, 18, 660.385]
[300, 19, 660.4525]
[300, 20, 660.3275]
[300, 21, 660.455]
[300, 22, 660.66]
[300, 23, 660.69]
[300, 24, 660.765]
[300, 25, 660.82]
[300, 26, 660.7875]
[300, 27, 660.8525]
[300, 28, 660.9925]
[300, 29, 661.11]
[300, 30, 661.185]
[300, 31, 661.23]
[300, 32, 661.385]
[300, 33, 661.65]
[300, 34, 661.9]
[300, 35, 662.12]
[300, 36, 662.3275]
[300, 37, 662.7225]
[300, 38, 663.32]
[300, 39, 664.02]
[300, 40, 664.86]
[300, 41, 665.68]
[300, 42, 666.245]
[300, 43, 666.75]
[300, 44, 667.1525]
[300, 45, 667.4775]
[300, 46, 667.7125]
[300, 47, 667.92]
[300, 48, 668.1575]
[300, 49, 668.3]
[300, 50, 668.185]
[300, 51, 667.9075]
[300, 52, 667.525]
[300, 53, 667.6175]
[300, 54, 668.27]
[300, 55, 668.9525]
[300, 56, 669.675]
[300, 57, 670.545]
[300, 58, 671.21]
[300, 59, 671.845]
[300, 60, 672.37]
[300, 61, 672.8725]
[300, 62, 673.425]
[300, 63, 674.1525]
[300, 64, 674.84]
[300, 65, 675.7425]
[300, 66, 676.59]
[300, 67, 677.485]
[300, 68, 678.0325]
[300, 69, 678.43]
[300, 70, 678.745]
[300, 71, 679.2025]
[300, 72, 679.6375]
[300, 73, 680.225]
[300, 74, 680.695]
[300, 75, 681.07]
[300, 76, 681.375]
[300, 77, 681.72]
[300, 78, 682.1675]
[300, 79, 682.575]
[300, 80, 682.975]
[300, 81, 683.3575]
[300, 82, 683.71]
[300, 83, 684.0275]
[300, 84, 684.46]
[300, 85, 684.9]
[300, 86, 685.2725]
[300, 87, 685.7475]
[300, 88, 686.2675]
[300, 89, 686.7725]
[300, 90, 687.265]
[300, 91, 687.7825]
[300, 92, 688.285]
[300, 93, 688.755]
[300, 94, 689.25]
[300, 95, 689.7575]
[300, 96, 690.1575]
[300, 97, 690.595]
[300, 98, 691.0725]
[300, 99, 691.575]
[300, 100, 691.995]
[300, 101, 692.3725]
[300, 102, 692.8075]
[300, 103, 693.29]
[300, 104, 693.6975]
[300, 105, 694.1125]
[300, 106, 694.675]
[300, 107, 695.25]
[300, 108, 695.7825]
[300, 109, 696.2925]
[300, 110, 696.73]
[300, 111, 697.155]
[300, 112, 697.7725]
[300, 113, 698.4275]
[300, 114, 699.005]
[300, 115, 699.5275]
[300, 116, 700.0525]
[300, 117, 700.65]
[300, 118, 701.21]
[300, 119, 701.715]
[300, 120, 702.24]
[300, 121, 702.67]
[300, 122, 703.0025]
[300, 123, 703.385]
[300, 124, 703.8625]
[300, 125, 704.3275]
[300, 126, 704.755]
[300, 127, 705.1875]
[300, 128, 705.6425]
[300, 129, 706.11]
[300, 130, 706.5475]
[300, 131, 707.0275]
[300, 132, 707.4425]
[300, 133, 707.8725]
[300, 134, 708.3125]
[300, 135, 708.775]
[300, 136, 709.19]
[300, 137, 709.575]
[300, 138, 710.06]
[300, 139, 710.4925]
[300, 140, 710.9775]
[300, 141, 711.485]
[300, 142, 711.97]
[300, 143, 712.37]
[300, 144, 712.805]
[300, 145, 713.3225]
[300, 146, 713.785]
[300, 147, 714.1825]
[300, 148, 714.5625]
[300, 149, 715.0325]
[300, 150, 715.5025]
[300, 151, 715.965]
[300, 152, 716.4475]
[300, 153, 716.925]
[300, 154, 717.4025]
[300, 155, 717.8575]
[300, 156, 718.26]
[300, 157, 718.6325]
[300, 158, 719.0375]
[300, 159, 719.425]
[300, 160, 720.05]
[300, 161, 720.5425]
[300, 162, 720.9825]
[300, 163, 721.34]
[300, 164, 721.775]
[300, 165, 722.1825]
[300, 166, 722.6325]
[300, 167, 723.21]
[300, 168, 723.685]
[300, 169, 724.1025]
[300, 170, 724.6875]
[300, 171, 725.1]
[300, 172, 725.57]
[300, 173, 726.0575]
[300, 174, 726.5025]
[300, 175, 726.945]
[300, 176, 727.4825]
[300, 177, 728.0225]
[300, 178, 728.42]
[300, 179, 728.92]
[300, 180, 729.325]
[300, 181, 729.8425]
[300, 182, 730.2725]
[300, 183, 730.6175]
[300, 184, 730.9675]
[300, 185, 731.355]
[300, 186, 731.765]
[300, 187, 732.0975]
[300, 188, 732.4025]
[300, 189, 732.63]
[300, 190, 732.7425]
[300, 191, 733.065]
[300, 192, 733.3575]
[300, 193, 733.5675]
[300, 194, 733.6925]
[300, 195, 733.885]
[300, 196, 734.07]
[300, 197, 734.2475]
[300, 198, 734.4075]
[300, 199, 734.5425]
[300, 200, 734.71]
[300, 201, 734.86]
[300, 202, 734.965]
[300, 203, 735.0275]
[300, 204, 735.0]
[300, 205, 734.92]
[300, 206, 734.795]
[300, 207, 734.56]
[300, 208, 734.3075]
[300, 209, 734.1175]
[300, 210, 733.955]
[300, 211, 733.76]
[300, 212, 733.4625]
[300, 213, 733.12]
[300, 214, 732.8575]
[300, 215, 732.88]
[300, 216, 732.86]
[300, 217, 732.665]
[300, 218, 732.505]
[300, 219, 732.3725]
[300, 220, 732.2775]
[300, 221, 732.0275]
[300, 222, 731.81]
[300, 223, 731.565]
[300, 224, 731.2925]
[300, 225, 730.9325]
[300, 226, 730.6525]
[300, 227, 730.445]
[300, 228, 730.28]
[300, 229, 730.085]
[300, 230, 729.7725]
[300, 231, 729.4725]
[300, 232, 729.185]
[300, 233, 728.8725]
[300, 234, 728.525]
[300, 235, 728.13]
[300, 236, 727.7625]
[300, 237, 727.375]
[300, 238, 727.085]
[300, 239, 726.7825]
[300, 240, 726.47]
[300, 241, 726.0675]
[300, 242, 725.755]
[300, 243, 725.3875]
[300, 244, 725.01]
[300, 245, 724.7425]
[300, 246, 724.5325]
[300, 247, 724.2925]
[300, 248, 724.165]
[300, 249, 724.01]
[300, 250, 723.835]
[300, 251, 723.7675]
[300, 252, 723.62]
[300, 253, 723.41]
[300, 254, 723.275]
[300, 255, 723.165]
[300, 256, 723.0]
[300, 257, 722.8675]
[300, 258, 722.765]
[300, 259, 722.5475]
[300, 260, 722.3475]
[300, 261, 722.2]
[300, 262, 721.9925]
[300, 263, 721.8075]
[300, 264, 721.615]
[300, 265, 721.405]
[300, 266, 721.21]
[300, 267, 720.9875]
[300, 268, 720.805]
[300, 269, 720.6325]
[300, 270, 720.4175]
[300, 271, 720.2325]
[300, 272, 719.925]
[300, 273, 719.7225]
[300, 274, 719.405]
[300, 275, 719.1475]
[300, 276, 718.93]
[300, 277, 718.63]
[300, 278, 718.2875]
[300, 279, 718.0675]
[300, 280, 717.8425]
[300, 281, 717.6375]
[300, 282, 717.405]
[300, 283, 717.085]
[300, 284, 716.8]
[300, 285, 716.57]
[300, 286, 716.335]
[300, 287, 716.045]
[300, 288, 715.755]
[300, 289, 715.4775]
[300, 290, 715.245]
[300, 291, 715.13]
[300, 292, 714.8425]
[300, 293, 714.5075]
[300, 294, 714.2825]
[300, 295, 714.1]
[300, 296, 713.89]
[300, 297, 713.55]
[300, 298, 713.23]
[300, 299, 712.92]
[300, 300, 712.615]
[300, 301, 712.3325]
[300, 302, 712.06]
[300, 303, 711.7275]
[300, 304, 711.3975]
[300, 305, 711.0575]
[300, 306, 710.77]
[300, 307, 710.41]
[300, 308, 710.0825]
[300, 309, 709.8525]
[300, 310, 709.61]
[300, 311, 709.3275]
[300, 312, 709.0275]
[300, 313, 708.7575]
[300, 314, 708.5125]
[300, 315, 708.2075]
[300, 316, 707.8775]
[300, 317, 707.625]
[300, 318, 707.3825]
[300, 319, 707.06]
[300, 320, 706.745]
[300, 321, 706.3425]
[300, 322, 705.9625]
[300, 323, 705.8125]
[300, 324, 705.69]
[300, 325, 705.44]
[300, 326, 705.05]
[300, 327, 704.7375]
[300, 328, 704.3525]
[300, 329, 704.055]
[300, 330, 703.91]
[300, 331, 703.6625]
[300, 332, 703.37]
[300, 333, 703.16]
[300, 334, 702.96]
[300, 335, 702.6775]
[300, 336, 702.4475]
[300, 337, 702.285]
[300, 338, 702.085]
[300, 339, 701.795]
[300, 340, 701.5075]
[300, 341, 701.1675]
[300, 342, 700.8925]
[300, 343, 700.6375]
[300, 344, 700.48]
[300, 345, 700.31]
[300, 346, 699.9925]
[300, 347, 699.775]
[300, 348, 699.4675]
[300, 349, 699.195]
[300, 350, 698.875]
[300, 351, 698.58]
[300, 352, 698.405]
[300, 353, 698.13]
[300, 354, 697.85]
[300, 355, 697.4375]
[300, 356, 696.9675]
[300, 357, 696.75]
[300, 358, 696.61]
[300, 359, 696.42]
[300, 360, 696.2075]
[300, 361, 696.0125]
[300, 362, 695.85]
[300, 363, 695.59]
[300, 364, 695.4025]
[300, 365, 695.2725]
[300, 366, 695.0675]
[300, 367, 694.87]
[300, 368, 694.645]
[300, 369, 694.44]
[300, 370, 694.3175]
[300, 371, 694.165]
[300, 372, 693.915]
[300, 373, 693.6875]
[300, 374, 693.45]
[300, 375, 693.275]
[300, 376, 693.0625]
[300, 377, 692.88]
[300, 378, 692.62]
[300, 379, 692.355]
[300, 380, 692.12]
[300, 381, 691.83]
[300, 382, 691.51]
[300, 383, 691.21]
[300, 384, 690.8875]
[300, 385, 690.64]
[300, 386, 690.39]
[300, 387, 690.2025]
[300, 388, 689.8875]
[300, 389, 689.4625]
[300, 390, 688.9425]
[300, 391, 688.7225]
[300, 392, 688.6625]
[300, 393, 688.69]
[300, 394, 688.49]
[300, 395, 688.295]
[300, 396, 688.165]
[300, 397, 687.975]
[300, 398, 687.8]
[300, 399, 687.6175]
[300, 400, 687.3875]
[300, 401, 687.2025]
[300, 402, 686.995]
[300, 403, 686.785]
[300, 404, 686.585]
[300, 405, 686.22]
[300, 406, 685.985]
[300, 407, 685.9375]
[300, 408, 685.8425]
[300, 409, 685.75]
[300, 410, 685.575]
[300, 411, 685.485]
[300, 412, 685.4125]
[300, 413, 685.165]
[300, 414, 684.89]
[300, 415, 684.725]
[300, 416, 684.57]
[300, 417, 684.335]
[300, 418, 683.9875]
[300, 419, 683.7825]
[300, 420, 683.6975]
[300, 421, 683.5875]
[300, 422, 683.39]
[300, 423, 683.1125]
[300, 424, 682.8575]
[300, 425, 682.64]
[300, 426, 682.4725]
[300, 427, 682.31]
[300, 428, 682.1225]
[300, 429, 682.02]
[300, 430, 681.9425]
[300, 431, 681.7225]
[300, 432, 681.5575]
[300, 433, 681.4575]
[300, 434, 681.215]
[300, 435, 680.94]
[300, 436, 680.81]
[300, 437, 680.63]
[300, 438, 680.3875]
[300, 439, 680.125]
[300, 440, 679.9425]
[300, 441, 679.67]
[300, 442, 679.465]
[300, 443, 679.2975]
[300, 444, 679.0575]
[300, 445, 678.87]
[300, 446, 678.7]
[300, 447, 678.4125]
[300, 448, 678.1625]
[300, 449, 677.9075]
[300, 450, 677.665]
[300, 451, 677.46]
[300, 452, 677.215]
[300, 453, 677.01]
[300, 454, 676.7225]
[300, 455, 676.485]
[300, 456, 676.23]
[300, 457, 675.8575]
[300, 458, 675.51]
[300, 459, 675.285]
[300, 460, 675.0975]
[300, 461, 674.9925]
[300, 462, 674.7625]
[300, 463, 674.535]
[300, 464, 674.3175]
[300, 465, 674.1275]
[300, 466, 673.9525]
[300, 467, 673.825]
[300, 468, 673.6725]
[300, 469, 673.4525]
[300, 470, 673.23]
[300, 471, 672.9575]
[300, 472, 672.6875]
[300, 473, 672.475]
[300, 474, 672.26]
[300, 475, 671.9625]
[300, 476, 671.665]
[300, 477, 671.445]
[300, 478, 671.245]
[300, 479, 670.955]
[300, 480, 670.66]
[300, 481, 670.42]
[300, 482, 670.2375]
[300, 483, 670.005]
[300, 484, 669.7025]
[300, 485, 669.4475]
[300, 486, 669.2525]
[300, 487, 668.9675]
[300, 488, 668.6475]
[300, 489, 668.26]
[300, 490, 667.98]
[300, 491, 667.7525]
[300, 492, 667.5]
[300, 493, 667.2275]
[300, 494, 666.96]
[300, 495, 666.635]
[300, 496, 666.1875]
[300, 497, 665.7625]
[300, 498, 665.39]
[300, 499, 664.865]
[310, 499, 673.86]
[310, 498, 674.21]
[310, 497, 674.5125]
[310, 496, 674.7925]
[310, 495, 675.14]
[310, 494, 675.4575]
[310, 493, 675.7625]
[310, 492, 676.1425]
[310, 491, 676.3475]
[310, 490, 676.5975]
[310, 489, 676.825]
[310, 488, 677.12]
[310, 487, 677.49]
[310, 486, 677.7275]
[310, 485, 677.985]
[310, 484, 678.285]
[310, 483, 678.6825]
[310, 482, 679.0425]
[310, 481, 679.26]
[310, 480, 679.5725]
[310, 479, 679.94]
[310, 478, 680.2175]
[310, 477, 680.515]
[310, 476, 680.8025]
[310, 475, 681.165]
[310, 474, 681.415]
[310, 473, 681.6475]
[310, 472, 681.905]
[310, 471, 682.18]
[310, 470, 682.45]
[310, 469, 682.6875]
[310, 468, 682.88]
[310, 467, 683.0925]
[310, 466, 683.23]
[310, 465, 683.3975]
[310, 464, 683.5825]
[310, 463, 683.7775]
[310, 462, 684.055]
[310, 461, 684.215]
[310, 460, 684.4275]
[310, 459, 684.6475]
[310, 458, 684.7675]
[310, 457, 684.9675]
[310, 456, 685.0475]
[310, 455, 685.26]
[310, 454, 685.5475]
[310, 453, 685.7725]
[310, 452, 685.9625]
[310, 451, 686.1575]
[310, 450, 686.4075]
[310, 449, 686.6575]
[310, 448, 686.8825]
[310, 447, 687.12]
[310, 446, 687.325]
[310, 445, 687.3775]
[310, 444, 687.6825]
[310, 443, 688.0375]
[310, 442, 688.2475]
[310, 441, 688.3825]
[310, 440, 688.745]
[310, 439, 689.0925]
[310, 438, 689.43]
[310, 437, 689.6025]
[310, 436, 689.76]
[310, 435, 689.95]
[310, 434, 690.1975]
[310, 433, 690.4425]
[310, 432, 690.66]
[310, 431, 690.8175]
[310, 430, 690.94]
[310, 429, 691.06]
[310, 428, 691.0925]
[310, 427, 691.2225]
[310, 426, 691.265]
[310, 425, 691.245]
[310, 424, 691.385]
[310, 423, 691.485]
[310, 422, 691.5875]
[310, 421, 691.655]
[310, 420, 691.775]
[310, 419, 691.9225]
[310, 418, 692.02]
[310, 417, 692.0975]
[310, 416, 692.18]
[310, 415, 692.34]
[310, 414, 692.4425]
[310, 413, 692.5075]
[310, 412, 692.57]
[310, 411, 692.5925]
[310, 410, 692.7275]
[310, 409, 692.9225]
[310, 408, 693.035]
[310, 407, 693.265]
[310, 406, 693.375]
[310, 405, 693.585]
[310, 404, 693.6525]
[310, 403, 693.8075]
[310, 402, 693.99]
[310, 401, 694.0025]
[310, 400, 694.1]
[310, 399, 694.215]
[310, 398, 694.345]
[310, 397, 694.5975]
[310, 396, 694.7975]
[310, 395, 694.93]
[310, 394, 695.04]
[310, 393, 695.125]
[310, 392, 695.2775]
[310, 391, 695.335]
[310, 390, 695.3875]
[310, 389, 695.615]
[310, 388, 695.825]
[310, 387, 695.9875]
[310, 386, 696.0175]
[310, 385, 696.0625]
[310, 384, 696.4175]
[310, 383, 697.035]
[310, 382, 697.4775]
[310, 381, 697.525]
[310, 380, 697.71]
[310, 379, 698.07]
[310, 378, 698.1975]
[310, 377, 698.255]
[310, 376, 698.405]
[310, 375, 698.67]
[310, 374, 699.1375]
[310, 373, 699.3725]
[310, 372, 699.425]
[310, 371, 699.625]
[310, 370, 699.9275]
[310, 369, 700.33]
[310, 368, 700.545]
[310, 367, 700.8925]
[310, 366, 701.2025]
[310, 365, 701.3675]
[310, 364, 701.5325]
[310, 363, 701.6875]
[310, 362, 701.885]
[310, 361, 702.05]
[310, 360, 702.21]
[310, 359, 702.38]
[310, 358, 702.6675]
[310, 357, 702.8325]
[310, 356, 702.9875]
[310, 355, 703.1325]
[310, 354, 703.43]
[310, 353, 703.785]
[310, 352, 703.83]
[310, 351, 704.1275]
[310, 350, 704.5175]
[310, 349, 704.78]
[310, 348, 705.12]
[310, 347, 705.43]
[310, 346, 705.6275]
[310, 345, 705.91]
[310, 344, 706.0925]
[310, 343, 706.41]
[310, 342, 706.555]
[310, 341, 706.7625]
[310, 340, 706.98]
[310, 339, 707.1075]
[310, 338, 707.265]
[310, 337, 707.38]
[310, 336, 707.615]
[310, 335, 707.8575]
[310, 334, 708.12]
[310, 333, 708.3375]
[310, 332, 708.475]
[310, 331, 708.6775]
[310, 330, 708.9175]
[310, 329, 709.16]
[310, 328, 709.3525]
[310, 327, 709.54]
[310, 326, 709.79]
[310, 325, 709.8975]
[310, 324, 710.045]
[310, 323, 710.2825]
[310, 322, 710.5675]
[310, 321, 710.8725]
[310, 320, 711.0925]
[310, 319, 711.27]
[310, 318, 711.5075]
[310, 317, 711.6675]
[310, 316, 711.955]
[310, 315, 712.2725]
[310, 314, 712.5875]
[310, 313, 712.8125]
[310, 312, 713.08]
[310, 311, 713.345]
[310, 310, 713.585]
[310, 309, 713.765]
[310, 308, 714.0325]
[310, 307, 714.305]
[310, 306, 714.5575]
[310, 305, 714.775]
[310, 304, 715.0175]
[310, 303, 715.2625]
[310, 302, 715.5025]
[310, 301, 715.8]
[310, 300, 716.0625]
[310, 299, 716.35]
[310, 298, 716.6525]
[310, 297, 717.0825]
[310, 296, 717.335]
[310, 295, 717.5425]
[310, 294, 717.7375]
[310, 293, 717.8625]
[310, 292, 718.175]
[310, 291, 718.35]
[310, 290, 718.48]
[310, 289, 718.8325]
[310, 288, 719.175]
[310, 287, 719.49]
[310, 286, 719.8725]
[310, 285, 720.16]
[310, 284, 720.46]
[310, 283, 720.7475]
[310, 282, 721.02]
[310, 281, 721.2425]
[310, 280, 721.51]
[310, 279, 721.6775]
[310, 278, 721.8775]
[310, 277, 722.185]
[310, 276, 722.4275]
[310, 275, 722.575]
[310, 274, 722.73]
[310, 273, 722.9525]
[310, 272, 723.2425]
[310, 271, 723.43]
[310, 270, 723.53]
[310, 269, 723.66]
[310, 268, 723.7975]
[310, 267, 723.9425]
[310, 266, 724.19]
[310, 265, 724.3925]
[310, 264, 724.5225]
[310, 263, 724.5525]
[310, 262, 724.685]
[310, 261, 724.845]
[310, 260, 724.95]
[310, 259, 725.08]
[310, 258, 725.2475]
[310, 257, 725.3775]
[310, 256, 725.5525]
[310, 255, 725.6625]
[310, 254, 725.7425]
[310, 253, 725.815]
[310, 252, 725.9125]
[310, 251, 726.02]
[310, 250, 726.115]
[310, 249, 726.3]
[310, 248, 726.555]
[310, 247, 726.7575]
[310, 246, 726.875]
[310, 245, 727.0475]
[310, 244, 727.235]
[310, 243, 727.34]
[310, 242, 727.4875]
[310, 241, 727.795]
[310, 240, 728.2125]
[310, 239, 728.7075]
[310, 238, 729.2175]
[310, 237, 729.6925]
[310, 236, 730.09]
[310, 235, 730.46]
[310, 234, 730.8325]
[310, 233, 731.15]
[310, 232, 731.41]
[310, 231, 731.67]
[310, 230, 731.8525]
[310, 229, 731.99]
[310, 228, 732.1725]
[310, 227, 732.3675]
[310, 226, 732.5525]
[310, 225, 732.6825]
[310, 224, 732.7575]
[310, 223, 732.7775]
[310, 222, 732.795]
[310, 221, 732.695]
[310, 220, 732.6275]
[310, 219, 732.595]
[310, 218, 732.5975]
[310, 217, 732.59]
[310, 216, 732.475]
[310, 215, 732.385]
[310, 214, 732.22]
[310, 213, 732.215]
[310, 212, 732.1075]
[310, 211, 732.065]
[310, 210, 732.11]
[310, 209, 732.0075]
[310, 208, 731.85]
[310, 207, 731.71]
[310, 206, 731.6]
[310, 205, 731.4]
[310, 204, 731.1725]
[310, 203, 730.93]
[310, 202, 730.6025]
[310, 201, 730.2875]
[310, 200, 729.9575]
[310, 199, 729.6475]
[310, 198, 729.285]
[310, 197, 728.8675]
[310, 196, 728.37]
[310, 195, 727.915]
[310, 194, 727.435]
[310, 193, 726.875]
[310, 192, 726.31]
[310, 191, 725.87]
[310, 190, 725.395]
[310, 189, 724.89]
[310, 188, 724.18]
[310, 187, 723.54]
[310, 186, 723.2425]
[310, 185, 722.93]
[310, 184, 722.48]
[310, 183, 721.935]
[310, 182, 721.38]
[310, 181, 720.9425]
[310, 180, 720.4175]
[310, 179, 719.8]
[310, 178, 719.3425]
[310, 177, 718.9475]
[310, 176, 718.5525]
[310, 175, 718.13]
[310, 174, 717.6325]
[310, 173, 717.12]
[310, 172, 716.6975]
[310, 171, 716.2175]
[310, 170, 715.735]
[310, 169, 715.265]
[310, 168, 714.725]
[310, 167, 714.18]
[310, 166, 713.7025]
[310, 165, 713.2]
[310, 164, 712.7625]
[310, 163, 712.26]
[310, 162, 711.8775]
[310, 161, 711.3275]
[310, 160, 710.95]
[310, 159, 710.465]
[310, 158, 710.08]
[310, 157, 709.7375]
[310, 156, 709.375]
[310, 155, 708.9825]
[310, 154, 708.575]
[310, 153, 708.14]
[310, 152, 707.66]
[310, 151, 707.26]
[310, 150, 706.84]
[310, 149, 706.4025]
[310, 148, 705.965]
[310, 147, 705.515]
[310, 146, 705.0125]
[310, 145, 704.53]
[310, 144, 704.12]
[310, 143, 703.65]
[310, 142, 703.23]
[310, 141, 702.7575]
[310, 140, 702.285]
[310, 139, 701.77]
[310, 138, 701.3125]
[310, 137, 700.9625]
[310, 136, 700.5925]
[310, 135, 700.2325]
[310, 134, 699.8225]
[310, 133, 699.51]
[310, 132, 699.06]
[310, 131, 698.5925]
[310, 130, 698.1725]
[310, 129, 697.675]
[310, 128, 697.185]
[310, 127, 696.7275]
[310, 126, 696.31]
[310, 125, 695.9275]
[310, 124, 695.545]
[310, 123, 695.1075]
[310, 122, 694.645]
[310, 121, 694.2325]
[310, 120, 693.8525]
[310, 119, 693.5175]
[310, 118, 693.1]
[310, 117, 692.54]
[310, 116, 692.09]
[310, 115, 691.555]
[310, 114, 690.97]
[310, 113, 690.4025]
[310, 112, 689.9125]
[310, 111, 689.415]
[310, 110, 688.85]
[310, 109, 688.3225]
[310, 108, 687.96]
[310, 107, 687.5475]
[310, 106, 687.115]
[310, 105, 686.6475]
[310, 104, 686.2]
[310, 103, 685.8075]
[310, 102, 685.3825]
[310, 101, 684.9275]
[310, 100, 684.375]
[310, 99, 683.8025]
[310, 98, 683.44]
[310, 97, 683.0575]
[310, 96, 682.6]
[310, 95, 682.1275]
[310, 94, 681.6375]
[310, 93, 681.22]
[310, 92, 680.795]
[310, 91, 680.4975]
[310, 90, 680.1025]
[310, 89, 679.655]
[310, 88, 679.2075]
[310, 87, 678.715]
[310, 86, 678.1375]
[310, 85, 677.6675]
[310, 84, 677.2325]
[310, 83, 676.745]
[310, 82, 676.2625]
[310, 81, 675.77]
[310, 80, 675.2975]
[310, 79, 674.9525]
[310, 78, 674.62]
[310, 77, 674.1825]
[310, 76, 673.86]
[310, 75, 673.4825]
[310, 74, 673.1575]
[310, 73, 672.72]
[310, 72, 672.205]
[310, 71, 671.53]
[310, 70, 670.8]
[310, 69, 670.2925]
[310, 68, 669.9475]
[310, 67, 669.6075]
[310, 66, 669.26]
[310, 65, 668.8325]
[310, 64, 668.1425]
[310, 63, 667.4625]
[310, 62, 666.7425]
[310, 61, 666.045]
[310, 60, 665.3175]
[310, 59, 664.49]
[310, 58, 663.765]
[310, 57, 663.2575]
[310, 56, 662.7275]
[310, 55, 662.3425]
[310, 54, 661.925]
[310, 53, 661.4925]
[310, 52, 661.25]
[310, 51, 661.07]
[310, 50, 660.8625]
[310, 49, 660.8275]
[310, 48, 660.805]
[310, 47, 660.89]
[310, 46, 660.91]
[310, 45, 660.855]
[310, 44, 660.67]
[310, 43, 660.565]
[310, 42, 660.44]
[310, 41, 660.2325]
[310, 40, 660.0525]
[310, 39, 659.9325]
[310, 38, 659.7575]
[310, 37, 659.5025]
[310, 36, 659.2675]
[310, 35, 659.1475]
[310, 34, 659.015]
[310, 33, 658.75]
[310, 32, 658.575]
[310, 31, 658.37]
[310, 30, 658.12]
[310, 29, 657.8725]
[310, 28, 657.64]
[310, 27, 657.68]
[310, 26, 657.6475]
[310, 25, 657.64]
[310, 24, 657.6225]
[310, 23, 657.53]
[310, 22, 657.5025]
[310, 21, 657.62]
[310, 20, 657.5975]
[310, 19, 657.53]
[310, 18, 657.4275]
[310, 17, 657.3475]
[310, 16, 657.4525]
[310, 15, 657.4225]
[310, 14, 657.375]
[310, 13, 657.4375]
[310, 12, 657.53]
[310, 11, 657.475]
[310, 10, 657.3325]
[310, 9, 657.0575]
[310, 8, 656.745]
[310, 7, 656.68]
[310, 6, 656.8425]
[310, 5, 656.9725]
[310, 4, 657.075]
[310, 3, 657.0775]
[310, 2, 657.1175]
[310, 1, 657.0825]
[310, 0, 657.135]
[320, 0, 653.885]
[320, 1, 653.88]
[320, 2, 653.905]
[320, 3, 653.8675]
[320, 4, 653.8675]
[320, 5, 653.88]
[320, 6, 653.8475]
[320, 7, 653.67]
[320, 8, 653.59]
[320, 9, 653.98]
[320, 10, 654.2575]
[320, 11, 654.34]
[320, 12, 654.34]
[320, 13, 654.3425]
[320, 14, 654.395]
[320, 15, 654.4325]
[320, 16, 654.3675]
[320, 17, 654.335]
[320, 18, 654.365]
[320, 19, 654.455]
[320, 20, 654.4225]
[320, 21, 654.37]
[320, 22, 654.325]
[320, 23, 654.315]
[320, 24, 654.28]
[320, 25, 654.3375]
[320, 26, 654.6025]
[320, 27, 654.81]
[320, 28, 654.975]
[320, 29, 655.11]
[320, 30, 655.2775]
[320, 31, 655.4175]
[320, 32, 655.57]
[320, 33, 655.7125]
[320, 34, 655.84]
[320, 35, 655.9775]
[320, 36, 656.1775]
[320, 37, 656.35]
[320, 38, 656.46]
[320, 39, 656.58]
[320, 40, 656.645]
[320, 41, 656.685]
[320, 42, 656.7875]
[320, 43, 656.91]
[320, 44, 657.005]
[320, 45, 657.03]
[320, 46, 657.06]
[320, 47, 657.1075]
[320, 48, 657.27]
[320, 49, 657.57]
[320, 50, 657.955]
[320, 51, 658.25]
[320, 52, 658.465]
[320, 53, 658.6325]
[320, 54, 658.8625]
[320, 55, 659.0375]
[320, 56, 659.2425]
[320, 57, 659.595]
[320, 58, 660.0025]
[320, 59, 660.325]
[320, 60, 660.6475]
[320, 61, 661.0025]
[320, 62, 661.3325]
[320, 63, 661.645]
[320, 64, 661.9825]
[320, 65, 662.38]
[320, 66, 662.8975]
[320, 67, 663.3025]
[320, 68, 663.625]
[320, 69, 664.025]
[320, 70, 664.53]
[320, 71, 665.0025]
[320, 72, 665.5525]
[320, 73, 666.18]
[320, 74, 666.7575]
[320, 75, 667.1775]
[320, 76, 667.5425]
[320, 77, 667.865]
[320, 78, 668.115]
[320, 79, 668.4775]
[320, 80, 668.7875]
[320, 81, 669.2125]
[320, 82, 669.6925]
[320, 83, 670.1475]
[320, 84, 670.545]
[320, 85, 671.005]
[320, 86, 671.43]
[320, 87, 671.7875]
[320, 88, 672.0375]
[320, 89, 672.3575]
[320, 90, 672.715]
[320, 91, 673.0825]
[320, 92, 673.6]
[320, 93, 674.165]
[320, 94, 674.625]
[320, 95, 674.9825]
[320, 96, 675.4275]
[320, 97, 675.765]
[320, 98, 676.125]
[320, 99, 676.5575]
[320, 100, 676.89]
[320, 101, 677.275]
[320, 102, 677.69]
[320, 103, 678.06]
[320, 104, 678.4525]
[320, 105, 678.9525]
[320, 106, 679.52]
[320, 107, 680.0925]
[320, 108, 680.69]
[320, 109, 681.215]
[320, 110, 681.715]
[320, 111, 682.1475]
[320, 112, 682.5675]
[320, 113, 683.1025]
[320, 114, 683.5175]
[320, 115, 683.985]
[320, 116, 684.3925]
[320, 117, 684.7625]
[320, 118, 685.165]
[320, 119, 685.69]
[320, 120, 686.165]
[320, 121, 686.6375]
[320, 122, 687.1025]
[320, 123, 687.655]
[320, 124, 688.1575]
[320, 125, 688.715]
[320, 126, 689.2875]
[320, 127, 689.8725]
[320, 128, 690.4875]
[320, 129, 690.885]
[320, 130, 691.2225]
[320, 131, 691.6525]
[320, 132, 692.1025]
[320, 133, 692.54]
[320, 134, 692.92]
[320, 135, 693.355]
[320, 136, 693.825]
[320, 137, 694.1375]
[320, 138, 694.605]
[320, 139, 695.02]
[320, 140, 695.4425]
[320, 141, 695.8725]
[320, 142, 696.2325]
[320, 143, 696.6275]
[320, 144, 697.015]
[320, 145, 697.4325]
[320, 146, 697.7675]
[320, 147, 698.11]
[320, 148, 698.4725]
[320, 149, 698.8775]
[320, 150, 699.215]
[320, 151, 699.615]
[320, 152, 700.085]
[320, 153, 700.3925]
[320, 154, 700.7325]
[320, 155, 701.0275]
[320, 156, 701.3825]
[320, 157, 701.69]
[320, 158, 702.075]
[320, 159, 702.5225]
[320, 160, 703.02]
[320, 161, 703.56]
[320, 162, 704.0525]
[320, 163, 704.5375]
[320, 164, 704.945]
[320, 165, 705.3825]
[320, 166, 705.9125]
[320, 167, 706.3425]
[320, 168, 706.7925]
[320, 169, 707.2025]
[320, 170, 707.615]
[320, 171, 708.02]
[320, 172, 708.4125]
[320, 173, 708.8325]
[320, 174, 709.425]
[320, 175, 709.9775]
[320, 176, 710.4475]
[320, 177, 710.81]
[320, 178, 711.265]
[320, 179, 711.7925]
[320, 180, 712.2275]
[320, 181, 712.68]
[320, 182, 713.1775]
[320, 183, 713.67]
[320, 184, 714.15]
[320, 185, 714.64]
[320, 186, 715.0925]
[320, 187, 715.5725]
[320, 188, 716.12]
[320, 189, 716.67]
[320, 190, 717.1075]
[320, 191, 717.5525]
[320, 192, 718.03]
[320, 193, 718.5375]
[320, 194, 719.0875]
[320, 195, 719.6325]
[320, 196, 720.175]
[320, 197, 720.7225]
[320, 198, 721.3325]
[320, 199, 721.91]
[320, 200, 722.485]
[320, 201, 722.9525]
[320, 202, 723.4775]
[320, 203, 724.0525]
[320, 204, 724.6675]
[320, 205, 725.24]
[320, 206, 725.8475]
[320, 207, 726.4675]
[320, 208, 727.0125]
[320, 209, 727.5575]
[320, 210, 728.035]
[320, 211, 728.5975]
[320, 212, 728.985]
[320, 213, 729.24]
[320, 214, 729.63]
[320, 215, 729.9925]
[320, 216, 730.2925]
[320, 217, 730.63]
[320, 218, 730.875]
[320, 219, 731.0675]
[320, 220, 731.255]
[320, 221, 731.4425]
[320, 222, 731.58]
[320, 223, 731.7]
[320, 224, 731.71]
[320, 225, 731.7325]
[320, 226, 731.8025]
[320, 227, 731.7625]
[320, 228, 731.7125]
[320, 229, 731.68]
[320, 230, 731.6375]
[320, 231, 731.545]
[320, 232, 731.3675]
[320, 233, 731.2725]
[320, 234, 731.1525]
[320, 235, 730.9175]
[320, 236, 730.6375]
[320, 237, 730.28]
[320, 238, 729.85]
[320, 239, 729.5475]
[320, 240, 729.2875]
[320, 241, 729.0125]
[320, 242, 728.6825]
[320, 243, 728.3425]
[320, 244, 728.045]
[320, 245, 727.765]
[320, 246, 727.49]
[320, 247, 727.33]
[320, 248, 727.21]
[320, 249, 727.1225]
[320, 250, 726.9525]
[320, 251, 726.82]
[320, 252, 726.645]
[320, 253, 726.48]
[320, 254, 726.445]
[320, 255, 726.5975]
[320, 256, 726.6725]
[320, 257, 726.7]
[320, 258, 726.6525]
[320, 259, 726.7]
[320, 260, 726.73]
[320, 261, 726.6725]
[320, 262, 726.605]
[320, 263, 726.5225]
[320, 264, 726.455]
[320, 265, 726.4775]
[320, 266, 726.5275]
[320, 267, 726.5425]
[320, 268, 726.5]
[320, 269, 726.3375]
[320, 270, 726.075]
[320, 271, 725.7625]
[320, 272, 725.555]
[320, 273, 725.47]
[320, 274, 725.335]
[320, 275, 725.175]
[320, 276, 724.955]
[320, 277, 724.8075]
[320, 278, 724.75]
[320, 279, 724.6475]
[320, 280, 724.4875]
[320, 281, 724.265]
[320, 282, 724.135]
[320, 283, 723.975]
[320, 284, 723.795]
[320, 285, 723.735]
[320, 286, 723.645]
[320, 287, 723.4125]
[320, 288, 723.1225]
[320, 289, 722.7775]
[320, 290, 722.5225]
[320, 291, 722.335]
[320, 292, 722.0625]
[320, 293, 721.8125]
[320, 294, 721.5825]
[320, 295, 721.35]
[320, 296, 721.1]
[320, 297, 720.76]
[320, 298, 720.4575]
[320, 299, 720.1875]
[320, 300, 719.88]
[320, 301, 719.51]
[320, 302, 719.175]
[320, 303, 718.835]
[320, 304, 718.5025]
[320, 305, 718.2725]
[320, 306, 718.125]
[320, 307, 717.9525]
[320, 308, 717.7125]
[320, 309, 717.4325]
[320, 310, 717.195]
[320, 311, 716.945]
[320, 312, 716.715]
[320, 313, 716.55]
[320, 314, 716.3125]
[320, 315, 716.1325]
[320, 316, 715.8825]
[320, 317, 715.645]
[320, 318, 715.405]
[320, 319, 715.2275]
[320, 320, 715.025]
[320, 321, 714.8325]
[320, 322, 714.655]
[320, 323, 714.4125]
[320, 324, 714.2125]
[320, 325, 714.05]
[320, 326, 713.8775]
[320, 327, 713.7]
[320, 328, 713.48]
[320, 329, 713.33]
[320, 330, 713.21]
[320, 331, 712.9875]
[320, 332, 712.72]
[320, 333, 712.585]
[320, 334, 712.42]
[320, 335, 712.19]
[320, 336, 712.0275]
[320, 337, 711.86]
[320, 338, 711.6175]
[320, 339, 711.4]
[320, 340, 711.2175]
[320, 341, 710.985]
[320, 342, 710.705]
[320, 343, 710.47]
[320, 344, 710.2425]
[320, 345, 710.1425]
[320, 346, 709.945]
[320, 347, 709.6975]
[320, 348, 709.54]
[320, 349, 709.4225]
[320, 350, 709.27]
[320, 351, 709.0775]
[320, 352, 708.92]
[320, 353, 708.695]
[320, 354, 708.48]
[320, 355, 708.335]
[320, 356, 708.1425]
[320, 357, 707.9225]
[320, 358, 707.7675]
[320, 359, 707.605]
[320, 360, 707.325]
[320, 361, 707.0925]
[320, 362, 706.98]
[320, 363, 706.785]
[320, 364, 706.6125]
[320, 365, 706.3925]
[320, 366, 706.18]
[320, 367, 705.94]
[320, 368, 705.7125]
[320, 369, 705.555]
[320, 370, 705.3475]
[320, 371, 705.105]
[320, 372, 705.065]
[320, 373, 705.185]
[320, 374, 705.0]
[320, 375, 704.8225]
[320, 376, 704.625]
[320, 377, 704.38]
[320, 378, 704.1375]
[320, 379, 703.985]
[320, 380, 703.9875]
[320, 381, 703.845]
[320, 382, 703.6025]
[320, 383, 703.4125]
[320, 384, 703.29]
[320, 385, 703.1625]
[320, 386, 702.9675]
[320, 387, 702.8825]
[320, 388, 702.795]
[320, 389, 702.5075]
[320, 390, 702.3575]
[320, 391, 702.0125]
[320, 392, 701.7925]
[320, 393, 701.5175]
[320, 394, 701.3625]
[320, 395, 701.22]
[320, 396, 700.985]
[320, 397, 700.74]
[320, 398, 700.6575]
[320, 399, 700.4175]
[320, 400, 700.2125]
[320, 401, 700.03]
[320, 402, 700.0125]
[320, 403, 700.0475]
[320, 404, 699.965]
[320, 405, 699.81]
[320, 406, 699.6875]
[320, 407, 699.5675]
[320, 408, 699.5025]
[320, 409, 699.34]
[320, 410, 699.2925]
[320, 411, 699.2575]
[320, 412, 699.1125]
[320, 413, 699.03]
[320, 414, 699.0675]
[320, 415, 699.0075]
[320, 416, 698.91]
[320, 417, 698.835]
[320, 418, 698.7975]
[320, 419, 698.8725]
[320, 420, 698.7625]
[320, 421, 698.5625]
[320, 422, 698.6275]
[320, 423, 698.53]
[320, 424, 698.4775]
[320, 425, 698.355]
[320, 426, 698.305]
[320, 427, 698.2675]
[320, 428, 698.2225]
[320, 429, 698.225]
[320, 430, 698.1925]
[320, 431, 698.0675]
[320, 432, 697.92]
[320, 433, 697.925]
[320, 434, 697.8575]
[320, 435, 697.7575]
[320, 436, 697.73]
[320, 437, 697.5675]
[320, 438, 697.4125]
[320, 439, 697.2175]
[320, 440, 697.0575]
[320, 441, 696.9725]
[320, 442, 696.895]
[320, 443, 696.715]
[320, 444, 696.5375]
[320, 445, 696.31]
[320, 446, 696.0675]
[320, 447, 695.9075]
[320, 448, 695.755]
[320, 449, 695.5375]
[320, 450, 695.3575]
[320, 451, 695.1875]
[320, 452, 694.95]
[320, 453, 694.7675]
[320, 454, 694.6525]
[320, 455, 694.5125]
[320, 456, 694.4]
[320, 457, 694.235]
[320, 458, 694.025]
[320, 459, 693.815]
[320, 460, 693.5725]
[320, 461, 693.1775]
[320, 462, 692.8925]
[320, 463, 692.62]
[320, 464, 692.305]
[320, 465, 692.0325]
[320, 466, 691.8125]
[320, 467, 691.6375]
[320, 468, 691.36]
[320, 469, 691.0925]
[320, 470, 690.87]
[320, 471, 690.605]
[320, 472, 690.3125]
[320, 473, 690.1325]
[320, 474, 690.035]
[320, 475, 689.845]
[320, 476, 689.63]
[320, 477, 689.3225]
[320, 478, 688.9625]
[320, 479, 688.605]
[320, 480, 688.3625]
[320, 481, 688.2425]
[320, 482, 688.0675]
[320, 483, 687.8225]
[320, 484, 687.47]
[320, 485, 687.2175]
[320, 486, 686.8575]
[320, 487, 686.58]
[320, 488, 686.3175]
[320, 489, 685.9075]
[320, 490, 685.5325]
[320, 491, 685.2825]
[320, 492, 684.965]
[320, 493, 684.6425]
[320, 494, 684.33]
[320, 495, 683.985]
[320, 496, 683.665]
[320, 497, 683.3125]
[320, 498, 682.8925]
[320, 499, 682.4325]
[330, 499, 690.9325]
[330, 498, 691.3175]
[330, 497, 691.705]
[330, 496, 692.06]
[330, 495, 692.42]
[330, 494, 692.89]
[330, 493, 693.2925]
[330, 492, 693.775]
[330, 491, 694.1825]
[330, 490, 694.56]
[330, 489, 694.8275]
[330, 488, 695.095]
[330, 487, 695.5225]
[330, 486, 695.94]
[330, 485, 696.2175]
[330, 484, 696.53]
[330, 483, 696.7625]
[330, 482, 697.05]
[330, 481, 697.2775]
[330, 480, 697.45]
[330, 479, 697.675]
[330, 478, 697.9725]
[330, 477, 698.205]
[330, 476, 698.3525]
[330, 475, 698.63]
[330, 474, 698.8125]
[330, 473, 698.9625]
[330, 472, 699.1625]
[330, 471, 699.3475]
[330, 470, 699.555]
[330, 469, 699.7225]
[330, 468, 699.85]
[330, 467, 700.0325]
[330, 466, 700.1925]
[330, 465, 700.3475]
[330, 464, 700.5025]
[330, 463, 700.695]
[330, 462, 700.8875]
[330, 461, 701.0975]
[330, 460, 701.3325]
[330, 459, 701.5075]
[330, 458, 701.6]
[330, 457, 701.7575]
[330, 456, 701.9075]
[330, 455, 702.0825]
[330, 454, 702.37]
[330, 453, 702.52]
[330, 452, 702.6525]
[330, 451, 702.835]
[330, 450, 703.0]
[330, 449, 703.1425]
[330, 448, 703.255]
[330, 447, 703.4475]
[330, 446, 703.6725]
[330, 445, 703.865]
[330, 444, 704.115]
[330, 443, 704.325]
[330, 442, 704.3725]
[330, 441, 704.3275]
[330, 440, 704.475]
[330, 439, 704.5325]
[330, 438, 704.53]
[330, 437, 704.72]
[330, 436, 704.93]
[330, 435, 705.0225]
[330, 434, 705.195]
[330, 433, 705.335]
[330, 432, 705.3925]
[330, 431, 705.46]
[330, 430, 705.5375]
[330, 429, 705.54]
[330, 428, 705.535]
[330, 427, 705.675]
[330, 426, 705.835]
[330, 425, 705.81]
[330, 424, 705.855]
[330, 423, 705.84]
[330, 422, 705.8225]
[330, 421, 705.8475]
[330, 420, 705.88]
[330, 419, 705.925]
[330, 418, 705.8925]
[330, 417, 705.985]
[330, 416, 706.135]
[330, 415, 706.25]
[330, 414, 706.29]
[330, 413, 706.2675]
[330, 412, 706.2525]
[330, 411, 706.345]
[330, 410, 706.485]
[330, 409, 706.5975]
[330, 408, 706.575]
[330, 407, 706.45]
[330, 406, 706.37]
[330, 405, 706.435]
[330, 404, 706.5575]
[330, 403, 706.7475]
[330, 402, 706.7875]
[330, 401, 706.865]
[330, 400, 707.0075]
[330, 399, 707.12]
[330, 398, 707.3475]
[330, 397, 707.4625]
[330, 396, 707.555]
[330, 395, 707.5825]
[330, 394, 707.7225]
[330, 393, 708.0]
[330, 392, 708.2525]
[330, 391, 708.355]
[330, 390, 708.505]
[330, 389, 708.6775]
[330, 388, 708.865]
[330, 387, 709.02]
[330, 386, 709.2425]
[330, 385, 709.405]
[330, 384, 709.5475]
[330, 383, 709.685]
[330, 382, 709.8425]
[330, 381, 710.045]
[330, 380, 710.0775]
[330, 379, 710.1]
[330, 378, 710.1775]
[330, 377, 710.3]
[330, 376, 710.42]
[330, 375, 710.5825]
[330, 374, 710.7225]
[330, 373, 710.85]
[330, 372, 710.9075]
[330, 371, 710.9675]
[330, 370, 711.1325]
[330, 369, 711.29]
[330, 368, 711.45]
[330, 367, 711.5725]
[330, 366, 711.6475]
[330, 365, 711.785]
[330, 364, 711.9575]
[330, 363, 712.165]
[330, 362, 712.3625]
[330, 361, 712.5375]
[330, 360, 712.6375]
[330, 359, 712.7625]
[330, 358, 712.9125]
[330, 357, 713.0225]
[330, 356, 713.15]
[330, 355, 713.355]
[330, 354, 713.5525]
[330, 353, 713.6525]
[330, 352, 713.735]
[330, 351, 713.9]
[330, 350, 714.0775]
[330, 349, 714.28]
[330, 348, 714.5025]
[330, 347, 714.69]
[330, 346, 714.815]
[330, 345, 714.9675]
[330, 344, 715.165]
[330, 343, 715.35]
[330, 342, 715.515]
[330, 341, 715.7025]
[330, 340, 715.9575]
[330, 339, 716.04]
[330, 338, 716.2075]
[330, 337, 716.42]
[330, 336, 716.65]
[330, 335, 716.7975]
[330, 334, 717.0]
[330, 333, 717.09]
[330, 332, 717.1975]
[330, 331, 717.3475]
[330, 330, 717.45]
[330, 329, 717.53]
[330, 328, 717.67]
[330, 327, 717.815]
[330, 326, 717.9275]
[330, 325, 718.0575]
[330, 324, 718.2325]
[330, 323, 718.41]
[330, 322, 718.54]
[330, 321, 718.67]
[330, 320, 718.8575]
[330, 319, 719.0275]
[330, 318, 719.28]
[330, 317, 719.47]
[330, 316, 719.5925]
[330, 315, 719.7075]
[330, 314, 719.875]
[330, 313, 720.085]
[330, 312, 720.36]
[330, 311, 720.615]
[330, 310, 720.92]
[330, 309, 721.265]
[330, 308, 721.635]
[330, 307, 722.0175]
[330, 306, 722.325]
[330, 305, 722.665]
[330, 304, 722.8625]
[330, 303, 723.1175]
[330, 302, 723.4875]
[330, 301, 723.735]
[330, 300, 723.9475]
[330, 299, 724.14]
[330, 298, 724.345]
[330, 297, 724.575]
[330, 296, 724.7525]
[330, 295, 724.975]
[330, 294, 725.185]
[330, 293, 725.3825]
[330, 292, 725.5575]
[330, 291, 725.7375]
[330, 290, 725.8825]
[330, 289, 726.0125]
[330, 288, 726.0925]
[330, 287, 726.11]
[330, 286, 726.1675]
[330, 285, 726.215]
[330, 284, 726.2375]
[330, 283, 726.2375]
[330, 282, 726.315]
[330, 281, 726.365]
[330, 280, 726.395]
[330, 279, 726.4]
[330, 278, 726.4225]
[330, 277, 726.4125]
[330, 276, 726.4275]
[330, 275, 726.44]
[330, 274, 726.465]
[330, 273, 726.53]
[330, 272, 726.675]
[330, 271, 726.8575]
[330, 270, 726.9075]
[330, 269, 726.9375]
[330, 268, 726.9825]
[330, 267, 727.065]
[330, 266, 727.095]
[330, 265, 727.1375]
[330, 264, 727.0975]
[330, 263, 727.065]
[330, 262, 726.8525]
[330, 261, 726.8125]
[330, 260, 726.9025]
[330, 259, 726.915]
[330, 258, 726.83]
[330, 257, 726.6825]
[330, 256, 726.67]
[330, 255, 726.5975]
[330, 254, 726.5075]
[330, 253, 726.43]
[330, 252, 726.3625]
[330, 251, 726.2725]
[330, 250, 726.2725]
[330, 249, 726.4125]
[330, 248, 726.615]
[330, 247, 726.6775]
[330, 246, 726.635]
[330, 245, 726.595]
[330, 244, 726.6125]
[330, 243, 726.8125]
[330, 242, 726.96]
[330, 241, 727.0325]
[330, 240, 727.225]
[330, 239, 727.3275]
[330, 238, 727.4225]
[330, 237, 727.5175]
[330, 236, 727.5575]
[330, 235, 727.61]
[330, 234, 727.6725]
[330, 233, 727.79]
[330, 232, 727.8025]
[330, 231, 727.8675]
[330, 230, 727.89]
[330, 229, 727.8575]
[330, 228, 727.7275]
[330, 227, 727.6375]
[330, 226, 727.475]
[330, 225, 727.2725]
[330, 224, 726.9675]
[330, 223, 726.64]
[330, 222, 726.3]
[330, 221, 725.8175]
[330, 220, 725.3825]
[330, 219, 724.925]
[330, 218, 724.285]
[330, 217, 723.775]
[330, 216, 723.2025]
[330, 215, 722.56]
[330, 214, 721.985]
[330, 213, 721.4175]
[330, 212, 720.83]
[330, 211, 720.2625]
[330, 210, 719.755]
[330, 209, 719.175]
[330, 208, 718.6675]
[330, 207, 718.1225]
[330, 206, 717.5675]
[330, 205, 717.145]
[330, 204, 716.5725]
[330, 203, 716.105]
[330, 202, 715.565]
[330, 201, 715.105]
[330, 200, 714.56]
[330, 199, 714.0225]
[330, 198, 713.495]
[330, 197, 713.0175]
[330, 196, 712.515]
[330, 195, 712.0]
[330, 194, 711.4125]
[330, 193, 710.8375]
[330, 192, 710.2725]
[330, 191, 709.7425]
[330, 190, 709.345]
[330, 189, 708.9075]
[330, 188, 708.42]
[330, 187, 707.8875]
[330, 186, 707.3275]
[330, 185, 706.785]
[330, 184, 706.3025]
[330, 183, 705.8525]
[330, 182, 705.3925]
[330, 181, 704.9425]
[330, 180, 704.5125]
[330, 179, 704.2]
[330, 178, 703.81]
[330, 177, 703.5175]
[330, 176, 703.1025]
[330, 175, 702.65]
[330, 174, 702.2425]
[330, 173, 701.8075]
[330, 172, 701.425]
[330, 171, 701.0175]
[330, 170, 700.6275]
[330, 169, 700.25]
[330, 168, 699.885]
[330, 167, 699.505]
[330, 166, 699.135]
[330, 165, 698.81]
[330, 164, 698.4725]
[330, 163, 698.18]
[330, 162, 697.9175]
[330, 161, 697.545]
[330, 160, 697.215]
[330, 159, 696.905]
[330, 158, 696.52]
[330, 157, 696.125]
[330, 156, 695.7]
[330, 155, 695.3425]
[330, 154, 694.865]
[330, 153, 694.335]
[330, 152, 693.785]
[330, 151, 693.37]
[330, 150, 693.0075]
[330, 149, 692.5375]
[330, 148, 692.0525]
[330, 147, 691.58]
[330, 146, 691.1575]
[330, 145, 690.7675]
[330, 144, 690.3825]
[330, 143, 690.055]
[330, 142, 689.5925]
[330, 141, 689.1125]
[330, 140, 688.6925]
[330, 139, 688.195]
[330, 138, 687.7475]
[330, 137, 687.2125]
[330, 136, 686.6425]
[330, 135, 686.105]
[330, 134, 685.66]
[330, 133, 685.2775]
[330, 132, 684.875]
[330, 131, 684.3475]
[330, 130, 683.86]
[330, 129, 683.355]
[330, 128, 682.7725]
[330, 127, 682.2375]
[330, 126, 681.7425]
[330, 125, 681.1825]
[330, 124, 680.6075]
[330, 123, 679.9775]
[330, 122, 679.3075]
[330, 121, 678.79]
[330, 120, 678.3625]
[330, 119, 677.96]
[330, 118, 677.515]
[330, 117, 677.0775]
[330, 116, 676.5825]
[330, 115, 676.11]
[330, 114, 675.7675]
[330, 113, 675.3975]
[330, 112, 675.025]
[330, 111, 674.5975]
[330, 110, 674.2125]
[330, 109, 673.9225]
[330, 108, 673.6075]
[330, 107, 673.2]
[330, 106, 672.785]
[330, 105, 672.44]
[330, 104, 672.2075]
[330, 103, 671.8275]
[330, 102, 671.3675]
[330, 101, 671.0075]
[330, 100, 670.62]
[330, 99, 670.1675]
[330, 98, 669.7375]
[330, 97, 669.3425]
[330, 96, 668.955]
[330, 95, 668.5175]
[330, 94, 667.8775]
[330, 93, 667.455]
[330, 92, 667.1075]
[330, 91, 666.85]
[330, 90, 666.52]
[330, 89, 666.1075]
[330, 88, 665.5475]
[330, 87, 664.9125]
[330, 86, 664.2]
[330, 85, 663.5875]
[330, 84, 663.1375]
[330, 83, 662.7475]
[330, 82, 662.225]
[330, 81, 661.8425]
[330, 80, 661.6825]
[330, 79, 661.64]
[330, 78, 661.6075]
[330, 77, 661.425]
[330, 76, 661.225]
[330, 75, 660.96]
[330, 74, 660.6675]
[330, 73, 660.35]
[330, 72, 659.995]
[330, 71, 659.72]
[330, 70, 659.3025]
[330, 69, 658.875]
[330, 68, 658.4025]
[330, 67, 657.9975]
[330, 66, 657.8]
[330, 65, 657.73]
[330, 64, 657.655]
[330, 63, 657.53]
[330, 62, 657.305]
[330, 61, 657.1025]
[330, 60, 656.865]
[330, 59, 656.6175]
[330, 58, 656.3175]
[330, 57, 656.1225]
[330, 56, 655.8825]
[330, 55, 655.625]
[330, 54, 655.2825]
[330, 53, 655.075]
[330, 52, 654.8525]
[330, 51, 654.6275]
[330, 50, 654.3275]
[330, 49, 654.0925]
[330, 48, 653.9625]
[330, 47, 653.7475]
[330, 46, 653.5325]
[330, 45, 653.3275]
[330, 44, 653.0825]
[330, 43, 652.6525]
[330, 42, 652.11]
[330, 41, 652.0175]
[330, 40, 652.195]
[330, 39, 652.2875]
[330, 38, 652.2525]
[330, 37, 652.0925]
[330, 36, 651.9475]
[330, 35, 651.84]
[330, 34, 651.7275]
[330, 33, 651.6625]
[330, 32, 651.6275]
[330, 31, 651.5925]
[330, 30, 651.56]
[330, 29, 651.455]
[330, 28, 651.4575]
[330, 27, 651.3725]
[330, 26, 651.2725]
[330, 25, 651.15]
[330, 24, 651.1175]
[330, 23, 650.875]
[330, 22, 650.8325]
[330, 21, 650.9325]
[330, 20, 650.83]
[330, 19, 650.7275]
[330, 18, 650.735]
[330, 17, 650.715]
[330, 16, 650.7375]
[330, 15, 650.81]
[330, 14, 650.7675]
[330, 13, 650.6775]
[330, 12, 650.6]
[330, 11, 650.5025]
[330, 10, 650.4875]
[330, 9, 650.41]
[330, 8, 650.5475]
[330, 7, 650.6975]
[330, 6, 650.7075]
[330, 5, 650.72]
[330, 4, 650.8375]
[330, 3, 651.005]
[330, 2, 651.0425]
[330, 1, 650.91]
[330, 0, 650.905]
[340, 0, 647.5]
[340, 1, 647.6225]
[340, 2, 647.5975]
[340, 3, 647.5775]
[340, 4, 647.455]
[340, 5, 647.16]
[340, 6, 647.075]
[340, 7, 647.26]
[340, 8, 647.3475]
[340, 9, 647.3725]
[340, 10, 647.365]
[340, 11, 647.1475]
[340, 12, 647.195]
[340, 13, 647.215]
[340, 14, 647.1675]
[340, 15, 647.245]
[340, 16, 647.3775]
[340, 17, 647.39]
[340, 18, 647.4275]
[340, 19, 647.425]
[340, 20, 647.495]
[340, 21, 647.35]
[340, 22, 647.1975]
[340, 23, 647.4]
[340, 24, 647.4175]
[340, 25, 647.4825]
[340, 26, 647.4925]
[340, 27, 647.47]
[340, 28, 647.475]
[340, 29, 647.45]
[340, 30, 647.52]
[340, 31, 647.56]
[340, 32, 647.635]
[340, 33, 647.72]
[340, 34, 647.8775]
[340, 35, 647.9825]
[340, 36, 648.015]
[340, 37, 647.945]
[340, 38, 647.965]
[340, 39, 648.1425]
[340, 40, 648.225]
[340, 41, 648.3325]
[340, 42, 648.415]
[340, 43, 648.47]
[340, 44, 648.58]
[340, 45, 648.72]
[340, 46, 648.8625]
[340, 47, 649.01]
[340, 48, 649.19]
[340, 49, 649.3575]
[340, 50, 649.53]
[340, 51, 649.785]
[340, 52, 649.985]
[340, 53, 650.2575]
[340, 54, 650.6025]
[340, 55, 650.855]
[340, 56, 651.08]
[340, 57, 651.0275]
[340, 58, 650.9125]
[340, 59, 651.07]
[340, 60, 651.75]
[340, 61, 652.36]
[340, 62, 652.73]
[340, 63, 652.9975]
[340, 64, 653.32]
[340, 65, 653.5475]
[340, 66, 653.8]
[340, 67, 654.075]
[340, 68, 654.28]
[340, 69, 654.4725]
[340, 70, 654.7575]
[340, 71, 655.14]
[340, 72, 655.3775]
[340, 73, 655.565]
[340, 74, 655.82]
[340, 75, 655.9725]
[340, 76, 656.145]
[340, 77, 656.3825]
[340, 78, 656.7325]
[340, 79, 656.8675]
[340, 80, 656.9275]
[340, 81, 657.12]
[340, 82, 657.4]
[340, 83, 657.6425]
[340, 84, 657.9125]
[340, 85, 658.1075]
[340, 86, 658.32]
[340, 87, 658.6]
[340, 88, 658.89]
[340, 89, 659.255]
[340, 90, 659.5525]
[340, 91, 659.9325]
[340, 92, 660.32]
[340, 93, 660.7575]
[340, 94, 661.1325]
[340, 95, 661.425]
[340, 96, 661.73]
[340, 97, 661.995]
[340, 98, 662.265]
[340, 99, 662.5375]
[340, 100, 663.01]
[340, 101, 663.57]
[340, 102, 664.25]
[340, 103, 665.0475]
[340, 104, 665.7575]
[340, 105, 666.335]
[340, 106, 666.6375]
[340, 107, 666.8625]
[340, 108, 667.0625]
[340, 109, 667.2925]
[340, 110, 667.565]
[340, 111, 667.8675]
[340, 112, 668.1725]
[340, 113, 668.4925]
[340, 114, 668.8625]
[340, 115, 669.2725]
[340, 116, 669.71]
[340, 117, 670.13]
[340, 118, 670.495]
[340, 119, 671.02]
[340, 120, 671.5075]
[340, 121, 671.9825]
[340, 122, 672.4625]
[340, 123, 672.9075]
[340, 124, 673.35]
[340, 125, 673.71]
[340, 126, 674.1925]
[340, 127, 674.6925]
[340, 128, 675.15]
[340, 129, 675.6475]
[340, 130, 676.2125]
[340, 131, 676.76]
[340, 132, 677.155]
[340, 133, 677.605]
[340, 134, 678.0875]
[340, 135, 678.515]
[340, 136, 678.9525]
[340, 137, 679.4725]
[340, 138, 679.925]
[340, 139, 680.4175]
[340, 140, 681.0075]
[340, 141, 681.5025]
[340, 142, 682.0325]
[340, 143, 682.5225]
[340, 144, 683.04]
[340, 145, 683.525]
[340, 146, 684.0325]
[340, 147, 684.4475]
[340, 148, 684.8975]
[340, 149, 685.4375]
[340, 150, 686.0225]
[340, 151, 686.45]
[340, 152, 686.8175]
[340, 153, 687.29]
[340, 154, 687.825]
[340, 155, 688.25]
[340, 156, 688.7575]
[340, 157, 689.2375]
[340, 158, 689.84]
[340, 159, 690.375]
[340, 160, 690.8275]
[340, 161, 691.1925]
[340, 162, 691.55]
[340, 163, 691.8975]
[340, 164, 692.2175]
[340, 165, 692.4425]
[340, 166, 692.78]
[340, 167, 693.195]
[340, 168, 693.6725]
[340, 169, 694.2]
[340, 170, 694.64]
[340, 171, 694.9775]
[340, 172, 695.365]
[340, 173, 695.845]
[340, 174, 696.2875]
[340, 175, 696.7]
[340, 176, 696.81]
[340, 177, 697.0225]
[340, 178, 697.41]
[340, 179, 697.7075]
[340, 180, 698.125]
[340, 181, 698.525]
[340, 182, 698.9]
[340, 183, 699.2975]
[340, 184, 699.71]
[340, 185, 700.15]
[340, 186, 700.6225]
[340, 187, 701.035]
[340, 188, 701.51]
[340, 189, 701.9275]
[340, 190, 702.4]
[340, 191, 702.88]
[340, 192, 703.205]
[340, 193, 703.62]
[340, 194, 704.0125]
[340, 195, 704.4625]
[340, 196, 704.9]
[340, 197, 705.24]
[340, 198, 705.59]
[340, 199, 706.055]
[340, 200, 706.685]
[340, 201, 707.2575]
[340, 202, 707.73]
[340, 203, 708.2175]
[340, 204, 708.655]
[340, 205, 709.13]
[340, 206, 709.58]
[340, 207, 710.14]
[340, 208, 710.67]
[340, 209, 711.1725]
[340, 210, 711.6625]
[340, 211, 712.085]
[340, 212, 712.5475]
[340, 213, 713.03]
[340, 214, 713.475]
[340, 215, 713.8925]
[340, 216, 714.2325]
[340, 217, 714.6425]
[340, 218, 715.095]
[340, 219, 715.5675]
[340, 220, 716.015]
[340, 221, 716.495]
[340, 222, 717.01]
[340, 223, 717.505]
[340, 224, 718.0475]
[340, 225, 718.5675]
[340, 226, 719.0925]
[340, 227, 719.6025]
[340, 228, 720.0175]
[340, 229, 720.4575]
[340, 230, 720.8675]
[340, 231, 721.245]
[340, 232, 721.605]
[340, 233, 722.0625]
[340, 234, 722.445]
[340, 235, 722.7675]
[340, 236, 723.06]
[340, 237, 723.375]
[340, 238, 723.575]
[340, 239, 723.7075]
[340, 240, 723.8425]
[340, 241, 723.95]
[340, 242, 724.0325]
[340, 243, 724.22]
[340, 244, 724.3425]
[340, 245, 724.3925]
[340, 246, 724.4125]
[340, 247, 724.4675]
[340, 248, 724.47]
[340, 249, 724.53]
[340, 250, 724.495]
[340, 251, 724.435]
[340, 252, 724.425]
[340, 253, 724.6375]
[340, 254, 724.78]
[340, 255, 724.825]
[340, 256, 724.87]
[340, 257, 724.8025]
[340, 258, 724.7675]
[340, 259, 724.75]
[340, 260, 724.775]
[340, 261, 724.765]
[340, 262, 724.7725]
[340, 263, 724.865]
[340, 264, 724.985]
[340, 265, 725.1075]
[340, 266, 725.1725]
[340, 267, 725.1725]
[340, 268, 725.18]
[340, 269, 725.31]
[340, 270, 725.435]
[340, 271, 725.53]
[340, 272, 725.6525]
[340, 273, 725.7525]
[340, 274, 725.8725]
[340, 275, 725.9625]
[340, 276, 726.0725]
[340, 277, 726.1775]
[340, 278, 726.2975]
[340, 279, 726.45]
[340, 280, 726.575]
[340, 281, 726.685]
[340, 282, 726.8175]
[340, 283, 726.9325]
[340, 284, 727.0225]
[340, 285, 727.0775]
[340, 286, 727.0875]
[340, 287, 727.0825]
[340, 288, 727.1275]
[340, 289, 727.1175]
[340, 290, 727.11]
[340, 291, 727.1025]
[340, 292, 727.0375]
[340, 293, 726.955]
[340, 294, 726.8925]
[340, 295, 726.7825]
[340, 296, 726.705]
[340, 297, 726.6175]
[340, 298, 726.55]
[340, 299, 726.445]
[340, 300, 726.3925]
[340, 301, 726.3775]
[340, 302, 726.33]
[340, 303, 726.2425]
[340, 304, 726.23]
[340, 305, 726.1225]
[340, 306, 725.8175]
[340, 307, 725.6775]
[340, 308, 725.5875]
[340, 309, 725.4325]
[340, 310, 725.2275]
[340, 311, 725.0425]
[340, 312, 724.765]
[340, 313, 724.425]
[340, 314, 724.24]
[340, 315, 724.0825]
[340, 316, 723.9225]
[340, 317, 723.795]
[340, 318, 723.6]
[340, 319, 723.345]
[340, 320, 723.1775]
[340, 321, 722.9425]
[340, 322, 722.7175]
[340, 323, 722.4775]
[340, 324, 722.2725]
[340, 325, 722.08]
[340, 326, 721.855]
[340, 327, 721.7]
[340, 328, 721.61]
[340, 329, 721.5325]
[340, 330, 721.4875]
[340, 331, 721.365]
[340, 332, 721.1325]
[340, 333, 721.015]
[340, 334, 720.97]
[340, 335, 720.86]
[340, 336, 720.7525]
[340, 337, 720.6725]
[340, 338, 720.5275]
[340, 339, 720.3225]
[340, 340, 720.26]
[340, 341, 720.1425]
[340, 342, 720.055]
[340, 343, 719.94]
[340, 344, 719.8175]
[340, 345, 719.665]
[340, 346, 719.5675]
[340, 347, 719.4375]
[340, 348, 719.2775]
[340, 349, 719.105]
[340, 350, 718.9875]
[340, 351, 718.875]
[340, 352, 718.775]
[340, 353, 718.61]
[340, 354, 718.5125]
[340, 355, 718.4025]
[340, 356, 718.3225]
[340, 357, 718.1625]
[340, 358, 718.09]
[340, 359, 718.0175]
[340, 360, 717.93]
[340, 361, 717.8525]
[340, 362, 717.7375]
[340, 363, 717.605]
[340, 364, 717.4475]
[340, 365, 717.3075]
[340, 366, 717.27]
[340, 367, 717.2]
[340, 368, 717.0875]
[340, 369, 716.9425]
[340, 370, 716.81]
[340, 371, 716.7125]
[340, 372, 716.575]
[340, 373, 716.4525]
[340, 374, 716.3675]
[340, 375, 716.1475]
[340, 376, 716.0575]
[340, 377, 715.98]
[340, 378, 715.86]
[340, 379, 715.7475]
[340, 380, 715.5925]
[340, 381, 715.555]
[340, 382, 715.4725]
[340, 383, 715.4025]
[340, 384, 715.2975]
[340, 385, 715.22]
[340, 386, 715.2025]
[340, 387, 715.1425]
[340, 388, 715.0125]
[340, 389, 714.86]
[340, 390, 714.73]
[340, 391, 714.7]
[340, 392, 714.5875]
[340, 393, 714.5025]
[340, 394, 714.4525]
[340, 395, 714.3575]
[340, 396, 714.24]
[340, 397, 714.1275]
[340, 398, 714.055]
[340, 399, 713.9675]
[340, 400, 713.855]
[340, 401, 713.7125]
[340, 402, 713.61]
[340, 403, 713.505]
[340, 404, 713.4525]
[340, 405, 713.365]
[340, 406, 713.435]
[340, 407, 713.39]
[340, 408, 713.2925]
[340, 409, 713.3025]
[340, 410, 713.245]
[340, 411, 713.23]
[340, 412, 713.275]
[340, 413, 713.225]
[340, 414, 713.195]
[340, 415, 713.175]
[340, 416, 713.1175]
[340, 417, 712.99]
[340, 418, 712.905]
[340, 419, 712.8575]
[340, 420, 712.9025]
[340, 421, 712.8925]
[340, 422, 712.89]
[340, 423, 712.9325]
[340, 424, 712.88]
[340, 425, 712.9725]
[340, 426, 713.0525]
[340, 427, 713.01]
[340, 428, 712.9475]
[340, 429, 712.87]
[340, 430, 712.79]
[340, 431, 712.76]
[340, 432, 712.7575]
[340, 433, 712.7575]
[340, 434, 712.675]
[340, 435, 712.58]
[340, 436, 712.4825]
[340, 437, 712.41]
[340, 438, 712.385]
[340, 439, 712.3]
[340, 440, 712.1825]
[340, 441, 712.0575]
[340, 442, 711.9525]
[340, 443, 711.84]
[340, 444, 711.74]
[340, 445, 711.71]
[340, 446, 711.4825]
[340, 447, 711.3175]
[340, 448, 711.2475]
[340, 449, 711.1225]
[340, 450, 711.0175]
[340, 451, 710.865]
[340, 452, 710.725]
[340, 453, 710.5425]
[340, 454, 710.2475]
[340, 455, 710.0425]
[340, 456, 709.81]
[340, 457, 709.66]
[340, 458, 709.4775]
[340, 459, 709.1925]
[340, 460, 708.955]
[340, 461, 708.8525]
[340, 462, 708.68]
[340, 463, 708.435]
[340, 464, 708.2125]
[340, 465, 707.995]
[340, 466, 707.7675]
[340, 467, 707.565]
[340, 468, 707.3275]
[340, 469, 707.15]
[340, 470, 706.9775]
[340, 471, 706.7125]
[340, 472, 706.52]
[340, 473, 706.2825]
[340, 474, 706.06]
[340, 475, 705.84]
[340, 476, 705.715]
[340, 477, 705.5725]
[340, 478, 705.39]
[340, 479, 705.1875]
[340, 480, 704.995]
[340, 481, 704.7825]
[340, 482, 704.525]
[340, 483, 704.3075]
[340, 484, 704.055]
[340, 485, 703.78]
[340, 486, 703.5425]
[340, 487, 703.2275]
[340, 488, 703.005]
[340, 489, 702.7525]
[340, 490, 702.445]
[340, 491, 702.1825]
[340, 492, 701.8375]
[340, 493, 701.4525]
[340, 494, 701.1]
[340, 495, 700.875]
[340, 496, 700.68]
[340, 497, 700.36]
[340, 498, 700.0475]
[340, 499, 699.7325]
[350, 499, 706.1725]
[350, 498, 706.5275]
[350, 497, 706.845]
[350, 496, 707.0875]
[350, 495, 707.415]
[350, 494, 707.73]
[350, 493, 708.1325]
[350, 492, 708.455]
[350, 491, 708.6775]
[350, 490, 708.9675]
[350, 489, 709.285]
[350, 488, 709.69]
[350, 487, 709.9925]
[350, 486, 710.3175]
[350, 485, 710.62]
[350, 484, 710.79]
[350, 483, 711.2075]
[350, 482, 711.5175]
[350, 481, 711.72]
[350, 480, 712.015]
[350, 479, 712.195]
[350, 478, 712.385]
[350, 477, 712.5725]
[350, 476, 712.8]
[350, 475, 713.14]
[350, 474, 713.5275]
[350, 473, 713.74]
[350, 472, 713.96]
[350, 471, 714.12]
[350, 470, 714.4275]
[350, 469, 714.6275]
[350, 468, 714.8225]
[350, 467, 715.06]
[350, 466, 715.185]
[350, 465, 715.485]
[350, 464, 715.7275]
[350, 463, 715.9175]
[350, 462, 716.14]
[350, 461, 716.3425]
[350, 460, 716.5225]
[350, 459, 716.685]
[350, 458, 716.925]
[350, 457, 717.075]
[350, 456, 717.23]
[350, 455, 717.385]
[350, 454, 717.495]
[350, 453, 717.6025]
[350, 452, 717.7625]
[350, 451, 717.955]
[350, 450, 718.1575]
[350, 449, 718.355]
[350, 448, 718.5]
[350, 447, 718.615]
[350, 446, 718.6625]
[350, 445, 718.8225]
[350, 444, 719.04]
[350, 443, 719.21]
[350, 442, 719.3475]
[350, 441, 719.4375]
[350, 440, 719.4825]
[350, 439, 719.53]
[350, 438, 719.6325]
[350, 437, 719.66]
[350, 436, 719.6675]
[350, 435, 719.68]
[350, 434, 719.6425]
[350, 433, 719.7]
[350, 432, 719.8425]
[350, 431, 719.915]
[350, 430, 719.9475]
[350, 429, 720.0325]
[350, 428, 720.015]
[350, 427, 720.0325]
[350, 426, 719.9425]
[350, 425, 719.9475]
[350, 424, 719.935]
[350, 423, 719.92]
[350, 422, 719.8875]
[350, 421, 719.8275]
[350, 420, 719.9125]
[350, 419, 719.89]
[350, 418, 719.87]
[350, 417, 719.985]
[350, 416, 720.05]
[350, 415, 720.0875]
[350, 414, 720.15]
[350, 413, 720.205]
[350, 412, 720.1875]
[350, 411, 720.1725]
[350, 410, 720.21]
[350, 409, 720.1925]
[350, 408, 720.2075]
[350, 407, 720.2425]
[350, 406, 720.205]
[350, 405, 720.265]
[350, 404, 720.3125]
[350, 403, 720.35]
[350, 402, 720.3325]
[350, 401, 720.3525]
[350, 400, 720.365]
[350, 399, 720.46]
[350, 398, 720.3975]
[350, 397, 720.375]
[350, 396, 720.475]
[350, 395, 720.4375]
[350, 394, 720.41]
[350, 393, 720.405]
[350, 392, 720.48]
[350, 391, 720.545]
[350, 390, 720.5175]
[350, 389, 720.4975]
[350, 388, 720.5625]
[350, 387, 720.6325]
[350, 386, 720.725]
[350, 385, 720.8225]
[350, 384, 720.7875]
[350, 383, 720.915]
[350, 382, 720.965]
[350, 381, 720.9875]
[350, 380, 721.1275]
[350, 379, 721.2375]
[350, 378, 721.2825]
[350, 377, 721.3475]
[350, 376, 721.43]
[350, 375, 721.495]
[350, 374, 721.6075]
[350, 373, 721.7975]
[350, 372, 721.89]
[350, 371, 721.955]
[350, 370, 721.9475]
[350, 369, 721.9925]
[350, 368, 722.06]
[350, 367, 722.25]
[350, 366, 722.315]
[350, 365, 722.405]
[350, 364, 722.5575]
[350, 363, 722.61]
[350, 362, 722.68]
[350, 361, 722.815]
[350, 360, 722.9325]
[350, 359, 722.945]
[350, 358, 722.8625]
[350, 357, 722.875]
[350, 356, 722.915]
[350, 355, 723.02]
[350, 354, 723.035]
[350, 353, 723.075]
[350, 352, 723.0925]
[350, 351, 723.1525]
[350, 350, 723.2275]
[350, 349, 723.365]
[350, 348, 723.495]
[350, 347, 723.56]
[350, 346, 723.695]
[350, 345, 723.82]
[350, 344, 723.905]
[350, 343, 723.935]
[350, 342, 723.9875]
[350, 341, 724.0925]
[350, 340, 724.1525]
[350, 339, 724.2475]
[350, 338, 724.29]
[350, 337, 724.3325]
[350, 336, 724.37]
[350, 335, 724.41]
[350, 334, 724.4825]
[350, 333, 724.5675]
[350, 332, 724.645]
[350, 331, 724.7175]
[350, 330, 724.8]
[350, 329, 724.8]
[350, 328, 724.8325]
[350, 327, 724.86]
[350, 326, 724.785]
[350, 325, 724.8225]
[350, 324, 724.92]
[350, 323, 725.18]
[350, 322, 725.425]
[350, 321, 725.55]
[350, 320, 725.7175]
[350, 319, 725.9425]
[350, 318, 726.2725]
[350, 317, 726.4625]
[350, 316, 726.595]
[350, 315, 726.6125]
[350, 314, 726.6075]
[350, 313, 726.635]
[350, 312, 726.6575]
[350, 311, 726.745]
[350, 310, 726.735]
[350, 309, 726.715]
[350, 308, 726.6325]
[350, 307, 726.6075]
[350, 306, 726.595]
[350, 305, 726.5175]
[350, 304, 726.4075]
[350, 303, 726.31]
[350, 302, 726.1875]
[350, 301, 726.075]
[350, 300, 725.8475]
[350, 299, 725.715]
[350, 298, 725.67]
[350, 297, 725.6025]
[350, 296, 725.4975]
[350, 295, 725.44]
[350, 294, 725.4825]
[350, 293, 725.3725]
[350, 292, 725.08]
[350, 291, 724.8375]
[350, 290, 724.6125]
[350, 289, 724.435]
[350, 288, 724.285]
[350, 287, 724.14]
[350, 286, 724.02]
[350, 285, 723.88]
[350, 284, 723.73]
[350, 283, 723.675]
[350, 282, 723.5525]
[350, 281, 723.46]
[350, 280, 723.3675]
[350, 279, 723.205]
[350, 278, 723.12]
[350, 277, 722.9775]
[350, 276, 722.8175]
[350, 275, 722.61]
[350, 274, 722.4925]
[350, 273, 722.385]
[350, 272, 722.2075]
[350, 271, 722.0275]
[350, 270, 721.8475]
[350, 269, 721.6175]
[350, 268, 721.42]
[350, 267, 721.2175]
[350, 266, 721.025]
[350, 265, 720.915]
[350, 264, 720.88]
[350, 263, 720.8125]
[350, 262, 720.705]
[350, 261, 720.555]
[350, 260, 720.4775]
[350, 259, 720.34]
[350, 258, 720.215]
[350, 257, 720.1175]
[350, 256, 719.965]
[350, 255, 719.8675]
[350, 254, 719.6575]
[350, 253, 719.455]
[350, 252, 719.38]
[350, 251, 719.255]
[350, 250, 719.11]
[350, 249, 719.055]
[350, 248, 718.7325]
[350, 247, 718.4025]
[350, 246, 718.1125]
[350, 245, 717.8425]
[350, 244, 717.4775]
[350, 243, 717.1425]
[350, 242, 716.9725]
[350, 241, 716.6225]
[350, 240, 716.145]
[350, 239, 715.67]
[350, 238, 715.175]
[350, 237, 714.77]
[350, 236, 714.345]
[350, 235, 713.9075]
[350, 234, 713.5175]
[350, 233, 713.13]
[350, 232, 712.66]
[350, 231, 712.215]
[350, 230, 711.73]
[350, 229, 711.27]
[350, 228, 710.83]
[350, 227, 710.375]
[350, 226, 709.9325]
[350, 225, 709.4425]
[350, 224, 708.92]
[350, 223, 708.5975]
[350, 222, 708.35]
[350, 221, 707.9625]
[350, 220, 707.5475]
[350, 219, 707.0975]
[350, 218, 706.665]
[350, 217, 706.325]
[350, 216, 706.0]
[350, 215, 705.5075]
[350, 214, 705.0025]
[350, 213, 704.6125]
[350, 212, 704.2425]
[350, 211, 703.84]
[350, 210, 703.4575]
[350, 209, 702.955]
[350, 208, 702.385]
[350, 207, 701.97]
[350, 206, 701.5525]
[350, 205, 701.115]
[350, 204, 700.6925]
[350, 203, 700.265]
[350, 202, 699.84]
[350, 201, 699.41]
[350, 200, 698.9325]
[350, 199, 698.4425]
[350, 198, 698.005]
[350, 197, 697.62]
[350, 196, 697.225]
[350, 195, 696.7825]
[350, 194, 696.3625]
[350, 193, 695.895]
[350, 192, 695.5225]
[350, 191, 695.175]
[350, 190, 694.795]
[350, 189, 694.3875]
[350, 188, 693.945]
[350, 187, 693.495]
[350, 186, 693.1575]
[350, 185, 692.8475]
[350, 184, 692.605]
[350, 183, 692.325]
[350, 182, 692.0425]
[350, 181, 691.695]
[350, 180, 691.27]
[350, 179, 690.76]
[350, 178, 690.315]
[350, 177, 689.91]
[350, 176, 689.5025]
[350, 175, 689.135]
[350, 174, 688.765]
[350, 173, 688.3125]
[350, 172, 687.785]
[350, 171, 687.2475]
[350, 170, 686.7425]
[350, 169, 686.3475]
[350, 168, 685.82]
[350, 167, 685.3825]
[350, 166, 684.965]
[350, 165, 684.4]
[350, 164, 683.8725]
[350, 163, 683.29]
[350, 162, 682.8825]
[350, 161, 682.385]
[350, 160, 682.01]
[350, 159, 681.5925]
[350, 158, 681.135]
[350, 157, 680.635]
[350, 156, 680.0875]
[350, 155, 679.5825]
[350, 154, 679.18]
[350, 153, 678.7775]
[350, 152, 678.43]
[350, 151, 677.94]
[350, 150, 677.5175]
[350, 149, 677.2125]
[350, 148, 676.8875]
[350, 147, 676.42]
[350, 146, 675.8775]
[350, 145, 675.355]
[350, 144, 674.99]
[350, 143, 674.495]
[350, 142, 674.125]
[350, 141, 673.7375]
[350, 140, 673.3775]
[350, 139, 672.9625]
[350, 138, 672.58]
[350, 137, 672.265]
[350, 136, 671.985]
[350, 135, 671.71]
[350, 134, 671.365]
[350, 133, 670.995]
[350, 132, 670.665]
[350, 131, 670.2625]
[350, 130, 669.915]
[350, 129, 669.5475]
[350, 128, 669.075]
[350, 127, 668.6175]
[350, 126, 668.125]
[350, 125, 667.7]
[350, 124, 667.36]
[350, 123, 666.9525]
[350, 122, 666.5075]
[350, 121, 666.0525]
[350, 120, 665.705]
[350, 119, 665.2825]
[350, 118, 664.9025]
[350, 117, 664.48]
[350, 116, 664.0725]
[350, 115, 663.7125]
[350, 114, 663.3625]
[350, 113, 663.0]
[350, 112, 662.68]
[350, 111, 662.3675]
[350, 110, 662.0275]
[350, 109, 661.7]
[350, 108, 661.3425]
[350, 107, 661.0075]
[350, 106, 660.665]
[350, 105, 660.2825]
[350, 104, 659.9125]
[350, 103, 659.4525]
[350, 102, 658.95]
[350, 101, 658.495]
[350, 100, 658.1225]
[350, 99, 657.6525]
[350, 98, 657.215]
[350, 97, 656.885]
[350, 96, 656.585]
[350, 95, 656.3325]
[350, 94, 656.08]
[350, 93, 655.8075]
[350, 92, 655.6075]
[350, 91, 655.2775]
[350, 90, 654.98]
[350, 89, 654.76]
[350, 88, 654.5125]
[350, 87, 654.275]
[350, 86, 653.965]
[350, 85, 653.6025]
[350, 84, 653.3175]
[350, 83, 652.885]
[350, 82, 652.4925]
[350, 81, 652.155]
[350, 80, 651.8825]
[350, 79, 651.7325]
[350, 78, 651.5575]
[350, 77, 651.29]
[350, 76, 650.915]
[350, 75, 650.565]
[350, 74, 650.25]
[350, 73, 649.975]
[350, 72, 649.7225]
[350, 71, 649.3825]
[350, 70, 648.9775]
[350, 69, 648.6825]
[350, 68, 648.475]
[350, 67, 648.2525]
[350, 66, 648.1]
[350, 65, 647.965]
[350, 64, 647.665]
[350, 63, 647.4]
[350, 62, 647.245]
[350, 61, 647.125]
[350, 60, 647.0]
[350, 59, 646.815]
[350, 58, 646.63]
[350, 57, 646.4575]
[350, 56, 646.225]
[350, 55, 645.8]
[350, 54, 645.4225]
[350, 53, 645.635]
[350, 52, 645.7675]
[350, 51, 645.67]
[350, 50, 645.475]
[350, 49, 645.31]
[350, 48, 645.1475]
[350, 47, 645.0775]
[350, 46, 644.87]
[350, 45, 644.725]
[350, 44, 644.6725]
[350, 43, 644.6025]
[350, 42, 644.69]
[350, 41, 644.6825]
[350, 40, 644.635]
[350, 39, 644.6525]
[350, 38, 644.6525]
[350, 37, 644.6225]
[350, 36, 644.61]
[350, 35, 644.555]
[350, 34, 644.5675]
[350, 33, 644.54]
[350, 32, 644.4625]
[350, 31, 644.4]
[350, 30, 644.305]
[350, 29, 644.2475]
[350, 28, 644.2375]
[350, 27, 644.27]
[350, 26, 644.2675]
[350, 25, 644.2375]
[350, 24, 644.1775]
[350, 23, 644.09]
[350, 22, 644.02]
[350, 21, 643.9025]
[350, 20, 643.9725]
[350, 19, 643.99]
[350, 18, 643.97]
[350, 17, 643.99]
[350, 16, 644.05]
[350, 15, 644.0]
[350, 14, 643.95]
[350, 13, 643.7825]
[350, 12, 643.7125]
[350, 11, 643.8475]
[350, 10, 643.78]
[350, 9, 643.75]
[350, 8, 643.6575]
[350, 7, 643.4025]
[350, 6, 643.2225]
[350, 5, 643.175]
[350, 4, 643.315]
[350, 3, 643.2425]
[350, 2, 643.285]
[350, 1, 643.3375]
[350, 0, 643.445]
[360, 0, 639.705]
[360, 1, 639.765]
[360, 2, 639.79]
[360, 3, 639.6625]
[360, 4, 639.74]
[360, 5, 639.93]
[360, 6, 640.11]
[360, 7, 640.19]
[360, 8, 640.055]
[360, 9, 640.095]
[360, 10, 640.2375]
[360, 11, 640.2725]
[360, 12, 640.495]
[360, 13, 640.6725]
[360, 14, 640.7075]
[360, 15, 640.69]
[360, 16, 640.755]
[360, 17, 640.8525]
[360, 18, 640.9175]
[360, 19, 640.9725]
[360, 20, 640.8675]
[360, 21, 640.7175]
[360, 22, 641.0125]
[360, 23, 641.2325]
[360, 24, 641.28]
[360, 25, 641.38]
[360, 26, 641.45]
[360, 27, 641.465]
[360, 28, 641.49]
[360, 29, 641.5325]
[360, 30, 641.6175]
[360, 31, 641.655]
[360, 32, 641.6825]
[360, 33, 641.6175]
[360, 34, 641.3775]
[360, 35, 641.54]
[360, 36, 641.6575]
[360, 37, 641.6975]
[360, 38, 641.755]
[360, 39, 641.7625]
[360, 40, 641.7875]
[360, 41, 641.8775]
[360, 42, 641.96]
[360, 43, 641.99]
[360, 44, 642.065]
[360, 45, 642.1575]
[360, 46, 642.2725]
[360, 47, 642.3575]
[360, 48, 642.4375]
[360, 49, 642.4625]
[360, 50, 642.3925]
[360, 51, 641.9275]
[360, 52, 641.7325]
[360, 53, 641.9375]
[360, 54, 642.0375]
[360, 55, 642.1775]
[360, 56, 642.17]
[360, 57, 642.145]
[360, 58, 642.5675]
[360, 59, 642.915]
[360, 60, 643.145]
[360, 61, 643.2525]
[360, 62, 643.2325]
[360, 63, 643.235]
[360, 64, 643.6075]
[360, 65, 644.035]
[360, 66, 644.3075]
[360, 67, 644.54]
[360, 68, 644.72]
[360, 69, 644.9675]
[360, 70, 645.1025]
[360, 71, 645.26]
[360, 72, 645.4325]
[360, 73, 645.605]
[360, 74, 645.625]
[360, 75, 645.6325]
[360, 76, 645.7975]
[360, 77, 646.2]
[360, 78, 646.525]
[360, 79, 646.8]
[360, 80, 647.035]
[360, 81, 647.3275]
[360, 82, 647.735]
[360, 83, 648.1025]
[360, 84, 648.46]
[360, 85, 648.7875]
[360, 86, 649.0975]
[360, 87, 649.425]
[360, 88, 649.695]
[360, 89, 649.985]
[360, 90, 650.21]
[360, 91, 650.4775]
[360, 92, 650.7325]
[360, 93, 651.01]
[360, 94, 651.3475]
[360, 95, 651.675]
[360, 96, 651.9625]
[360, 97, 652.1975]
[360, 98, 652.5475]
[360, 99, 652.8775]
[360, 100, 653.175]
[360, 101, 653.5175]
[360, 102, 653.8225]
[360, 103, 654.135]
[360, 104, 654.3575]
[360, 105, 654.62]
[360, 106, 654.9225]
[360, 107, 655.3425]
[360, 108, 655.785]
[360, 109, 656.1375]
[360, 110, 656.4725]
[360, 111, 656.81]
[360, 112, 657.165]
[360, 113, 657.505]
[360, 114, 657.785]
[360, 115, 658.0]
[360, 116, 658.2925]
[360, 117, 658.67]
[360, 118, 659.125]
[360, 119, 659.505]
[360, 120, 660.0475]
[360, 121, 660.675]
[360, 122, 661.2375]
[360, 123, 661.7575]
[360, 124, 662.1775]
[360, 125, 662.5725]
[360, 126, 663.0225]
[360, 127, 663.4675]
[360, 128, 663.87]
[360, 129, 664.3025]
[360, 130, 664.7175]
[360, 131, 665.1275]
[360, 132, 665.52]
[360, 133, 665.79]
[360, 134, 666.0825]
[360, 135, 666.2875]
[360, 136, 666.5725]
[360, 137, 666.8225]
[360, 138, 667.1075]
[360, 139, 667.4925]
[360, 140, 667.9475]
[360, 141, 668.4475]
[360, 142, 668.8]
[360, 143, 669.0675]
[360, 144, 669.455]
[360, 145, 669.795]
[360, 146, 670.115]
[360, 147, 670.4775]
[360, 148, 670.8425]
[360, 149, 671.035]
[360, 150, 671.265]
[360, 151, 671.47]
[360, 152, 671.75]
[360, 153, 672.0175]
[360, 154, 672.37]
[360, 155, 672.685]
[360, 156, 673.0475]
[360, 157, 673.345]
[360, 158, 673.6]
[360, 159, 673.885]
[360, 160, 674.1175]
[360, 161, 674.4425]
[360, 162, 674.74]
[360, 163, 675.135]
[360, 164, 675.46]
[360, 165, 675.8675]
[360, 166, 676.275]
[360, 167, 676.635]
[360, 168, 676.8325]
[360, 169, 677.1925]
[360, 170, 677.6325]
[360, 171, 678.0025]
[360, 172, 678.425]
[360, 173, 678.7375]
[360, 174, 679.0875]
[360, 175, 679.425]
[360, 176, 679.825]
[360, 177, 680.29]
[360, 178, 680.77]
[360, 179, 681.315]
[360, 180, 681.8575]
[360, 181, 682.33]
[360, 182, 682.6875]
[360, 183, 683.0825]
[360, 184, 683.3725]
[360, 185, 683.7875]
[360, 186, 684.125]
[360, 187, 684.51]
[360, 188, 684.8775]
[360, 189, 685.2375]
[360, 190, 685.6725]
[360, 191, 686.1]
[360, 192, 686.5775]
[360, 193, 687.03]
[360, 194, 687.3925]
[360, 195, 687.7975]
[360, 196, 688.1875]
[360, 197, 688.545]
[360, 198, 688.9725]
[360, 199, 689.3475]
[360, 200, 689.6875]
[360, 201, 690.07]
[360, 202, 690.445]
[360, 203, 690.8625]
[360, 204, 691.28]
[360, 205, 691.8425]
[360, 206, 692.2325]
[360, 207, 692.6325]
[360, 208, 693.1225]
[360, 209, 693.54]
[360, 210, 694.0175]
[360, 211, 694.4625]
[360, 212, 694.9175]
[360, 213, 695.345]
[360, 214, 695.775]
[360, 215, 696.2325]
[360, 216, 696.6725]
[360, 217, 697.0425]
[360, 218, 697.42]
[360, 219, 697.85]
[360, 220, 698.255]
[360, 221, 698.655]
[360, 222, 699.0925]
[360, 223, 699.6225]
[360, 224, 700.09]
[360, 225, 700.4]
[360, 226, 700.795]
[360, 227, 701.33]
[360, 228, 701.745]
[360, 229, 702.1125]
[360, 230, 702.4925]
[360, 231, 702.8925]
[360, 232, 703.325]
[360, 233, 703.8075]
[360, 234, 704.155]
[360, 235, 704.5975]
[360, 236, 704.9625]
[360, 237, 705.3775]
[360, 238, 705.845]
[360, 239, 706.2775]
[360, 240, 706.8225]
[360, 241, 707.2175]
[360, 242, 707.6875]
[360, 243, 708.0375]
[360, 244, 708.435]
[360, 245, 708.79]
[360, 246, 709.1025]
[360, 247, 709.4375]
[360, 248, 709.8225]
[360, 249, 710.205]
[360, 250, 710.4975]
[360, 251, 710.7275]
[360, 252, 710.9725]
[360, 253, 711.31]
[360, 254, 711.7425]
[360, 255, 712.21]
[360, 256, 712.7125]
[360, 257, 713.0675]
[360, 258, 713.47]
[360, 259, 714.005]
[360, 260, 714.48]
[360, 261, 714.77]
[360, 262, 715.17]
[360, 263, 715.5925]
[360, 264, 715.8825]
[360, 265, 716.1075]
[360, 266, 716.3725]
[360, 267, 716.505]
[360, 268, 716.7675]
[360, 269, 716.9425]
[360, 270, 717.15]
[360, 271, 717.335]
[360, 272, 717.615]
[360, 273, 717.8725]
[360, 274, 718.0825]
[360, 275, 718.2075]
[360, 276, 718.295]
[360, 277, 718.4525]
[360, 278, 718.5575]
[360, 279, 718.64]
[360, 280, 718.765]
[360, 281, 718.8375]
[360, 282, 718.8725]
[360, 283, 718.8675]
[360, 284, 718.9175]
[360, 285, 719.01]
[360, 286, 719.115]
[360, 287, 719.2625]
[360, 288, 719.305]
[360, 289, 719.2875]
[360, 290, 719.3525]
[360, 291, 719.4175]
[360, 292, 719.4825]
[360, 293, 719.4875]
[360, 294, 719.5375]
[360, 295, 719.5725]
[360, 296, 719.7825]
[360, 297, 719.91]
[360, 298, 719.945]
[360, 299, 720.0875]
[360, 300, 720.18]
[360, 301, 720.275]
[360, 302, 720.43]
[360, 303, 720.5175]
[360, 304, 720.6]
[360, 305, 720.68]
[360, 306, 720.835]
[360, 307, 721.0475]
[360, 308, 721.1675]
[360, 309, 721.35]
[360, 310, 721.52]
[360, 311, 721.6825]
[360, 312, 721.83]
[360, 313, 721.905]
[360, 314, 722.045]
[360, 315, 722.1475]
[360, 316, 722.215]
[360, 317, 722.35]
[360, 318, 722.455]
[360, 319, 722.57]
[360, 320, 722.685]
[360, 321, 722.8175]
[360, 322, 722.8875]
[360, 323, 722.97]
[360, 324, 723.12]
[360, 325, 723.2325]
[360, 326, 723.33]
[360, 327, 723.525]
[360, 328, 723.595]
[360, 329, 723.64]
[360, 330, 723.8075]
[360, 331, 723.895]
[360, 332, 723.99]
[360, 333, 724.045]
[360, 334, 724.1775]
[360, 335, 724.41]
[360, 336, 724.5675]
[360, 337, 724.6475]
[360, 338, 724.82]
[360, 339, 724.935]
[360, 340, 725.115]
[360, 341, 725.2475]
[360, 342, 725.415]
[360, 343, 725.5475]
[360, 344, 725.63]
[360, 345, 725.6825]
[360, 346, 725.7675]
[360, 347, 725.86]
[360, 348, 725.8875]
[360, 349, 725.9125]
[360, 350, 725.9125]
[360, 351, 725.925]
[360, 352, 725.8675]
[360, 353, 725.855]
[360, 354, 725.9125]
[360, 355, 725.935]
[360, 356, 726.01]
[360, 357, 725.98]
[360, 358, 726.045]
[360, 359, 726.0675]
[360, 360, 726.0525]
[360, 361, 726.1625]
[360, 362, 726.1825]
[360, 363, 726.095]
[360, 364, 726.0425]
[360, 365, 725.975]
[360, 366, 725.8225]
[360, 367, 725.7025]
[360, 368, 725.5975]
[360, 369, 725.5475]
[360, 370, 725.54]
[360, 371, 725.5925]
[360, 372, 725.59]
[360, 373, 725.4725]
[360, 374, 725.4575]
[360, 375, 725.53]
[360, 376, 725.5225]
[360, 377, 725.4825]
[360, 378, 725.38]
[360, 379, 725.3675]
[360, 380, 725.4425]
[360, 381, 725.43]
[360, 382, 725.465]
[360, 383, 725.4875]
[360, 384, 725.5475]
[360, 385, 725.61]
[360, 386, 725.585]
[360, 387, 725.5475]
[360, 388, 725.5125]
[360, 389, 725.48]
[360, 390, 725.4075]
[360, 391, 725.3725]
[360, 392, 725.3725]
[360, 393, 725.325]
[360, 394, 725.2825]
[360, 395, 725.2325]
[360, 396, 725.1775]
[360, 397, 725.18]
[360, 398, 725.205]
[360, 399, 725.165]
[360, 400, 725.15]
[360, 401, 725.1475]
[360, 402, 725.095]
[360, 403, 725.0175]
[360, 404, 725.0275]
[360, 405, 724.9875]
[360, 406, 724.97]
[360, 407, 724.9725]
[360, 408, 725.0125]
[360, 409, 725.0425]
[360, 410, 725.0375]
[360, 411, 725.0875]
[360, 412, 725.095]
[360, 413, 725.1275]
[360, 414, 725.195]
[360, 415, 725.18]
[360, 416, 725.2]
[360, 417, 725.26]
[360, 418, 725.325]
[360, 419, 725.3775]
[360, 420, 725.39]
[360, 421, 725.3875]
[360, 422, 725.415]
[360, 423, 725.38]
[360, 424, 725.3475]
[360, 425, 725.3225]
[360, 426, 725.29]
[360, 427, 725.3225]
[360, 428, 725.3825]
[360, 429, 725.37]
[360, 430, 725.415]
[360, 431, 725.3925]
[360, 432, 725.395]
[360, 433, 725.3275]
[360, 434, 725.3025]
[360, 435, 725.3]
[360, 436, 725.27]
[360, 437, 725.2125]
[360, 438, 725.1775]
[360, 439, 725.175]
[360, 440, 725.13]
[360, 441, 725.05]
[360, 442, 725.0475]
[360, 443, 725.0325]
[360, 444, 725.0325]
[360, 445, 725.0]
[360, 446, 724.925]
[360, 447, 724.845]
[360, 448, 724.74]
[360, 449, 724.6575]
[360, 450, 724.605]
[360, 451, 724.475]
[360, 452, 724.365]
[360, 453, 724.2625]
[360, 454, 724.1]
[360, 455, 723.985]
[360, 456, 723.8725]
[360, 457, 723.7175]
[360, 458, 723.6025]
[360, 459, 723.4425]
[360, 460, 723.2675]
[360, 461, 723.1275]
[360, 462, 722.9275]
[360, 463, 722.725]
[360, 464, 722.5275]
[360, 465, 722.3225]
[360, 466, 722.1325]
[360, 467, 721.8775]
[360, 468, 721.635]
[360, 469, 721.4475]
[360, 470, 721.2225]
[360, 471, 720.9725]
[360, 472, 720.735]
[360, 473, 720.4925]
[360, 474, 720.2425]
[360, 475, 720.0125]
[360, 476, 719.845]
[360, 477, 719.5825]
[360, 478, 719.2625]
[360, 479, 718.975]
[360, 480, 718.7325]
[360, 481, 718.475]
[360, 482, 718.1675]
[360, 483, 717.905]
[360, 484, 717.6075]
[360, 485, 717.34]
[360, 486, 717.0325]
[360, 487, 716.7175]
[360, 488, 716.42]
[360, 489, 716.13]
[360, 490, 715.82]
[360, 491, 715.5]
[360, 492, 715.1575]
[360, 493, 714.7975]
[360, 494, 714.4525]
[360, 495, 714.0475]
[360, 496, 713.67]
[360, 497, 713.34]
[360, 498, 713.015]
[360, 499, 712.62]
[370, 499, 718.6275]
[370, 498, 719.15]
[370, 497, 719.5525]
[370, 496, 720.0175]
[370, 495, 720.4375]
[370, 494, 720.7975]
[370, 493, 721.21]
[370, 492, 721.525]
[370, 491, 721.8775]
[370, 490, 722.2675]
[370, 489, 722.585]
[370, 488, 722.95]
[370, 487, 723.3025]
[370, 486, 723.6425]
[370, 485, 723.9175]
[370, 484, 724.165]
[370, 483, 724.46]
[370, 482, 724.705]
[370, 481, 724.8425]
[370, 480, 724.94]
[370, 479, 725.0775]
[370, 478, 725.23]
[370, 477, 725.4625]
[370, 476, 725.725]
[370, 475, 725.92]
[370, 474, 726.1075]
[370, 473, 726.3125]
[370, 472, 726.5675]
[370, 471, 726.71]
[370, 470, 726.9775]
[370, 469, 727.2275]
[370, 468, 727.3925]
[370, 467, 727.555]
[370, 466, 727.75]
[370, 465, 727.95]
[370, 464, 728.1075]
[370, 463, 728.21]
[370, 462, 728.32]
[370, 461, 728.3975]
[370, 460, 728.465]
[370, 459, 728.5025]
[370, 458, 728.645]
[370, 457, 728.78]
[370, 456, 728.795]
[370, 455, 728.8]
[370, 454, 728.8]
[370, 453, 728.83]
[370, 452, 728.9075]
[370, 451, 728.9425]
[370, 450, 728.965]
[370, 449, 729.035]
[370, 448, 729.1175]
[370, 447, 729.1375]
[370, 446, 729.1675]
[370, 445, 729.1975]
[370, 444, 729.2375]
[370, 443, 729.295]
[370, 442, 729.3075]
[370, 441, 729.275]
[370, 440, 729.2725]
[370, 439, 729.2575]
[370, 438, 729.1775]
[370, 437, 729.15]
[370, 436, 729.0775]
[370, 435, 729.0425]
[370, 434, 729.0025]
[370, 433, 728.9375]
[370, 432, 728.835]
[370, 431, 728.7675]
[370, 430, 728.7225]
[370, 429, 728.7025]
[370, 428, 728.735]
[370, 427, 728.7275]
[370, 426, 728.6975]
[370, 425, 728.7925]
[370, 424, 728.81]
[370, 423, 728.77]
[370, 422, 728.7175]
[370, 421, 728.5875]
[370, 420, 728.495]
[370, 419, 728.455]
[370, 418, 728.42]
[370, 417, 728.37]
[370, 416, 728.2975]
[370, 415, 728.28]
[370, 414, 728.2025]
[370, 413, 728.2225]
[370, 412, 728.2825]
[370, 411, 728.31]
[370, 410, 728.3175]
[370, 409, 728.3225]
[370, 408, 728.3275]
[370, 407, 728.21]
[370, 406, 728.1425]
[370, 405, 728.09]
[370, 404, 728.0575]
[370, 403, 728.0325]
[370, 402, 727.9725]
[370, 401, 727.795]
[370, 400, 727.7175]
[370, 399, 727.785]
[370, 398, 727.81]
[370, 397, 727.7375]
[370, 396, 727.585]
[370, 395, 727.4]
[370, 394, 727.4025]
[370, 393, 727.5025]
[370, 392, 727.5075]
[370, 391, 727.41]
[370, 390, 727.3125]
[370, 389, 727.14]
[370, 388, 727.08]
[370, 387, 726.9625]
[370, 386, 726.9375]
[370, 385, 726.925]
[370, 384, 726.815]
[370, 383, 726.645]
[370, 382, 726.4825]
[370, 381, 726.2775]
[370, 380, 726.07]
[370, 379, 725.7975]
[370, 378, 725.4825]
[370, 377, 725.2075]
[370, 376, 724.84]
[370, 375, 724.3925]
[370, 374, 724.005]
[370, 373, 723.705]
[370, 372, 723.36]
[370, 371, 723.0775]
[370, 370, 722.78]
[370, 369, 722.5025]
[370, 368, 722.3575]
[370, 367, 722.0975]
[370, 366, 721.8475]
[370, 365, 721.645]
[370, 364, 721.4375]
[370, 363, 721.245]
[370, 362, 720.9325]
[370, 361, 720.6475]
[370, 360, 720.3225]
[370, 359, 720.015]
[370, 358, 719.6875]
[370, 357, 719.3225]
[370, 356, 718.97]
[370, 355, 718.6125]
[370, 354, 718.19]
[370, 353, 717.795]
[370, 352, 717.375]
[370, 351, 717.035]
[370, 350, 716.46]
[370, 349, 715.93]
[370, 348, 715.525]
[370, 347, 715.25]
[370, 346, 714.9625]
[370, 345, 714.4575]
[370, 344, 713.9775]
[370, 343, 713.4525]
[370, 342, 713.0075]
[370, 341, 712.6325]
[370, 340, 712.305]
[370, 339, 712.04]
[370, 338, 711.745]
[370, 337, 711.485]
[370, 336, 711.33]
[370, 335, 711.28]
[370, 334, 711.285]
[370, 333, 711.26]
[370, 332, 711.2725]
[370, 331, 711.315]
[370, 330, 711.2825]
[370, 329, 711.3025]
[370, 328, 711.27]
[370, 327, 711.2375]
[370, 326, 711.2275]
[370, 325, 711.2225]
[370, 324, 711.1825]
[370, 323, 711.1125]
[370, 322, 711.0975]
[370, 321, 711.015]
[370, 320, 710.93]
[370, 319, 710.85]
[370, 318, 710.77]
[370, 317, 710.7825]
[370, 316, 710.7675]
[370, 315, 710.81]
[370, 314, 710.81]
[370, 313, 710.7525]
[370, 312, 710.68]
[370, 311, 710.585]
[370, 310, 710.4675]
[370, 309, 710.4175]
[370, 308, 710.32]
[370, 307, 710.225]
[370, 306, 710.1]
[370, 305, 709.9675]
[370, 304, 709.85]
[370, 303, 709.6875]
[370, 302, 709.535]
[370, 301, 709.37]
[370, 300, 709.1675]
[370, 299, 709.0075]
[370, 298, 708.8925]
[370, 297, 708.745]
[370, 296, 708.5625]
[370, 295, 708.4675]
[370, 294, 708.355]
[370, 293, 708.1675]
[370, 292, 708.195]
[370, 291, 708.0825]
[370, 290, 708.0]
[370, 289, 707.91]
[370, 288, 707.7025]
[370, 287, 707.4825]
[370, 286, 707.265]
[370, 285, 707.005]
[370, 284, 706.7375]
[370, 283, 706.74]
[370, 282, 706.9775]
[370, 281, 707.0725]
[370, 280, 706.8775]
[370, 279, 706.77]
[370, 278, 706.7725]
[370, 277, 706.695]
[370, 276, 706.435]
[370, 275, 706.215]
[370, 274, 706.105]
[370, 273, 706.01]
[370, 272, 705.8725]
[370, 271, 705.7375]
[370, 270, 705.3625]
[370, 269, 704.77]
[370, 268, 704.115]
[370, 267, 703.7075]
[370, 266, 703.4375]
[370, 265, 703.4825]
[370, 264, 703.215]
[370, 263, 702.605]
[370, 262, 701.94]
[370, 261, 701.5275]
[370, 260, 701.325]
[370, 259, 701.14]
[370, 258, 700.91]
[370, 257, 700.62]
[370, 256, 700.21]
[370, 255, 699.8375]
[370, 254, 699.5275]
[370, 253, 699.34]
[370, 252, 699.0475]
[370, 251, 698.78]
[370, 250, 698.4975]
[370, 249, 698.07]
[370, 248, 697.6825]
[370, 247, 697.255]
[370, 246, 696.945]
[370, 245, 696.57]
[370, 244, 696.0525]
[370, 243, 695.725]
[370, 242, 695.3225]
[370, 241, 694.91]
[370, 240, 694.5325]
[370, 239, 694.2975]
[370, 238, 693.9825]
[370, 237, 693.55]
[370, 236, 693.13]
[370, 235, 692.7975]
[370, 234, 692.415]
[370, 233, 692.085]
[370, 232, 691.74]
[370, 231, 691.265]
[370, 230, 690.7675]
[370, 229, 690.3925]
[370, 228, 689.92]
[370, 227, 689.43]
[370, 226, 689.1175]
[370, 225, 688.845]
[370, 224, 688.5325]
[370, 223, 688.0575]
[370, 222, 687.5775]
[370, 221, 687.2025]
[370, 220, 686.91]
[370, 219, 686.62]
[370, 218, 686.1975]
[370, 217, 685.77]
[370, 216, 685.4675]
[370, 215, 685.025]
[370, 214, 684.4675]
[370, 213, 683.93]
[370, 212, 683.51]
[370, 211, 683.1325]
[370, 210, 682.705]
[370, 209, 682.34]
[370, 208, 681.995]
[370, 207, 681.715]
[370, 206, 681.4425]
[370, 205, 681.285]
[370, 204, 681.03]
[370, 203, 680.7275]
[370, 202, 680.2925]
[370, 201, 679.905]
[370, 200, 679.58]
[370, 199, 679.365]
[370, 198, 679.05]
[370, 197, 678.715]
[370, 196, 678.405]
[370, 195, 678.0725]
[370, 194, 677.69]
[370, 193, 677.385]
[370, 192, 677.085]
[370, 191, 676.7425]
[370, 190, 676.4275]
[370, 189, 676.13]
[370, 188, 675.86]
[370, 187, 675.63]
[370, 186, 675.365]
[370, 185, 675.1375]
[370, 184, 674.935]
[370, 183, 674.765]
[370, 182, 674.6025]
[370, 181, 674.415]
[370, 180, 674.175]
[370, 179, 673.885]
[370, 178, 673.5875]
[370, 177, 673.3425]
[370, 176, 672.99]
[370, 175, 672.6975]
[370, 174, 672.3725]
[370, 173, 671.9775]
[370, 172, 671.6375]
[370, 171, 671.24]
[370, 170, 670.8975]
[370, 169, 670.59]
[370, 168, 670.25]
[370, 167, 669.9875]
[370, 166, 669.7075]
[370, 165, 669.415]
[370, 164, 669.1025]
[370, 163, 668.825]
[370, 162, 668.5025]
[370, 161, 668.24]
[370, 160, 667.885]
[370, 159, 667.56]
[370, 158, 667.175]
[370, 157, 666.79]
[370, 156, 666.5]
[370, 155, 666.215]
[370, 154, 665.9]
[370, 153, 665.5725]
[370, 152, 665.285]
[370, 151, 664.915]
[370, 150, 664.6075]
[370, 149, 664.275]
[370, 148, 663.91]
[370, 147, 663.6125]
[370, 146, 663.3225]
[370, 145, 663.0525]
[370, 144, 662.7875]
[370, 143, 662.5375]
[370, 142, 662.13]
[370, 141, 661.66]
[370, 140, 661.3275]
[370, 139, 660.9875]
[370, 138, 660.6775]
[370, 137, 660.345]
[370, 136, 659.9975]
[370, 135, 659.745]
[370, 134, 659.47]
[370, 133, 659.1925]
[370, 132, 658.8525]
[370, 131, 658.48]
[370, 130, 658.1925]
[370, 129, 657.9125]
[370, 128, 657.5425]
[370, 127, 657.1725]
[370, 126, 656.78]
[370, 125, 656.1625]
[370, 124, 655.56]
[370, 123, 655.0825]
[370, 122, 654.795]
[370, 121, 654.545]
[370, 120, 654.2325]
[370, 119, 653.735]
[370, 118, 653.3675]
[370, 117, 653.045]
[370, 116, 652.6575]
[370, 115, 652.26]
[370, 114, 651.83]
[370, 113, 651.4275]
[370, 112, 651.0875]
[370, 111, 650.7825]
[370, 110, 650.58]
[370, 109, 650.295]
[370, 108, 649.9375]
[370, 107, 649.5875]
[370, 106, 649.27]
[370, 105, 648.885]
[370, 104, 648.6075]
[370, 103, 648.29]
[370, 102, 648.06]
[370, 101, 647.83]
[370, 100, 647.5575]
[370, 99, 647.2925]
[370, 98, 647.0625]
[370, 97, 646.81]
[370, 96, 646.5375]
[370, 95, 646.2725]
[370, 94, 645.9725]
[370, 93, 645.7275]
[370, 92, 645.54]
[370, 91, 645.365]
[370, 90, 645.2175]
[370, 89, 644.925]
[370, 88, 644.64]
[370, 87, 644.3525]
[370, 86, 644.06]
[370, 85, 643.7725]
[370, 84, 643.445]
[370, 83, 643.17]
[370, 82, 642.8275]
[370, 81, 642.5425]
[370, 80, 642.28]
[370, 79, 642.165]
[370, 78, 642.0525]
[370, 77, 641.9475]
[370, 76, 641.61]
[370, 75, 641.395]
[370, 74, 641.4375]
[370, 73, 641.3425]
[370, 72, 641.2625]
[370, 71, 641.12]
[370, 70, 641.02]
[370, 69, 640.8825]
[370, 68, 640.795]
[370, 67, 640.6525]
[370, 66, 640.615]
[370, 65, 640.51]
[370, 64, 640.42]
[370, 63, 640.255]
[370, 62, 640.055]
[370, 61, 639.7675]
[370, 60, 639.7125]
[370, 59, 639.825]
[370, 58, 639.8375]
[370, 57, 640.005]
[370, 56, 640.0025]
[370, 55, 639.8775]
[370, 54, 639.595]
[370, 53, 639.1775]
[370, 52, 638.665]
[370, 51, 639.04]
[370, 50, 639.5275]
[370, 49, 639.695]
[370, 48, 639.755]
[370, 47, 639.74]
[370, 46, 639.6125]
[370, 45, 639.46]
[370, 44, 639.4]
[370, 43, 639.35]
[370, 42, 639.31]
[370, 41, 639.21]
[370, 40, 639.2275]
[370, 39, 639.2425]
[370, 38, 639.21]
[370, 37, 639.08]
[370, 36, 638.975]
[370, 35, 639.0425]
[370, 34, 638.9925]
[370, 33, 639.06]
[370, 32, 639.105]
[370, 31, 639.09]
[370, 30, 639.0375]
[370, 29, 638.9775]
[370, 28, 638.8875]
[370, 27, 638.6975]
[370, 26, 638.6825]
[370, 25, 638.665]
[370, 24, 638.5275]
[370, 23, 638.3825]
[370, 22, 638.2525]
[370, 21, 638.1325]
[370, 20, 637.945]
[370, 19, 637.7075]
[370, 18, 637.66]
[370, 17, 637.69]
[370, 16, 637.5725]
[370, 15, 637.4]
[370, 14, 637.3]
[370, 13, 637.2225]
[370, 12, 637.18]
[370, 11, 637.0925]
[370, 10, 637.025]
[370, 9, 636.87]
[370, 8, 636.5975]
[370, 7, 636.4925]
[370, 6, 636.5475]
[370, 5, 636.3125]
[370, 4, 636.2225]
[370, 3, 636.3125]
[370, 2, 636.3525]
[370, 1, 636.1825]
[370, 0, 635.875]
[380, 0, 630.805]
[380, 1, 630.8825]
[380, 2, 631.02]
[380, 3, 631.11]
[380, 4, 631.4]
[380, 5, 631.9125]
[380, 6, 632.315]
[380, 7, 632.59]
[380, 8, 632.7525]
[380, 9, 632.88]
[380, 10, 632.915]
[380, 11, 633.23]
[380, 12, 633.59]
[380, 13, 633.78]
[380, 14, 633.7925]
[380, 15, 633.8775]
[380, 16, 634.1875]
[380, 17, 634.4675]
[380, 18, 634.51]
[380, 19, 634.6325]
[380, 20, 634.8775]
[380, 21, 635.0725]
[380, 22, 635.2025]
[380, 23, 635.2825]
[380, 24, 635.3825]
[380, 25, 635.42]
[380, 26, 635.4875]
[380, 27, 635.6025]
[380, 28, 635.71]
[380, 29, 635.7725]
[380, 30, 635.8475]
[380, 31, 635.93]
[380, 32, 635.9725]
[380, 33, 636.0225]
[380, 34, 636.1175]
[380, 35, 636.035]
[380, 36, 636.0625]
[380, 37, 636.0575]
[380, 38, 635.9825]
[380, 39, 636.1025]
[380, 40, 636.165]
[380, 41, 636.22]
[380, 42, 636.265]
[380, 43, 636.285]
[380, 44, 636.275]
[380, 45, 636.1675]
[380, 46, 635.9975]
[380, 47, 635.955]
[380, 48, 635.67]
[380, 49, 635.34]
[380, 50, 635.73]
[380, 51, 636.4275]
[380, 52, 636.7375]
[380, 53, 636.9125]
[380, 54, 637.045]
[380, 55, 636.99]
[380, 56, 636.6725]
[380, 57, 636.6725]
[380, 58, 636.93]
[380, 59, 637.2075]
[380, 60, 637.3125]
[380, 61, 637.445]
[380, 62, 637.4825]
[380, 63, 637.4875]
[380, 64, 637.485]
[380, 65, 637.455]
[380, 66, 637.435]
[380, 67, 637.595]
[380, 68, 637.6675]
[380, 69, 637.72]
[380, 70, 637.7725]
[380, 71, 637.85]
[380, 72, 637.9375]
[380, 73, 638.0475]
[380, 74, 638.2875]
[380, 75, 638.4725]
[380, 76, 638.59]
[380, 77, 638.785]
[380, 78, 638.92]
[380, 79, 638.9425]
[380, 80, 639.075]
[380, 81, 639.215]
[380, 82, 639.4025]
[380, 83, 639.625]
[380, 84, 639.8625]
[380, 85, 640.1025]
[380, 86, 640.2125]
[380, 87, 640.3025]
[380, 88, 640.4675]
[380, 89, 640.71]
[380, 90, 640.975]
[380, 91, 641.135]
[380, 92, 641.3075]
[380, 93, 641.5475]
[380, 94, 641.76]
[380, 95, 641.9225]
[380, 96, 642.0825]
[380, 97, 642.1775]
[380, 98, 642.21]
[380, 99, 642.2775]
[380, 100, 642.3475]
[380, 101, 642.5675]
[380, 102, 642.74]
[380, 103, 642.7725]
[380, 104, 642.9725]
[380, 105, 643.195]
[380, 106, 643.41]
[380, 107, 643.66]
[380, 108, 643.9675]
[380, 109, 644.2575]
[380, 110, 644.51]
[380, 111, 644.86]
[380, 112, 645.2425]
[380, 113, 645.5725]
[380, 114, 645.985]
[380, 115, 646.3075]
[380, 116, 646.54]
[380, 117, 646.825]
[380, 118, 647.085]
[380, 119, 647.4775]
[380, 120, 647.85]
[380, 121, 648.1975]
[380, 122, 648.5025]
[380, 123, 648.88]
[380, 124, 649.21]
[380, 125, 649.4225]
[380, 126, 649.655]
[380, 127, 649.875]
[380, 128, 650.05]
[380, 129, 650.2725]
[380, 130, 650.565]
[380, 131, 650.88]
[380, 132, 651.0575]
[380, 133, 651.4475]
[380, 134, 651.8225]
[380, 135, 652.0325]
[380, 136, 652.3025]
[380, 137, 652.5925]
[380, 138, 652.7925]
[380, 139, 653.1675]
[380, 140, 653.65]
[380, 141, 654.085]
[380, 142, 654.455]
[380, 143, 654.7375]
[380, 144, 654.8225]
[380, 145, 654.915]
[380, 146, 655.14]
[380, 147, 655.3475]
[380, 148, 655.565]
[380, 149, 655.91]
[380, 150, 656.3275]
[380, 151, 656.7975]
[380, 152, 657.1275]
[380, 153, 657.37]
[380, 154, 657.625]
[380, 155, 657.7825]
[380, 156, 657.9925]
[380, 157, 658.2925]
[380, 158, 658.555]
[380, 159, 658.8075]
[380, 160, 659.175]
[380, 161, 659.57]
[380, 162, 659.955]
[380, 163, 660.175]
[380, 164, 660.49]
[380, 165, 660.7575]
[380, 166, 660.9425]
[380, 167, 661.1525]
[380, 168, 661.3975]
[380, 169, 661.6925]
[380, 170, 662.0425]
[380, 171, 662.395]
[380, 172, 662.6775]
[380, 173, 662.985]
[380, 174, 663.2925]
[380, 175, 663.5825]
[380, 176, 663.835]
[380, 177, 664.1625]
[380, 178, 664.5275]
[380, 179, 664.8275]
[380, 180, 665.0675]
[380, 181, 665.4675]
[380, 182, 665.7875]
[380, 183, 666.15]
[380, 184, 666.51]
[380, 185, 666.835]
[380, 186, 667.1475]
[380, 187, 667.475]
[380, 188, 667.7725]
[380, 189, 668.08]
[380, 190, 668.3425]
[380, 191, 668.565]
[380, 192, 668.84]
[380, 193, 669.165]
[380, 194, 669.5275]
[380, 195, 669.9125]
[380, 196, 670.3325]
[380, 197, 670.605]
[380, 198, 670.8675]
[380, 199, 671.12]
[380, 200, 671.315]
[380, 201, 671.5875]
[380, 202, 671.8575]
[380, 203, 672.0675]
[380, 204, 672.2425]
[380, 205, 672.4175]
[380, 206, 672.6225]
[380, 207, 672.7975]
[380, 208, 673.055]
[380, 209, 673.275]
[380, 210, 673.5475]
[380, 211, 673.785]
[380, 212, 674.03]
[380, 213, 674.29]
[380, 214, 674.5475]
[380, 215, 674.7625]
[380, 216, 675.0275]
[380, 217, 675.3525]
[380, 218, 675.6675]
[380, 219, 675.8975]
[380, 220, 676.1275]
[380, 221, 676.3775]
[380, 222, 676.665]
[380, 223, 677.0375]
[380, 224, 677.3175]
[380, 225, 677.4175]
[380, 226, 677.62]
[380, 227, 677.855]
[380, 228, 678.1275]
[380, 229, 678.26]
[380, 230, 678.515]
[380, 231, 678.89]
[380, 232, 679.1275]
[380, 233, 679.4425]
[380, 234, 679.695]
[380, 235, 679.8475]
[380, 236, 680.075]
[380, 237, 680.275]
[380, 238, 680.6025]
[380, 239, 680.84]
[380, 240, 681.015]
[380, 241, 681.28]
[380, 242, 681.595]
[380, 243, 681.84]
[380, 244, 682.1925]
[380, 245, 682.6075]
[380, 246, 682.955]
[380, 247, 683.395]
[380, 248, 683.715]
[380, 249, 683.9775]
[380, 250, 684.27]
[380, 251, 684.6375]
[380, 252, 684.9075]
[380, 253, 685.145]
[380, 254, 685.4525]
[380, 255, 685.635]
[380, 256, 685.8025]
[380, 257, 686.1375]
[380, 258, 686.4875]
[380, 259, 686.9275]
[380, 260, 687.2425]
[380, 261, 687.525]
[380, 262, 687.7275]
[380, 263, 688.0975]
[380, 264, 688.61]
[380, 265, 688.965]
[380, 266, 689.2525]
[380, 267, 689.525]
[380, 268, 689.7225]
[380, 269, 689.9075]
[380, 270, 690.0275]
[380, 271, 690.2375]
[380, 272, 690.3375]
[380, 273, 690.4175]
[380, 274, 690.53]
[380, 275, 690.6325]
[380, 276, 690.5775]
[380, 277, 690.355]
[380, 278, 690.4675]
[380, 279, 690.62]
[380, 280, 690.88]
[380, 281, 691.215]
[380, 282, 691.5325]
[380, 283, 691.72]
[380, 284, 691.8425]
[380, 285, 691.9275]
[380, 286, 691.9025]
[380, 287, 691.9425]
[380, 288, 691.9575]
[380, 289, 692.0625]
[380, 290, 692.1225]
[380, 291, 692.145]
[380, 292, 692.165]
[380, 293, 692.315]
[380, 294, 692.3875]
[380, 295, 692.43]
[380, 296, 692.6525]
[380, 297, 692.87]
[380, 298, 693.1025]
[380, 299, 693.3375]
[380, 300, 693.555]
[380, 301, 693.735]
[380, 302, 693.955]
[380, 303, 694.1775]
[380, 304, 694.38]
[380, 305, 694.5]
[380, 306, 694.6575]
[380, 307, 694.8025]
[380, 308, 695.0375]
[380, 309, 695.22]
[380, 310, 695.29]
[380, 311, 695.415]
[380, 312, 695.485]
[380, 313, 695.575]
[380, 314, 695.71]
[380, 315, 695.84]
[380, 316, 695.965]
[380, 317, 696.0325]
[380, 318, 696.17]
[380, 319, 696.195]
[380, 320, 696.1975]
[380, 321, 696.325]
[380, 322, 696.465]
[380, 323, 696.4775]
[380, 324, 696.455]
[380, 325, 696.4725]
[380, 326, 696.5975]
[380, 327, 696.7475]
[380, 328, 696.94]
[380, 329, 697.0675]
[380, 330, 697.1875]
[380, 331, 697.2375]
[380, 332, 697.32]
[380, 333, 697.38]
[380, 334, 697.515]
[380, 335, 697.74]
[380, 336, 698.0975]
[380, 337, 698.345]
[380, 338, 698.6875]
[380, 339, 699.0225]
[380, 340, 699.345]
[380, 341, 699.695]
[380, 342, 700.0225]
[380, 343, 700.3625]
[380, 344, 700.705]
[380, 345, 701.0625]
[380, 346, 701.4575]
[380, 347, 701.7625]
[380, 348, 702.0375]
[380, 349, 702.34]
[380, 350, 702.72]
[380, 351, 703.16]
[380, 352, 703.63]
[380, 353, 704.1]
[380, 354, 704.55]
[380, 355, 705.0375]
[380, 356, 705.44]
[380, 357, 705.9425]
[380, 358, 706.355]
[380, 359, 706.815]
[380, 360, 707.19]
[380, 361, 707.6075]
[380, 362, 707.91]
[380, 363, 708.2075]
[380, 364, 708.5275]
[380, 365, 708.775]
[380, 366, 708.995]
[380, 367, 709.2775]
[380, 368, 709.525]
[380, 369, 709.815]
[380, 370, 710.135]
[380, 371, 710.385]
[380, 372, 710.69]
[380, 373, 710.9275]
[380, 374, 711.16]
[380, 375, 711.4175]
[380, 376, 711.6725]
[380, 377, 711.96]
[380, 378, 712.255]
[380, 379, 712.54]
[380, 380, 712.82]
[380, 381, 713.0325]
[380, 382, 713.26]
[380, 383, 713.485]
[380, 384, 713.725]
[380, 385, 713.915]
[380, 386, 714.155]
[380, 387, 714.425]
[380, 388, 714.6625]
[380, 389, 714.895]
[380, 390, 715.0875]
[380, 391, 715.2825]
[380, 392, 715.5]
[380, 393, 715.75]
[380, 394, 715.9375]
[380, 395, 716.105]
[380, 396, 716.1975]
[380, 397, 716.32]
[380, 398, 716.4525]
[380, 399, 716.575]
[380, 400, 716.78]
[380, 401, 716.9675]
[380, 402, 717.155]
[380, 403, 717.3225]
[380, 404, 717.525]
[380, 405, 717.66]
[380, 406, 717.82]
[380, 407, 717.935]
[380, 408, 718.0275]
[380, 409, 718.085]
[380, 410, 718.1375]
[380, 411, 718.1525]
[380, 412, 718.215]
[380, 413, 718.2575]
[380, 414, 718.33]
[380, 415, 718.4]
[380, 416, 718.4775]
[380, 417, 718.4825]
[380, 418, 718.6025]
[380, 419, 718.725]
[380, 420, 718.8175]
[380, 421, 718.92]
[380, 422, 718.9975]
[380, 423, 719.145]
[380, 424, 719.32]
[380, 425, 719.495]
[380, 426, 719.68]
[380, 427, 719.85]
[380, 428, 720.115]
[380, 429, 720.33]
[380, 430, 720.615]
[380, 431, 720.9375]
[380, 432, 721.245]
[380, 433, 721.5675]
[380, 434, 721.915]
[380, 435, 722.175]
[380, 436, 722.4025]
[380, 437, 722.655]
[380, 438, 722.835]
[380, 439, 723.0275]
[380, 440, 723.2275]
[380, 441, 723.3625]
[380, 442, 723.4975]
[380, 443, 723.7375]
[380, 444, 724.025]
[380, 445, 724.3075]
[380, 446, 724.5625]
[380, 447, 724.8575]
[380, 448, 725.18]
[380, 449, 725.45]
[380, 450, 725.855]
[380, 451, 726.16]
[380, 452, 726.455]
[380, 453, 726.7075]
[380, 454, 726.9675]
[380, 455, 727.32]
[380, 456, 727.6]
[380, 457, 727.8]
[380, 458, 727.89]
[380, 459, 728.1575]
[380, 460, 728.455]
[380, 461, 728.6975]
[380, 462, 728.9325]
[380, 463, 729.0875]
[380, 464, 729.215]
[380, 465, 729.3575]
[380, 466, 729.5125]
[380, 467, 729.57]
[380, 468, 729.635]
[380, 469, 729.5925]
[380, 470, 729.62]
[380, 471, 729.58]
[380, 472, 729.6275]
[380, 473, 729.6]
[380, 474, 729.545]
[380, 475, 729.4125]
[380, 476, 729.3275]
[380, 477, 729.255]
[380, 478, 729.1825]
[380, 479, 729.1475]
[380, 480, 729.06]
[380, 481, 728.925]
[380, 482, 728.78]
[380, 483, 728.4825]
[380, 484, 728.1575]
[380, 485, 727.945]
[380, 486, 727.76]
[380, 487, 727.55]
[380, 488, 727.225]
[380, 489, 726.845]
[380, 490, 726.455]
[380, 491, 726.1]
[380, 492, 725.935]
[380, 493, 725.6825]
[380, 494, 725.425]
[380, 495, 725.06]
[380, 496, 724.595]
[380, 497, 724.2475]
[380, 498, 723.7775]
[380, 499, 723.3475]
[390, 499, 722.7075]
[390, 498, 722.6475]
[390, 497, 722.5675]
[390, 496, 722.4025]
[390, 495, 722.1125]
[390, 494, 722.115]
[390, 493, 721.925]
[390, 492, 721.785]
[390, 491, 721.575]
[390, 490, 721.37]
[390, 489, 721.1625]
[390, 488, 720.9825]
[390, 487, 720.8275]
[390, 486, 720.715]
[390, 485, 720.6575]
[390, 484, 720.6125]
[390, 483, 720.4975]
[390, 482, 720.35]
[390, 481, 720.1825]
[390, 480, 720.0475]
[390, 479, 719.8825]
[390, 478, 719.6275]
[390, 477, 719.3375]
[390, 476, 719.09]
[390, 475, 718.7625]
[390, 474, 718.4475]
[390, 473, 718.17]
[390, 472, 717.89]
[390, 471, 717.5925]
[390, 470, 717.3725]
[390, 469, 717.115]
[390, 468, 716.8425]
[390, 467, 716.56]
[390, 466, 716.245]
[390, 465, 715.9475]
[390, 464, 715.645]
[390, 463, 715.3325]
[390, 462, 715.0125]
[390, 461, 714.61]
[390, 460, 714.2825]
[390, 459, 713.98]
[390, 458, 713.745]
[390, 457, 713.38]
[390, 456, 712.9275]
[390, 455, 712.61]
[390, 454, 712.2]
[390, 453, 711.83]
[390, 452, 711.535]
[390, 451, 711.1525]
[390, 450, 710.8]
[390, 449, 710.42]
[390, 448, 710.0175]
[390, 447, 709.745]
[390, 446, 709.46]
[390, 445, 709.055]
[390, 444, 708.7975]
[390, 443, 708.51]
[390, 442, 708.315]
[390, 441, 708.1075]
[390, 440, 707.9025]
[390, 439, 707.7575]
[390, 438, 707.55]
[390, 437, 707.4075]
[390, 436, 707.1725]
[390, 435, 706.92]
[390, 434, 706.6875]
[390, 433, 706.48]
[390, 432, 706.22]
[390, 431, 705.955]
[390, 430, 705.6725]
[390, 429, 705.3875]
[390, 428, 705.14]
[390, 427, 704.7775]
[390, 426, 704.5]
[390, 425, 704.245]
[390, 424, 703.9925]
[390, 423, 703.7775]
[390, 422, 703.5875]
[390, 421, 703.4225]
[390, 420, 703.22]
[390, 419, 702.8375]
[390, 418, 702.395]
[390, 417, 702.49]
[390, 416, 702.6575]
[390, 415, 702.58]
[390, 414, 702.51]
[390, 413, 702.4425]
[390, 412, 702.4525]
[390, 411, 702.48]
[390, 410, 702.375]
[390, 409, 702.22]
[390, 408, 701.7275]
[390, 407, 701.355]
[390, 406, 701.64]
[390, 405, 702.03]
[390, 404, 702.13]
[390, 403, 701.9475]
[390, 402, 701.7275]
[390, 401, 701.4825]
[390, 400, 701.2675]
[390, 399, 700.975]
[390, 398, 700.775]
[390, 397, 700.58]
[390, 396, 700.395]
[390, 395, 700.24]
[390, 394, 700.1625]
[390, 393, 700.055]
[390, 392, 699.9375]
[390, 391, 699.755]
[390, 390, 699.645]
[390, 389, 699.55]
[390, 388, 699.42]
[390, 387, 699.28]
[390, 386, 699.1275]
[390, 385, 698.955]
[390, 384, 698.7975]
[390, 383, 698.6975]
[390, 382, 698.4925]
[390, 381, 698.295]
[390, 380, 698.0525]
[390, 379, 697.825]
[390, 378, 697.595]
[390, 377, 697.39]
[390, 376, 697.195]
[390, 375, 697.0125]
[390, 374, 696.7475]
[390, 373, 696.575]
[390, 372, 696.41]
[390, 371, 696.1425]
[390, 370, 695.9525]
[390, 369, 695.635]
[390, 368, 695.31]
[390, 367, 694.9975]
[390, 366, 694.7275]
[390, 365, 694.4875]
[390, 364, 694.205]
[390, 363, 693.9725]
[390, 362, 693.74]
[390, 361, 693.535]
[390, 360, 693.335]
[390, 359, 693.1675]
[390, 358, 692.965]
[390, 357, 692.7775]
[390, 356, 692.46]
[390, 355, 691.925]
[390, 354, 691.3825]
[390, 353, 690.75]
[390, 352, 690.1575]
[390, 351, 689.78]
[390, 350, 689.595]
[390, 349, 689.4875]
[390, 348, 689.5625]
[390, 347, 689.435]
[390, 346, 689.22]
[390, 345, 688.91]
[390, 344, 688.2525]
[390, 343, 687.335]
[390, 342, 686.5975]
[390, 341, 685.9375]
[390, 340, 685.565]
[390, 339, 685.3975]
[390, 338, 685.35]
[390, 337, 685.3375]
[390, 336, 685.31]
[390, 335, 685.41]
[390, 334, 685.6475]
[390, 333, 685.59]
[390, 332, 685.21]
[390, 331, 684.88]
[390, 330, 684.475]
[390, 329, 684.0775]
[390, 328, 683.8925]
[390, 327, 683.6675]
[390, 326, 683.5375]
[390, 325, 683.4775]
[390, 324, 683.35]
[390, 323, 683.275]
[390, 322, 683.22]
[390, 321, 682.985]
[390, 320, 682.835]
[390, 319, 682.7175]
[390, 318, 682.685]
[390, 317, 682.6]
[390, 316, 682.5375]
[390, 315, 682.405]
[390, 314, 682.315]
[390, 313, 682.245]
[390, 312, 682.2425]
[390, 311, 682.2075]
[390, 310, 682.155]
[390, 309, 681.9975]
[390, 308, 681.8975]
[390, 307, 681.675]
[390, 306, 681.48]
[390, 305, 681.27]
[390, 304, 681.095]
[390, 303, 680.98]
[390, 302, 680.8225]
[390, 301, 680.61]
[390, 300, 680.4425]
[390, 299, 680.2475]
[390, 298, 679.985]
[390, 297, 679.74]
[390, 296, 679.56]
[390, 295, 679.3425]
[390, 294, 679.1675]
[390, 293, 679.0475]
[390, 292, 678.8975]
[390, 291, 678.7675]
[390, 290, 678.6375]
[390, 289, 678.4575]
[390, 288, 678.305]
[390, 287, 678.245]
[390, 286, 678.205]
[390, 285, 678.2175]
[390, 284, 678.2475]
[390, 283, 678.1575]
[390, 282, 678.065]
[390, 281, 677.9625]
[390, 280, 677.8375]
[390, 279, 677.7175]
[390, 278, 677.595]
[390, 277, 677.5075]
[390, 276, 677.545]
[390, 275, 677.4325]
[390, 274, 677.3]
[390, 273, 677.1725]
[390, 272, 676.9375]
[390, 271, 676.66]
[390, 270, 676.43]
[390, 269, 676.31]
[390, 268, 676.0775]
[390, 267, 675.84]
[390, 266, 675.5725]
[390, 265, 675.425]
[390, 264, 675.2775]
[390, 263, 675.075]
[390, 262, 674.87]
[390, 261, 674.41]
[390, 260, 674.0275]
[390, 259, 673.98]
[390, 258, 673.8425]
[390, 257, 673.5675]
[390, 256, 673.315]
[390, 255, 673.11]
[390, 254, 672.9575]
[390, 253, 672.785]
[390, 252, 672.49]
[390, 251, 672.2625]
[390, 250, 671.925]
[390, 249, 671.615]
[390, 248, 671.355]
[390, 247, 671.07]
[390, 246, 670.8375]
[390, 245, 670.4825]
[390, 244, 670.025]
[390, 243, 669.73]
[390, 242, 669.505]
[390, 241, 669.285]
[390, 240, 669.04]
[390, 239, 668.8]
[390, 238, 668.5075]
[390, 237, 668.2825]
[390, 236, 668.1]
[390, 235, 667.795]
[390, 234, 667.5375]
[390, 233, 667.355]
[390, 232, 667.055]
[390, 231, 666.6325]
[390, 230, 666.3225]
[390, 229, 666.12]
[390, 228, 665.9875]
[390, 227, 665.825]
[390, 226, 665.605]
[390, 225, 665.47]
[390, 224, 665.2825]
[390, 223, 665.1725]
[390, 222, 664.93]
[390, 221, 664.7525]
[390, 220, 664.5]
[390, 219, 664.275]
[390, 218, 663.88]
[390, 217, 663.6275]
[390, 216, 663.43]
[390, 215, 663.205]
[390, 214, 663.025]
[390, 213, 662.7225]
[390, 212, 662.315]
[390, 211, 661.9975]
[390, 210, 661.805]
[390, 209, 661.6425]
[390, 208, 661.495]
[390, 207, 661.3325]
[390, 206, 661.1825]
[390, 205, 660.935]
[390, 204, 660.6025]
[390, 203, 660.1925]
[390, 202, 659.945]
[390, 201, 659.715]
[390, 200, 659.56]
[390, 199, 659.33]
[390, 198, 659.08]
[390, 197, 658.76]
[390, 196, 658.51]
[390, 195, 658.2975]
[390, 194, 658.1075]
[390, 193, 657.915]
[390, 192, 657.7025]
[390, 191, 657.4525]
[390, 190, 657.15]
[390, 189, 656.9125]
[390, 188, 656.7475]
[390, 187, 656.515]
[390, 186, 656.2325]
[390, 185, 656.08]
[390, 184, 655.94]
[390, 183, 655.695]
[390, 182, 655.38]
[390, 181, 655.12]
[390, 180, 654.8225]
[390, 179, 654.6475]
[390, 178, 654.4]
[390, 177, 654.055]
[390, 176, 653.8025]
[390, 175, 653.4875]
[390, 174, 653.2175]
[390, 173, 653.0875]
[390, 172, 652.9475]
[390, 171, 652.8425]
[390, 170, 652.775]
[390, 169, 652.585]
[390, 168, 652.335]
[390, 167, 652.0075]
[390, 166, 651.6175]
[390, 165, 651.415]
[390, 164, 651.2775]
[390, 163, 651.16]
[390, 162, 650.94]
[390, 161, 650.7]
[390, 160, 650.4475]
[390, 159, 650.23]
[390, 158, 649.9725]
[390, 157, 649.65]
[390, 156, 649.4375]
[390, 155, 649.2325]
[390, 154, 649.035]
[390, 153, 648.74]
[390, 152, 648.5075]
[390, 151, 648.535]
[390, 150, 648.4775]
[390, 149, 648.2525]
[390, 148, 647.95]
[390, 147, 647.6225]
[390, 146, 647.3]
[390, 145, 647.005]
[390, 144, 646.79]
[390, 143, 646.4675]
[390, 142, 646.14]
[390, 141, 645.915]
[390, 140, 645.7325]
[390, 139, 645.5975]
[390, 138, 645.4175]
[390, 137, 645.2525]
[390, 136, 645.095]
[390, 135, 644.85]
[390, 134, 644.585]
[390, 133, 644.4825]
[390, 132, 644.2225]
[390, 131, 643.9675]
[390, 130, 643.74]
[390, 129, 643.535]
[390, 128, 643.295]
[390, 127, 643.0775]
[390, 126, 642.8225]
[390, 125, 642.6075]
[390, 124, 642.47]
[390, 123, 642.305]
[390, 122, 642.0525]
[390, 121, 641.8175]
[390, 120, 641.5825]
[390, 119, 641.315]
[390, 118, 641.1375]
[390, 117, 640.945]
[390, 116, 640.7275]
[390, 115, 640.395]
[390, 114, 640.2225]
[390, 113, 640.07]
[390, 112, 639.885]
[390, 111, 639.7025]
[390, 110, 639.6225]
[390, 109, 639.565]
[390, 108, 639.51]
[390, 107, 639.4475]
[390, 106, 639.31]
[390, 105, 639.1825]
[390, 104, 639.0175]
[390, 103, 638.8425]
[390, 102, 638.705]
[390, 101, 638.565]
[390, 100, 638.4625]
[390, 99, 638.2825]
[390, 98, 638.08]
[390, 97, 637.9525]
[390, 96, 637.77]
[390, 95, 637.63]
[390, 94, 637.4425]
[390, 93, 637.225]
[390, 92, 637.005]
[390, 91, 636.8175]
[390, 90, 636.64]
[390, 89, 636.5075]
[390, 88, 636.4225]
[390, 87, 636.3775]
[390, 86, 636.3425]
[390, 85, 636.215]
[390, 84, 636.175]
[390, 83, 636.105]
[390, 82, 635.965]
[390, 81, 635.8675]
[390, 80, 635.745]
[390, 79, 635.66]
[390, 78, 635.605]
[390, 77, 635.475]
[390, 76, 635.42]
[390, 75, 635.3525]
[390, 74, 635.1075]
[390, 73, 634.95]
[390, 72, 634.8725]
[390, 71, 635.0275]
[390, 70, 634.8875]
[390, 69, 634.68]
[390, 68, 634.6275]
[390, 67, 634.3375]
[390, 66, 634.4675]
[390, 65, 634.6275]
[390, 64, 634.5375]
[390, 63, 634.4775]
[390, 62, 634.5725]
[390, 61, 634.62]
[390, 60, 634.585]
[390, 59, 634.4975]
[390, 58, 634.3225]
[390, 57, 633.9675]
[390, 56, 633.6275]
[390, 55, 633.3025]
[390, 54, 633.14]
[390, 53, 633.225]
[390, 52, 633.3525]
[390, 51, 633.3675]
[390, 50, 633.3775]
[390, 49, 633.2975]
[390, 48, 632.9575]
[390, 47, 632.3625]
[390, 46, 632.1425]
[390, 45, 632.73]
[390, 44, 632.9925]
[390, 43, 632.995]
[390, 42, 632.9625]
[390, 41, 632.94]
[390, 40, 632.9225]
[390, 39, 632.8775]
[390, 38, 632.83]
[390, 37, 632.8225]
[390, 36, 632.7575]
[390, 35, 632.5575]
[390, 34, 632.3675]
[390, 33, 632.3275]
[390, 32, 632.4025]
[390, 31, 632.5725]
[390, 30, 632.47]
[390, 29, 632.4375]
[390, 28, 632.42]
[390, 27, 632.3725]
[390, 26, 632.275]
[390, 25, 632.0425]
[390, 24, 631.8325]
[390, 23, 631.8]
[390, 22, 631.775]
[390, 21, 631.585]
[390, 20, 631.4175]
[390, 19, 631.2125]
[390, 18, 630.9575]
[390, 17, 630.73]
[390, 16, 630.46]
[390, 15, 630.1625]
[390, 14, 629.765]
[390, 13, 629.3575]
[390, 12, 629.1825]
[390, 11, 629.0525]
[390, 10, 628.7775]
[390, 9, 628.3]
[390, 8, 627.7375]
[390, 7, 627.7275]
[390, 6, 627.61]
[390, 5, 627.395]
[390, 4, 627.1525]
[390, 3, 627.0125]
[390, 2, 626.93]
[390, 1, 626.6675]
[390, 0, 626.1725]
[400, 0, 621.635]
[400, 1, 621.6175]
[400, 2, 621.7375]
[400, 3, 622.2825]
[400, 4, 622.7425]
[400, 5, 623.09]
[400, 6, 623.405]
[400, 7, 623.67]
[400, 8, 623.7875]
[400, 9, 624.1025]
[400, 10, 624.3375]
[400, 11, 624.665]
[400, 12, 625.0075]
[400, 13, 625.325]
[400, 14, 625.565]
[400, 15, 625.7875]
[400, 16, 626.0]
[400, 17, 626.1525]
[400, 18, 626.3325]
[400, 19, 626.515]
[400, 20, 626.6825]
[400, 21, 626.775]
[400, 22, 626.8625]
[400, 23, 626.9525]
[400, 24, 627.0925]
[400, 25, 627.2625]
[400, 26, 627.475]
[400, 27, 627.5375]
[400, 28, 627.59]
[400, 29, 627.6475]
[400, 30, 627.6625]
[400, 31, 627.685]
[400, 32, 627.6025]
[400, 33, 627.5025]
[400, 34, 627.535]
[400, 35, 627.485]
[400, 36, 627.6975]
[400, 37, 627.905]
[400, 38, 628.21]
[400, 39, 628.4225]
[400, 40, 628.5425]
[400, 41, 628.705]
[400, 42, 628.61]
[400, 43, 628.1]
[400, 44, 628.1]
[400, 45, 628.9075]
[400, 46, 629.46]
[400, 47, 629.5975]
[400, 48, 629.635]
[400, 49, 629.7525]
[400, 50, 629.735]
[400, 51, 629.605]
[400, 52, 629.565]
[400, 53, 629.9725]
[400, 54, 630.3875]
[400, 55, 630.6275]
[400, 56, 630.8925]
[400, 57, 631.1025]
[400, 58, 631.225]
[400, 59, 631.2475]
[400, 60, 631.3225]
[400, 61, 631.4575]
[400, 62, 631.5525]
[400, 63, 631.45]
[400, 64, 631.3575]
[400, 65, 631.225]
[400, 66, 630.9875]
[400, 67, 631.0725]
[400, 68, 631.325]
[400, 69, 631.26]
[400, 70, 631.215]
[400, 71, 631.34]
[400, 72, 631.305]
[400, 73, 631.265]
[400, 74, 631.2825]
[400, 75, 631.3825]
[400, 76, 631.3925]
[400, 77, 631.125]
[400, 78, 631.0275]
[400, 79, 631.205]
[400, 80, 631.3775]
[400, 81, 631.395]
[400, 82, 631.3375]
[400, 83, 631.3275]
[400, 84, 631.4375]
[400, 85, 631.5225]
[400, 86, 631.595]
[400, 87, 631.635]
[400, 88, 631.655]
[400, 89, 631.7575]
[400, 90, 631.85]
[400, 91, 631.96]
[400, 92, 632.0675]
[400, 93, 632.1575]
[400, 94, 632.295]
[400, 95, 632.4875]
[400, 96, 632.64]
[400, 97, 632.86]
[400, 98, 633.0325]
[400, 99, 633.11]
[400, 100, 633.075]
[400, 101, 633.095]
[400, 102, 633.1125]
[400, 103, 633.1725]
[400, 104, 633.3025]
[400, 105, 633.33]
[400, 106, 633.42]
[400, 107, 633.6775]
[400, 108, 633.965]
[400, 109, 634.155]
[400, 110, 634.215]
[400, 111, 634.2575]
[400, 112, 634.245]
[400, 113, 634.2475]
[400, 114, 634.3075]
[400, 115, 634.4975]
[400, 116, 634.6475]
[400, 117, 634.93]
[400, 118, 635.0825]
[400, 119, 635.2125]
[400, 120, 635.325]
[400, 121, 635.3975]
[400, 122, 635.3875]
[400, 123, 635.5725]
[400, 124, 635.785]
[400, 125, 635.8875]
[400, 126, 635.9725]
[400, 127, 636.105]
[400, 128, 636.3275]
[400, 129, 636.5225]
[400, 130, 636.7125]
[400, 131, 636.9375]
[400, 132, 637.195]
[400, 133, 637.4525]
[400, 134, 637.845]
[400, 135, 638.1775]
[400, 136, 638.55]
[400, 137, 638.8125]
[400, 138, 639.0375]
[400, 139, 639.18]
[400, 140, 639.27]
[400, 141, 639.415]
[400, 142, 639.6425]
[400, 143, 639.785]
[400, 144, 639.8175]
[400, 145, 639.9725]
[400, 146, 640.1375]
[400, 147, 640.18]
[400, 148, 640.1875]
[400, 149, 640.2825]
[400, 150, 640.5325]
[400, 151, 640.76]
[400, 152, 640.96]
[400, 153, 641.195]
[400, 154, 641.4325]
[400, 155, 641.585]
[400, 156, 641.655]
[400, 157, 641.8]
[400, 158, 641.98]
[400, 159, 642.1425]
[400, 160, 642.3175]
[400, 161, 642.3925]
[400, 162, 642.5325]
[400, 163, 642.6825]
[400, 164, 642.715]
[400, 165, 642.6375]
[400, 166, 642.63]
[400, 167, 642.57]
[400, 168, 642.66]
[400, 169, 642.7875]
[400, 170, 642.99]
[400, 171, 643.2275]
[400, 172, 643.5475]
[400, 173, 643.8125]
[400, 174, 644.145]
[400, 175, 644.4125]
[400, 176, 644.6325]
[400, 177, 644.795]
[400, 178, 645.0275]
[400, 179, 645.195]
[400, 180, 645.42]
[400, 181, 645.57]
[400, 182, 645.7925]
[400, 183, 646.04]
[400, 184, 646.285]
[400, 185, 646.5575]
[400, 186, 646.855]
[400, 187, 647.165]
[400, 188, 647.465]
[400, 189, 647.715]
[400, 190, 648.0025]
[400, 191, 648.305]
[400, 192, 648.52]
[400, 193, 648.73]
[400, 194, 648.93]
[400, 195, 649.1475]
[400, 196, 649.2975]
[400, 197, 649.3925]
[400, 198, 649.525]
[400, 199, 649.615]
[400, 200, 649.675]
[400, 201, 649.8325]
[400, 202, 650.005]
[400, 203, 650.1075]
[400, 204, 650.26]
[400, 205, 650.535]
[400, 206, 650.7825]
[400, 207, 650.95]
[400, 208, 651.0925]
[400, 209, 651.185]
[400, 210, 651.25]
[400, 211, 651.27]
[400, 212, 651.52]
[400, 213, 651.66]
[400, 214, 651.8875]
[400, 215, 652.13]
[400, 216, 652.335]
[400, 217, 652.4775]
[400, 218, 652.6575]
[400, 219, 652.87]
[400, 220, 653.0575]
[400, 221, 653.2175]
[400, 222, 653.465]
[400, 223, 653.7525]
[400, 224, 653.99]
[400, 225, 654.19]
[400, 226, 654.46]
[400, 227, 654.575]
[400, 228, 654.695]
[400, 229, 654.85]
[400, 230, 655.135]
[400, 231, 655.42]
[400, 232, 655.62]
[400, 233, 655.7875]
[400, 234, 655.91]
[400, 235, 656.085]
[400, 236, 656.3575]
[400, 237, 656.515]
[400, 238, 656.74]
[400, 239, 657.0475]
[400, 240, 657.35]
[400, 241, 657.495]
[400, 242, 657.6575]
[400, 243, 657.71]
[400, 244, 657.8575]
[400, 245, 658.0175]
[400, 246, 658.15]
[400, 247, 658.3425]
[400, 248, 658.5375]
[400, 249, 658.7925]
[400, 250, 659.1775]
[400, 251, 659.4125]
[400, 252, 659.685]
[400, 253, 659.9675]
[400, 254, 660.2275]
[400, 255, 660.5275]
[400, 256, 660.7125]
[400, 257, 660.9525]
[400, 258, 661.2125]
[400, 259, 661.3975]
[400, 260, 661.485]
[400, 261, 661.535]
[400, 262, 661.505]
[400, 263, 661.4875]
[400, 264, 661.67]
[400, 265, 661.8525]
[400, 266, 662.0375]
[400, 267, 662.2425]
[400, 268, 662.4275]
[400, 269, 662.575]
[400, 270, 662.68]
[400, 271, 662.865]
[400, 272, 663.0025]
[400, 273, 662.97]
[400, 274, 662.9825]
[400, 275, 663.1425]
[400, 276, 663.39]
[400, 277, 663.6625]
[400, 278, 663.79]
[400, 279, 663.9275]
[400, 280, 664.0975]
[400, 281, 664.205]
[400, 282, 664.23]
[400, 283, 664.2475]
[400, 284, 664.26]
[400, 285, 664.3325]
[400, 286, 664.3925]
[400, 287, 664.5675]
[400, 288, 664.6475]
[400, 289, 664.6575]
[400, 290, 664.8275]
[400, 291, 664.935]
[400, 292, 665.13]
[400, 293, 665.315]
[400, 294, 665.4125]
[400, 295, 665.5875]
[400, 296, 665.8025]
[400, 297, 666.0425]
[400, 298, 666.205]
[400, 299, 666.415]
[400, 300, 666.89]
[400, 301, 667.365]
[400, 302, 667.68]
[400, 303, 667.815]
[400, 304, 668.0375]
[400, 305, 668.225]
[400, 306, 668.375]
[400, 307, 668.5325]
[400, 308, 668.8125]
[400, 309, 669.08]
[400, 310, 669.27]
[400, 311, 669.35]
[400, 312, 669.3175]
[400, 313, 669.355]
[400, 314, 669.4]
[400, 315, 669.595]
[400, 316, 669.8]
[400, 317, 670.0325]
[400, 318, 670.22]
[400, 319, 670.4025]
[400, 320, 670.52]
[400, 321, 670.5625]
[400, 322, 670.645]
[400, 323, 670.89]
[400, 324, 671.1525]
[400, 325, 671.3575]
[400, 326, 671.51]
[400, 327, 671.6975]
[400, 328, 671.9225]
[400, 329, 672.2825]
[400, 330, 672.605]
[400, 331, 672.88]
[400, 332, 673.3825]
[400, 333, 673.975]
[400, 334, 674.18]
[400, 335, 674.4725]
[400, 336, 674.6025]
[400, 337, 674.775]
[400, 338, 675.1275]
[400, 339, 675.34]
[400, 340, 675.43]
[400, 341, 675.63]
[400, 342, 675.9275]
[400, 343, 676.1775]
[400, 344, 676.475]
[400, 345, 676.8125]
[400, 346, 677.09]
[400, 347, 677.255]
[400, 348, 677.38]
[400, 349, 677.725]
[400, 350, 678.2125]
[400, 351, 678.5875]
[400, 352, 679.0525]
[400, 353, 679.4875]
[400, 354, 679.7425]
[400, 355, 679.98]
[400, 356, 680.22]
[400, 357, 680.29]
[400, 358, 680.29]
[400, 359, 680.325]
[400, 360, 680.3675]
[400, 361, 680.4725]
[400, 362, 680.5775]
[400, 363, 680.655]
[400, 364, 680.94]
[400, 365, 681.2725]
[400, 366, 681.5025]
[400, 367, 681.7075]
[400, 368, 681.915]
[400, 369, 682.14]
[400, 370, 682.245]
[400, 371, 682.39]
[400, 372, 682.49]
[400, 373, 682.71]
[400, 374, 682.9]
[400, 375, 683.065]
[400, 376, 683.3175]
[400, 377, 683.6725]
[400, 378, 683.9675]
[400, 379, 684.3075]
[400, 380, 684.555]
[400, 381, 684.735]
[400, 382, 684.805]
[400, 383, 684.845]
[400, 384, 684.8775]
[400, 385, 684.9775]
[400, 386, 685.03]
[400, 387, 685.0275]
[400, 388, 685.03]
[400, 389, 684.9825]
[400, 390, 685.0125]
[400, 391, 685.07]
[400, 392, 685.165]
[400, 393, 685.24]
[400, 394, 685.2475]
[400, 395, 685.3775]
[400, 396, 685.505]
[400, 397, 685.625]
[400, 398, 685.705]
[400, 399, 685.7425]
[400, 400, 685.8625]
[400, 401, 686.2875]
[400, 402, 686.655]
[400, 403, 686.91]
[400, 404, 687.1325]
[400, 405, 687.205]
[400, 406, 687.16]
[400, 407, 686.985]
[400, 408, 686.715]
[400, 409, 686.6]
[400, 410, 686.88]
[400, 411, 687.3575]
[400, 412, 687.5775]
[400, 413, 687.7675]
[400, 414, 687.9175]
[400, 415, 688.12]
[400, 416, 688.3075]
[400, 417, 688.5425]
[400, 418, 688.6575]
[400, 419, 688.8125]
[400, 420, 688.975]
[400, 421, 689.1975]
[400, 422, 689.4475]
[400, 423, 689.7025]
[400, 424, 689.94]
[400, 425, 690.1425]
[400, 426, 690.3225]
[400, 427, 690.4325]
[400, 428, 690.64]
[400, 429, 690.7625]
[400, 430, 690.9175]
[400, 431, 691.185]
[400, 432, 691.4225]
[400, 433, 691.6525]
[400, 434, 691.8325]
[400, 435, 692.005]
[400, 436, 692.1525]
[400, 437, 692.2725]
[400, 438, 692.395]
[400, 439, 692.5675]
[400, 440, 692.775]
[400, 441, 692.9425]
[400, 442, 693.2025]
[400, 443, 693.5]
[400, 444, 693.8575]
[400, 445, 694.22]
[400, 446, 694.5875]
[400, 447, 694.9]
[400, 448, 695.2025]
[400, 449, 695.51]
[400, 450, 695.87]
[400, 451, 696.255]
[400, 452, 696.7125]
[400, 453, 697.1525]
[400, 454, 697.465]
[400, 455, 697.81]
[400, 456, 698.185]
[400, 457, 698.4725]
[400, 458, 698.7625]
[400, 459, 699.005]
[400, 460, 699.195]
[400, 461, 699.4025]
[400, 462, 699.7075]
[400, 463, 700.0125]
[400, 464, 700.2825]
[400, 465, 700.545]
[400, 466, 700.795]
[400, 467, 701.01]
[400, 468, 701.2425]
[400, 469, 701.485]
[400, 470, 701.6825]
[400, 471, 701.845]
[400, 472, 702.035]
[400, 473, 702.315]
[400, 474, 702.58]
[400, 475, 702.8375]
[400, 476, 703.02]
[400, 477, 703.29]
[400, 478, 703.525]
[400, 479, 703.6975]
[400, 480, 703.88]
[400, 481, 704.0925]
[400, 482, 704.3]
[400, 483, 704.54]
[400, 484, 704.7175]
[400, 485, 704.915]
[400, 486, 705.13]
[400, 487, 705.3525]
[400, 488, 705.5625]
[400, 489, 705.8075]
[400, 490, 706.14]
[400, 491, 706.345]
[400, 492, 706.5675]
[400, 493, 706.875]
[400, 494, 707.1]
[400, 495, 707.3275]
[400, 496, 707.5675]
[400, 497, 707.8675]
[400, 498, 708.1325]
[400, 499, 708.3875]
[410, 499, 692.825]
[410, 498, 692.615]
[410, 497, 692.3375]
[410, 496, 692.1025]
[410, 495, 691.6975]
[410, 494, 691.4825]
[410, 493, 691.245]
[410, 492, 691.0625]
[410, 491, 690.845]
[410, 490, 690.68]
[410, 489, 690.495]
[410, 488, 690.325]
[410, 487, 690.1775]
[410, 486, 690.0025]
[410, 485, 689.795]
[410, 484, 689.6425]
[410, 483, 689.445]
[410, 482, 689.13]
[410, 481, 688.895]
[410, 480, 688.715]
[410, 479, 688.4525]
[410, 478, 688.2375]
[410, 477, 688.0725]
[410, 476, 687.8525]
[410, 475, 687.665]
[410, 474, 687.445]
[410, 473, 687.265]
[410, 472, 687.0]
[410, 471, 686.7825]
[410, 470, 686.5325]
[410, 469, 686.2575]
[410, 468, 686.1]
[410, 467, 685.905]
[410, 466, 685.725]
[410, 465, 685.5125]
[410, 464, 685.24]
[410, 463, 685.0125]
[410, 462, 684.8125]
[410, 461, 684.555]
[410, 460, 684.32]
[410, 459, 684.1875]
[410, 458, 683.9825]
[410, 457, 683.735]
[410, 456, 683.48]
[410, 455, 683.1775]
[410, 454, 682.915]
[410, 453, 682.515]
[410, 452, 682.1125]
[410, 451, 681.7675]
[410, 450, 681.45]
[410, 449, 681.1275]
[410, 448, 680.8]
[410, 447, 680.54]
[410, 446, 680.28]
[410, 445, 679.9925]
[410, 444, 679.755]
[410, 443, 679.5225]
[410, 442, 679.1525]
[410, 441, 678.69]
[410, 440, 678.49]
[410, 439, 678.575]
[410, 438, 678.48]
[410, 437, 678.2025]
[410, 436, 677.945]
[410, 435, 677.7025]
[410, 434, 677.53]
[410, 433, 677.37]
[410, 432, 677.2225]
[410, 431, 677.0075]
[410, 430, 676.815]
[410, 429, 676.61]
[410, 428, 676.44]
[410, 427, 676.34]
[410, 426, 676.1525]
[410, 425, 675.905]
[410, 424, 675.6]
[410, 423, 675.2175]
[410, 422, 675.0]
[410, 421, 674.955]
[410, 420, 674.9175]
[410, 419, 674.785]
[410, 418, 674.3825]
[410, 417, 673.65]
[410, 416, 673.665]
[410, 415, 673.9575]
[410, 414, 674.0275]
[410, 413, 673.94]
[410, 412, 673.6575]
[410, 411, 673.285]
[410, 410, 673.1125]
[410, 409, 673.1175]
[410, 408, 673.08]
[410, 407, 673.0425]
[410, 406, 673.1225]
[410, 405, 673.1075]
[410, 404, 673.0375]
[410, 403, 672.965]
[410, 402, 672.6525]
[410, 401, 672.25]
[410, 400, 672.275]
[410, 399, 672.275]
[410, 398, 672.2925]
[410, 397, 672.3375]
[410, 396, 672.2875]
[410, 395, 672.1975]
[410, 394, 672.055]
[410, 393, 671.9875]
[410, 392, 671.7975]
[410, 391, 671.6075]
[410, 390, 671.4475]
[410, 389, 671.305]
[410, 388, 671.145]
[410, 387, 671.1975]
[410, 386, 671.185]
[410, 385, 671.18]
[410, 384, 671.105]
[410, 383, 671.0225]
[410, 382, 670.93]
[410, 381, 670.8975]
[410, 380, 670.76]
[410, 379, 670.5275]
[410, 378, 670.23]
[410, 377, 670.01]
[410, 376, 669.83]
[410, 375, 669.65]
[410, 374, 669.645]
[410, 373, 669.645]
[410, 372, 669.505]
[410, 371, 669.275]
[410, 370, 669.055]
[410, 369, 668.77]
[410, 368, 668.5]
[410, 367, 668.36]
[410, 366, 668.195]
[410, 365, 668.045]
[410, 364, 667.9175]
[410, 363, 667.805]
[410, 362, 667.695]
[410, 361, 667.495]
[410, 360, 667.275]
[410, 359, 667.2225]
[410, 358, 667.135]
[410, 357, 667.01]
[410, 356, 666.8075]
[410, 355, 666.5575]
[410, 354, 666.1775]
[410, 353, 665.6875]
[410, 352, 665.4475]
[410, 351, 665.275]
[410, 350, 664.795]
[410, 349, 664.395]
[410, 348, 664.17]
[410, 347, 664.27]
[410, 346, 664.5275]
[410, 345, 664.74]
[410, 344, 664.485]
[410, 343, 664.2875]
[410, 342, 664.0575]
[410, 341, 663.7175]
[410, 340, 663.4775]
[410, 339, 663.2125]
[410, 338, 662.975]
[410, 337, 662.8175]
[410, 336, 662.525]
[410, 335, 662.185]
[410, 334, 661.92]
[410, 333, 661.6125]
[410, 332, 661.325]
[410, 331, 661.065]
[410, 330, 660.7825]
[410, 329, 660.375]
[410, 328, 660.1]
[410, 327, 659.8]
[410, 326, 659.4675]
[410, 325, 659.2225]
[410, 324, 658.89]
[410, 323, 658.7125]
[410, 322, 658.5375]
[410, 321, 658.445]
[410, 320, 658.17]
[410, 319, 657.8725]
[410, 318, 657.68]
[410, 317, 657.365]
[410, 316, 657.3725]
[410, 315, 657.36]
[410, 314, 657.25]
[410, 313, 657.1375]
[410, 312, 656.9725]
[410, 311, 656.7025]
[410, 310, 656.435]
[410, 309, 656.0875]
[410, 308, 655.805]
[410, 307, 655.645]
[410, 306, 655.405]
[410, 305, 655.165]
[410, 304, 655.0675]
[410, 303, 654.87]
[410, 302, 654.81]
[410, 301, 654.8175]
[410, 300, 654.7775]
[410, 299, 654.65]
[410, 298, 654.4575]
[410, 297, 654.1575]
[410, 296, 653.9725]
[410, 295, 653.745]
[410, 294, 653.4925]
[410, 293, 653.32]
[410, 292, 653.255]
[410, 291, 653.115]
[410, 290, 652.92]
[410, 289, 652.705]
[410, 288, 652.5275]
[410, 287, 652.41]
[410, 286, 652.3575]
[410, 285, 652.17]
[410, 284, 651.925]
[410, 283, 651.86]
[410, 282, 651.875]
[410, 281, 651.81]
[410, 280, 651.8925]
[410, 279, 651.8325]
[410, 278, 651.7175]
[410, 277, 651.7125]
[410, 276, 651.625]
[410, 275, 651.555]
[410, 274, 651.44]
[410, 273, 651.39]
[410, 272, 651.3125]
[410, 271, 651.2325]
[410, 270, 651.1475]
[410, 269, 650.9975]
[410, 268, 650.9025]
[410, 267, 650.78]
[410, 266, 650.645]
[410, 265, 650.54]
[410, 264, 650.3125]
[410, 263, 650.255]
[410, 262, 650.21]
[410, 261, 650.1575]
[410, 260, 650.0975]
[410, 259, 650.0225]
[410, 258, 649.8225]
[410, 257, 649.7075]
[410, 256, 649.52]
[410, 255, 649.3325]
[410, 254, 649.135]
[410, 253, 648.94]
[410, 252, 648.7175]
[410, 251, 648.4525]
[410, 250, 648.2]
[410, 249, 647.9325]
[410, 248, 647.7375]
[410, 247, 647.54]
[410, 246, 647.3675]
[410, 245, 647.19]
[410, 244, 647.0825]
[410, 243, 646.9675]
[410, 242, 646.765]
[410, 241, 646.5725]
[410, 240, 646.5525]
[410, 239, 646.5375]
[410, 238, 646.4225]
[410, 237, 646.2175]
[410, 236, 646.0975]
[410, 235, 645.9275]
[410, 234, 645.8475]
[410, 233, 645.5925]
[410, 232, 645.3925]
[410, 231, 645.2025]
[410, 230, 645.04]
[410, 229, 645.0925]
[410, 228, 645.215]
[410, 227, 645.0875]
[410, 226, 644.89]
[410, 225, 644.675]
[410, 224, 644.4725]
[410, 223, 644.345]
[410, 222, 644.2]
[410, 221, 644.0]
[410, 220, 643.8]
[410, 219, 643.6]
[410, 218, 643.405]
[410, 217, 643.225]
[410, 216, 642.9925]
[410, 215, 642.68]
[410, 214, 642.315]
[410, 213, 641.8375]
[410, 212, 641.515]
[410, 211, 641.4525]
[410, 210, 641.585]
[410, 209, 641.6775]
[410, 208, 641.6925]
[410, 207, 641.7525]
[410, 206, 641.775]
[410, 205, 641.76]
[410, 204, 641.7175]
[410, 203, 641.6875]
[410, 202, 641.66]
[410, 201, 641.6225]
[410, 200, 641.515]
[410, 199, 641.4525]
[410, 198, 641.315]
[410, 197, 641.155]
[410, 196, 641.0575]
[410, 195, 640.995]
[410, 194, 640.8225]
[410, 193, 640.695]
[410, 192, 640.5225]
[410, 191, 640.285]
[410, 190, 640.02]
[410, 189, 639.87]
[410, 188, 639.65]
[410, 187, 639.455]
[410, 186, 639.1675]
[410, 185, 638.955]
[410, 184, 638.8175]
[410, 183, 638.715]
[410, 182, 638.5825]
[410, 181, 638.37]
[410, 180, 638.105]
[410, 179, 637.635]
[410, 178, 637.1525]
[410, 177, 637.0575]
[410, 176, 637.0375]
[410, 175, 636.7825]
[410, 174, 636.475]
[410, 173, 636.0375]
[410, 172, 635.5775]
[410, 171, 635.255]
[410, 170, 634.9825]
[410, 169, 634.7325]
[410, 168, 634.52]
[410, 167, 634.3575]
[410, 166, 634.335]
[410, 165, 634.4275]
[410, 164, 634.505]
[410, 163, 634.6225]
[410, 162, 634.7225]
[410, 161, 634.805]
[410, 160, 634.7425]
[410, 159, 634.7375]
[410, 158, 634.6925]
[410, 157, 634.7075]
[410, 156, 634.7475]
[410, 155, 634.7225]
[410, 154, 634.545]
[410, 153, 634.4125]
[410, 152, 634.1975]
[410, 151, 634.07]
[410, 150, 633.98]
[410, 149, 633.81]
[410, 148, 633.6225]
[410, 147, 633.46]
[410, 146, 633.3125]
[410, 145, 633.2525]
[410, 144, 633.3125]
[410, 143, 633.3725]
[410, 142, 633.35]
[410, 141, 633.27]
[410, 140, 633.19]
[410, 139, 633.055]
[410, 138, 632.9025]
[410, 137, 632.7225]
[410, 136, 632.48]
[410, 135, 632.24]
[410, 134, 631.895]
[410, 133, 631.5325]
[410, 132, 631.1625]
[410, 131, 630.8675]
[410, 130, 630.58]
[410, 129, 630.315]
[410, 128, 630.0325]
[410, 127, 629.7975]
[410, 126, 629.76]
[410, 125, 629.66]
[410, 124, 629.5675]
[410, 123, 629.4525]
[410, 122, 629.4]
[410, 121, 629.39]
[410, 120, 629.2975]
[410, 119, 629.1525]
[410, 118, 629.115]
[410, 117, 629.0575]
[410, 116, 629.0475]
[410, 115, 628.9975]
[410, 114, 628.95]
[410, 113, 628.8875]
[410, 112, 628.9]
[410, 111, 628.8875]
[410, 110, 628.7725]
[410, 109, 628.6575]
[410, 108, 628.51]
[410, 107, 628.42]
[410, 106, 628.36]
[410, 105, 628.3425]
[410, 104, 628.34]
[410, 103, 628.235]
[410, 102, 628.175]
[410, 101, 628.125]
[410, 100, 628.1]
[410, 99, 627.97]
[410, 98, 627.82]
[410, 97, 627.775]
[410, 96, 627.9225]
[410, 95, 627.9425]
[410, 94, 628.005]
[410, 93, 628.05]
[410, 92, 628.065]
[410, 91, 628.03]
[410, 90, 627.965]
[410, 89, 627.9675]
[410, 88, 627.9725]
[410, 87, 627.9775]
[410, 86, 628.055]
[410, 85, 628.22]
[410, 84, 628.31]
[410, 83, 628.3125]
[410, 82, 628.3625]
[410, 81, 628.2575]
[410, 80, 628.3425]
[410, 79, 628.4925]
[410, 78, 628.605]
[410, 77, 628.6025]
[410, 76, 628.545]
[410, 75, 628.52]
[410, 74, 628.645]
[410, 73, 628.695]
[410, 72, 628.68]
[410, 71, 628.645]
[410, 70, 628.64]
[410, 69, 628.6625]
[410, 68, 628.655]
[410, 67, 628.525]
[410, 66, 628.3225]
[410, 65, 628.18]
[410, 64, 628.1725]
[410, 63, 628.2775]
[410, 62, 628.2225]
[410, 61, 628.1575]
[410, 60, 628.0225]
[410, 59, 627.925]
[410, 58, 627.7375]
[410, 57, 627.5975]
[410, 56, 627.48]
[410, 55, 627.31]
[410, 54, 627.215]
[410, 53, 627.045]
[410, 52, 626.7525]
[410, 51, 626.245]
[410, 50, 625.99]
[410, 49, 625.99]
[410, 48, 626.13]
[410, 47, 626.0775]
[410, 46, 626.045]
[410, 45, 625.9925]
[410, 44, 625.8125]
[410, 43, 625.59]
[410, 42, 625.1825]
[410, 41, 624.6475]
[410, 40, 623.88]
[410, 39, 623.2125]
[410, 38, 623.0]
[410, 37, 623.155]
[410, 36, 623.135]
[410, 35, 622.95]
[410, 34, 622.6525]
[410, 33, 622.3675]
[410, 32, 622.135]
[410, 31, 621.8925]
[410, 30, 621.675]
[410, 29, 621.7875]
[410, 28, 621.79]
[410, 27, 621.745]
[410, 26, 621.7175]
[410, 25, 621.6225]
[410, 24, 621.61]
[410, 23, 621.585]
[410, 22, 621.5]
[410, 21, 621.32]
[410, 20, 621.165]
[410, 19, 620.9925]
[410, 18, 620.8425]
[410, 17, 620.7275]
[410, 16, 620.5825]
[410, 15, 620.4225]
[410, 14, 620.2725]
[410, 13, 620.12]
[410, 12, 619.945]
[410, 11, 619.79]
[410, 10, 619.605]
[410, 9, 619.4075]
[410, 8, 619.2625]
[410, 7, 619.19]
[410, 6, 618.9825]
[410, 5, 618.7725]
[410, 4, 618.465]
[410, 3, 618.105]
[410, 2, 617.8675]
[410, 1, 617.6025]
[410, 0, 617.2525]
[420, 0, 612.4875]
[420, 1, 612.835]
[420, 2, 613.195]
[420, 3, 613.545]
[420, 4, 613.8575]
[420, 5, 614.125]
[420, 6, 614.2875]
[420, 7, 614.505]
[420, 8, 614.6575]
[420, 9, 614.7975]
[420, 10, 614.98]
[420, 11, 615.11]
[420, 12, 615.2625]
[420, 13, 615.37]
[420, 14, 615.4875]
[420, 15, 615.745]
[420, 16, 616.0475]
[420, 17, 616.1425]
[420, 18, 616.2675]
[420, 19, 616.445]
[420, 20, 616.655]
[420, 21, 616.805]
[420, 22, 616.94]
[420, 23, 617.09]
[420, 24, 617.11]
[420, 25, 617.085]
[420, 26, 617.1575]
[420, 27, 617.465]
[420, 28, 617.7275]
[420, 29, 617.875]
[420, 30, 617.915]
[420, 31, 617.9725]
[420, 32, 618.115]
[420, 33, 618.6725]
[420, 34, 619.2]
[420, 35, 619.44]
[420, 36, 619.64]
[420, 37, 619.8675]
[420, 38, 620.165]
[420, 39, 620.3375]
[420, 40, 620.43]
[420, 41, 620.4925]
[420, 42, 620.5225]
[420, 43, 620.685]
[420, 44, 621.2325]
[420, 45, 621.8875]
[420, 46, 622.41]
[420, 47, 622.87]
[420, 48, 623.02]
[420, 49, 623.435]
[420, 50, 623.7925]
[420, 51, 624.0675]
[420, 52, 624.2825]
[420, 53, 624.42]
[420, 54, 624.5825]
[420, 55, 624.77]
[420, 56, 624.95]
[420, 57, 625.0225]
[420, 58, 624.915]
[420, 59, 624.98]
[420, 60, 625.22]
[420, 61, 625.6275]
[420, 62, 625.835]
[420, 63, 625.9725]
[420, 64, 626.095]
[420, 65, 626.2375]
[420, 66, 626.3025]
[420, 67, 626.37]
[420, 68, 626.36]
[420, 69, 626.3775]
[420, 70, 626.4125]
[420, 71, 626.3025]
[420, 72, 626.3025]
[420, 73, 626.3275]
[420, 74, 626.32]
[420, 75, 626.325]
[420, 76, 626.2425]
[420, 77, 626.2175]
[420, 78, 626.1275]
[420, 79, 626.0375]
[420, 80, 625.985]
[420, 81, 625.9725]
[420, 82, 625.9475]
[420, 83, 625.88]
[420, 84, 625.5475]
[420, 85, 625.185]
[420, 86, 624.9475]
[420, 87, 624.7925]
[420, 88, 624.7175]
[420, 89, 624.7975]
[420, 90, 625.0625]
[420, 91, 625.1]
[420, 92, 624.9575]
[420, 93, 624.8]
[420, 94, 624.795]
[420, 95, 624.745]
[420, 96, 624.72]
[420, 97, 624.615]
[420, 98, 624.5525]
[420, 99, 624.5325]
[420, 100, 624.3275]
[420, 101, 624.2425]
[420, 102, 624.2375]
[420, 103, 624.25]
[420, 104, 624.2725]
[420, 105, 624.2625]
[420, 106, 624.265]
[420, 107, 624.285]
[420, 108, 624.3475]
[420, 109, 624.4525]
[420, 110, 624.57]
[420, 111, 624.695]
[420, 112, 624.775]
[420, 113, 624.89]
[420, 114, 624.95]
[420, 115, 625.045]
[420, 116, 625.06]
[420, 117, 625.07]
[420, 118, 625.1475]
[420, 119, 625.135]
[420, 120, 625.2125]
[420, 121, 625.295]
[420, 122, 625.4325]
[420, 123, 625.5325]
[420, 124, 625.655]
[420, 125, 625.7725]
[420, 126, 625.94]
[420, 127, 626.0075]
[420, 128, 626.0525]
[420, 129, 626.16]
[420, 130, 626.3925]
[420, 131, 626.56]
[420, 132, 626.66]
[420, 133, 626.765]
[420, 134, 626.9]
[420, 135, 626.995]
[420, 136, 627.1]
[420, 137, 627.15]
[420, 138, 627.2275]
[420, 139, 627.34]
[420, 140, 627.5325]
[420, 141, 627.64]
[420, 142, 627.875]
[420, 143, 627.975]
[420, 144, 628.0425]
[420, 145, 628.11]
[420, 146, 628.23]
[420, 147, 628.35]
[420, 148, 628.43]
[420, 149, 628.4875]
[420, 150, 628.515]
[420, 151, 628.5975]
[420, 152, 628.6725]
[420, 153, 628.735]
[420, 154, 628.7525]
[420, 155, 628.8575]
[420, 156, 628.9475]
[420, 157, 628.955]
[420, 158, 628.9825]
[420, 159, 628.9675]
[420, 160, 629.015]
[420, 161, 629.13]
[420, 162, 629.355]
[420, 163, 629.5425]
[420, 164, 629.69]
[420, 165, 629.79]
[420, 166, 629.9125]
[420, 167, 629.9975]
[420, 168, 630.065]
[420, 169, 630.0925]
[420, 170, 630.14]
[420, 171, 630.2875]
[420, 172, 630.4675]
[420, 173, 630.63]
[420, 174, 630.8125]
[420, 175, 630.8]
[420, 176, 630.925]
[420, 177, 631.065]
[420, 178, 631.145]
[420, 179, 631.275]
[420, 180, 631.4325]
[420, 181, 631.5575]
[420, 182, 631.6825]
[420, 183, 631.8475]
[420, 184, 631.9375]
[420, 185, 631.9925]
[420, 186, 631.9375]
[420, 187, 631.835]
[420, 188, 631.83]
[420, 189, 631.7275]
[420, 190, 631.69]
[420, 191, 631.8575]
[420, 192, 632.075]
[420, 193, 632.315]
[420, 194, 632.43]
[420, 195, 632.6275]
[420, 196, 632.78]
[420, 197, 632.905]
[420, 198, 632.8675]
[420, 199, 632.7925]
[420, 200, 632.805]
[420, 201, 632.795]
[420, 202, 632.7925]
[420, 203, 632.7925]
[420, 204, 632.775]
[420, 205, 632.57]
[420, 206, 632.54]
[420, 207, 632.535]
[420, 208, 632.4425]
[420, 209, 632.4]
[420, 210, 632.525]
[420, 211, 632.69]
[420, 212, 632.8425]
[420, 213, 632.975]
[420, 214, 633.1775]
[420, 215, 633.445]
[420, 216, 633.6225]
[420, 217, 633.7025]
[420, 218, 633.845]
[420, 219, 634.0925]
[420, 220, 634.355]
[420, 221, 634.5425]
[420, 222, 634.605]
[420, 223, 634.6925]
[420, 224, 634.6875]
[420, 225, 634.75]
[420, 226, 634.93]
[420, 227, 635.005]
[420, 228, 635.0325]
[420, 229, 635.015]
[420, 230, 635.0]
[420, 231, 635.0325]
[420, 232, 635.1225]
[420, 233, 635.2275]
[420, 234, 635.4]
[420, 235, 635.6375]
[420, 236, 635.9125]
[420, 237, 636.1725]
[420, 238, 636.3625]
[420, 239, 636.485]
[420, 240, 636.4975]
[420, 241, 636.6225]
[420, 242, 636.65]
[420, 243, 636.7225]
[420, 244, 636.8225]
[420, 245, 636.9975]
[420, 246, 637.1]
[420, 247, 637.205]
[420, 248, 637.355]
[420, 249, 637.5575]
[420, 250, 637.83]
[420, 251, 638.2425]
[420, 252, 638.585]
[420, 253, 638.77]
[420, 254, 638.8875]
[420, 255, 638.9775]
[420, 256, 639.11]
[420, 257, 639.16]
[420, 258, 639.095]
[420, 259, 638.965]
[420, 260, 638.845]
[420, 261, 638.86]
[420, 262, 639.0425]
[420, 263, 639.2775]
[420, 264, 639.4025]
[420, 265, 639.3975]
[420, 266, 639.4]
[420, 267, 639.5775]
[420, 268, 639.665]
[420, 269, 639.67]
[420, 270, 639.705]
[420, 271, 639.7275]
[420, 272, 639.88]
[420, 273, 640.015]
[420, 274, 640.1925]
[420, 275, 640.2875]
[420, 276, 640.4175]
[420, 277, 640.61]
[420, 278, 640.6325]
[420, 279, 640.65]
[420, 280, 640.74]
[420, 281, 640.74]
[420, 282, 640.7825]
[420, 283, 640.91]
[420, 284, 641.0175]
[420, 285, 641.2375]
[420, 286, 641.35]
[420, 287, 641.395]
[420, 288, 641.63]
[420, 289, 641.825]
[420, 290, 641.95]
[420, 291, 642.0175]
[420, 292, 642.05]
[420, 293, 642.2475]
[420, 294, 642.4875]
[420, 295, 642.735]
[420, 296, 642.8225]
[420, 297, 642.965]
[420, 298, 643.1425]
[420, 299, 643.235]
[420, 300, 643.2375]
[420, 301, 643.27]
[420, 302, 643.43]
[420, 303, 643.535]
[420, 304, 643.6425]
[420, 305, 643.795]
[420, 306, 643.9975]
[420, 307, 644.25]
[420, 308, 644.57]
[420, 309, 644.79]
[420, 310, 645.075]
[420, 311, 645.3375]
[420, 312, 645.5725]
[420, 313, 645.76]
[420, 314, 645.9575]
[420, 315, 646.12]
[420, 316, 646.3875]
[420, 317, 646.7125]
[420, 318, 647.035]
[420, 319, 647.3275]
[420, 320, 647.6425]
[420, 321, 647.9725]
[420, 322, 648.21]
[420, 323, 648.4475]
[420, 324, 648.5925]
[420, 325, 648.875]
[420, 326, 649.145]
[420, 327, 649.4775]
[420, 328, 649.7875]
[420, 329, 650.0875]
[420, 330, 650.2175]
[420, 331, 650.3725]
[420, 332, 650.5225]
[420, 333, 650.7375]
[420, 334, 650.95]
[420, 335, 651.09]
[420, 336, 651.2025]
[420, 337, 651.18]
[420, 338, 651.2525]
[420, 339, 651.42]
[420, 340, 651.5075]
[420, 341, 651.665]
[420, 342, 651.9225]
[420, 343, 652.255]
[420, 344, 652.665]
[420, 345, 653.01]
[420, 346, 653.3775]
[420, 347, 653.695]
[420, 348, 653.87]
[420, 349, 653.9775]
[420, 350, 654.225]
[420, 351, 654.5875]
[420, 352, 654.55]
[420, 353, 654.5275]
[420, 354, 654.7325]
[420, 355, 654.9875]
[420, 356, 655.285]
[420, 357, 655.5]
[420, 358, 655.6325]
[420, 359, 655.6875]
[420, 360, 655.615]
[420, 361, 655.6]
[420, 362, 655.7375]
[420, 363, 655.8325]
[420, 364, 656.0675]
[420, 365, 656.2]
[420, 366, 656.435]
[420, 367, 656.555]
[420, 368, 656.82]
[420, 369, 656.9375]
[420, 370, 656.95]
[420, 371, 657.325]
[420, 372, 657.48]
[420, 373, 657.73]
[420, 374, 658.065]
[420, 375, 658.17]
[420, 376, 658.1675]
[420, 377, 658.045]
[420, 378, 658.19]
[420, 379, 658.3]
[420, 380, 658.3775]
[420, 381, 658.38]
[420, 382, 658.3475]
[420, 383, 658.57]
[420, 384, 658.7675]
[420, 385, 658.9575]
[420, 386, 659.1525]
[420, 387, 659.3475]
[420, 388, 659.5625]
[420, 389, 659.6975]
[420, 390, 659.73]
[420, 391, 659.7775]
[420, 392, 659.8825]
[420, 393, 660.005]
[420, 394, 660.0475]
[420, 395, 660.03]
[420, 396, 660.2025]
[420, 397, 660.2725]
[420, 398, 660.385]
[420, 399, 660.4425]
[420, 400, 660.5025]
[420, 401, 660.3875]
[420, 402, 660.5525]
[420, 403, 660.5575]
[420, 404, 660.305]
[420, 405, 660.12]
[420, 406, 660.1475]
[420, 407, 660.415]
[420, 408, 660.7875]
[420, 409, 660.905]
[420, 410, 661.0825]
[420, 411, 661.395]
[420, 412, 661.625]
[420, 413, 661.82]
[420, 414, 662.1075]
[420, 415, 662.1775]
[420, 416, 662.2475]
[420, 417, 662.4575]
[420, 418, 662.69]
[420, 419, 662.905]
[420, 420, 663.0525]
[420, 421, 663.1325]
[420, 422, 663.0025]
[420, 423, 663.015]
[420, 424, 662.9125]
[420, 425, 662.78]
[420, 426, 662.6525]
[420, 427, 662.79]
[420, 428, 663.0425]
[420, 429, 663.435]
[420, 430, 663.865]
[420, 431, 664.165]
[420, 432, 664.355]
[420, 433, 664.5275]
[420, 434, 664.7625]
[420, 435, 665.115]
[420, 436, 665.5125]
[420, 437, 665.875]
[420, 438, 666.08]
[420, 439, 666.2075]
[420, 440, 666.3675]
[420, 441, 666.5975]
[420, 442, 666.7175]
[420, 443, 666.815]
[420, 444, 666.995]
[420, 445, 667.1925]
[420, 446, 667.3775]
[420, 447, 667.63]
[420, 448, 667.7975]
[420, 449, 668.0175]
[420, 450, 668.2425]
[420, 451, 668.3975]
[420, 452, 668.8375]
[420, 453, 669.095]
[420, 454, 669.33]
[420, 455, 669.535]
[420, 456, 669.7775]
[420, 457, 669.985]
[420, 458, 670.1925]
[420, 459, 670.3225]
[420, 460, 670.475]
[420, 461, 670.7075]
[420, 462, 670.9325]
[420, 463, 671.0875]
[420, 464, 671.2075]
[420, 465, 671.3675]
[420, 466, 671.5425]
[420, 467, 671.81]
[420, 468, 672.145]
[420, 469, 672.39]
[420, 470, 672.6]
[420, 471, 672.7575]
[420, 472, 672.88]
[420, 473, 673.0325]
[420, 474, 673.1925]
[420, 475, 673.31]
[420, 476, 673.4675]
[420, 477, 673.6875]
[420, 478, 673.965]
[420, 479, 674.2]
[420, 480, 674.465]
[420, 481, 674.7525]
[420, 482, 675.045]
[420, 483, 675.19]
[420, 484, 675.305]
[420, 485, 675.47]
[420, 486, 675.54]
[420, 487, 675.625]
[420, 488, 675.7825]
[420, 489, 676.0375]
[420, 490, 676.1675]
[420, 491, 676.41]
[420, 492, 676.6775]
[420, 493, 676.9075]
[420, 494, 677.1675]
[420, 495, 677.3875]
[420, 496, 677.655]
[420, 497, 677.9575]
[420, 498, 678.225]
[420, 499, 678.505]
[430, 499, 665.12]
[430, 498, 664.8925]
[430, 497, 664.6575]
[430, 496, 664.3775]
[430, 495, 664.2175]
[430, 494, 664.02]
[430, 493, 663.7925]
[430, 492, 663.495]
[430, 491, 663.285]
[430, 490, 663.1025]
[430, 489, 662.83]
[430, 488, 662.5475]
[430, 487, 662.3575]
[430, 486, 662.2175]
[430, 485, 662.06]
[430, 484, 661.8925]
[430, 483, 661.8175]
[430, 482, 661.69]
[430, 481, 661.57]
[430, 480, 661.325]
[430, 479, 661.1125]
[430, 478, 660.9675]
[430, 477, 660.8025]
[430, 476, 660.6375]
[430, 475, 660.4225]
[430, 474, 660.15]
[430, 473, 659.94]
[430, 472, 659.7375]
[430, 471, 659.5825]
[430, 470, 659.4275]
[430, 469, 659.2975]
[430, 468, 659.2225]
[430, 467, 659.02]
[430, 466, 658.8025]
[430, 465, 658.6675]
[430, 464, 658.505]
[430, 463, 658.3375]
[430, 462, 658.175]
[430, 461, 658.01]
[430, 460, 657.7725]
[430, 459, 657.495]
[430, 458, 657.35]
[430, 457, 657.1575]
[430, 456, 657.065]
[430, 455, 656.9375]
[430, 454, 656.7875]
[430, 453, 656.6125]
[430, 452, 656.41]
[430, 451, 656.165]
[430, 450, 655.8875]
[430, 449, 655.6225]
[430, 448, 655.4875]
[430, 447, 655.2825]
[430, 446, 655.06]
[430, 445, 654.98]
[430, 444, 654.8175]
[430, 443, 654.625]
[430, 442, 654.58]
[430, 441, 654.49]
[430, 440, 654.1725]
[430, 439, 653.91]
[430, 438, 653.71]
[430, 437, 653.4775]
[430, 436, 653.2525]
[430, 435, 652.965]
[430, 434, 652.4625]
[430, 433, 652.1775]
[430, 432, 651.925]
[430, 431, 651.7025]
[430, 430, 651.6375]
[430, 429, 651.5875]
[430, 428, 651.4575]
[430, 427, 651.2625]
[430, 426, 651.2075]
[430, 425, 651.155]
[430, 424, 651.0925]
[430, 423, 650.755]
[430, 422, 650.2]
[430, 421, 650.19]
[430, 420, 650.5]
[430, 419, 650.6325]
[430, 418, 650.6475]
[430, 417, 650.66]
[430, 416, 650.535]
[430, 415, 650.2975]
[430, 414, 650.1475]
[430, 413, 650.0125]
[430, 412, 649.9075]
[430, 411, 649.79]
[430, 410, 649.82]
[430, 409, 649.735]
[430, 408, 649.4325]
[430, 407, 649.1075]
[430, 406, 648.91]
[430, 405, 648.82]
[430, 404, 648.9575]
[430, 403, 649.02]
[430, 402, 649.04]
[430, 401, 649.24]
[430, 400, 649.375]
[430, 399, 649.3025]
[430, 398, 649.12]
[430, 397, 648.95]
[430, 396, 648.87]
[430, 395, 648.77]
[430, 394, 648.6875]
[430, 393, 648.57]
[430, 392, 648.4875]
[430, 391, 648.425]
[430, 390, 648.3475]
[430, 389, 648.3225]
[430, 388, 648.255]
[430, 387, 648.13]
[430, 386, 648.0025]
[430, 385, 647.865]
[430, 384, 647.7975]
[430, 383, 647.7125]
[430, 382, 647.5225]
[430, 381, 647.435]
[430, 380, 647.3075]
[430, 379, 647.11]
[430, 378, 646.9925]
[430, 377, 646.7175]
[430, 376, 646.595]
[430, 375, 646.6075]
[430, 374, 646.62]
[430, 373, 646.695]
[430, 372, 646.615]
[430, 371, 646.525]
[430, 370, 646.38]
[430, 369, 646.205]
[430, 368, 646.2225]
[430, 367, 646.185]
[430, 366, 646.1075]
[430, 365, 645.96]
[430, 364, 645.7075]
[430, 363, 645.545]
[430, 362, 645.405]
[430, 361, 645.1825]
[430, 360, 645.005]
[430, 359, 644.7]
[430, 358, 644.3775]
[430, 357, 644.24]
[430, 356, 644.085]
[430, 355, 643.875]
[430, 354, 643.57]
[430, 353, 643.3775]
[430, 352, 643.16]
[430, 351, 642.975]
[430, 350, 642.78]
[430, 349, 642.645]
[430, 348, 642.4975]
[430, 347, 642.4075]
[430, 346, 642.3475]
[430, 345, 642.1925]
[430, 344, 642.0475]
[430, 343, 641.7275]
[430, 342, 641.425]
[430, 341, 641.125]
[430, 340, 640.9275]
[430, 339, 640.83]
[430, 338, 640.6925]
[430, 337, 640.545]
[430, 336, 640.43]
[430, 335, 640.2425]
[430, 334, 640.0925]
[430, 333, 640.025]
[430, 332, 639.9825]
[430, 331, 639.9]
[430, 330, 639.7025]
[430, 329, 639.4975]
[430, 328, 639.175]
[430, 327, 639.0375]
[430, 326, 638.9775]
[430, 325, 638.895]
[430, 324, 638.6575]
[430, 323, 638.4475]
[430, 322, 638.175]
[430, 321, 637.9075]
[430, 320, 637.6675]
[430, 319, 637.3075]
[430, 318, 636.965]
[430, 317, 636.545]
[430, 316, 636.0575]
[430, 315, 635.57]
[430, 314, 635.345]
[430, 313, 635.27]
[430, 312, 635.25]
[430, 311, 635.12]
[430, 310, 635.06]
[430, 309, 634.9625]
[430, 308, 634.81]
[430, 307, 634.635]
[430, 306, 634.46]
[430, 305, 634.2125]
[430, 304, 633.985]
[430, 303, 633.7]
[430, 302, 633.525]
[430, 301, 633.3375]
[430, 300, 633.2825]
[430, 299, 633.23]
[430, 298, 633.21]
[430, 297, 633.11]
[430, 296, 632.9125]
[430, 295, 632.7475]
[430, 294, 632.61]
[430, 293, 632.4275]
[430, 292, 632.285]
[430, 291, 632.2]
[430, 290, 632.0425]
[430, 289, 631.78]
[430, 288, 631.4725]
[430, 287, 631.18]
[430, 286, 630.855]
[430, 285, 630.53]
[430, 284, 630.0925]
[430, 283, 629.6875]
[430, 282, 629.515]
[430, 281, 629.2925]
[430, 280, 629.09]
[430, 279, 628.955]
[430, 278, 628.815]
[430, 277, 628.7075]
[430, 276, 628.7425]
[430, 275, 628.85]
[430, 274, 628.9975]
[430, 273, 628.97]
[430, 272, 628.9325]
[430, 271, 628.865]
[430, 270, 628.7725]
[430, 269, 628.625]
[430, 268, 628.4375]
[430, 267, 628.3325]
[430, 266, 628.2175]
[430, 265, 628.055]
[430, 264, 627.88]
[430, 263, 627.8175]
[430, 262, 627.7325]
[430, 261, 627.6875]
[430, 260, 627.6975]
[430, 259, 627.6325]
[430, 258, 627.58]
[430, 257, 627.47]
[430, 256, 627.37]
[430, 255, 627.32]
[430, 254, 627.2325]
[430, 253, 627.05]
[430, 252, 626.9025]
[430, 251, 626.74]
[430, 250, 626.9275]
[430, 249, 627.3525]
[430, 248, 627.59]
[430, 247, 627.6525]
[430, 246, 627.465]
[430, 245, 627.2925]
[430, 244, 627.325]
[430, 243, 627.5525]
[430, 242, 627.48]
[430, 241, 627.275]
[430, 240, 627.08]
[430, 239, 627.11]
[430, 238, 626.985]
[430, 237, 626.785]
[430, 236, 626.7325]
[430, 235, 626.645]
[430, 234, 626.7575]
[430, 233, 626.915]
[430, 232, 626.96]
[430, 231, 626.9225]
[430, 230, 626.8]
[430, 229, 626.705]
[430, 228, 626.485]
[430, 227, 626.205]
[430, 226, 625.91]
[430, 225, 625.6025]
[430, 224, 625.2925]
[430, 223, 625.0825]
[430, 222, 624.9775]
[430, 221, 624.8175]
[430, 220, 624.66]
[430, 219, 624.575]
[430, 218, 624.54]
[430, 217, 624.525]
[430, 216, 624.685]
[430, 215, 624.8225]
[430, 214, 624.81]
[430, 213, 624.76]
[430, 212, 624.7325]
[430, 211, 624.64]
[430, 210, 624.565]
[430, 209, 624.475]
[430, 208, 624.415]
[430, 207, 624.3875]
[430, 206, 624.45]
[430, 205, 624.49]
[430, 204, 624.4375]
[430, 203, 624.16]
[430, 202, 623.83]
[430, 201, 623.6025]
[430, 200, 623.5275]
[430, 199, 623.5075]
[430, 198, 623.4075]
[430, 197, 623.405]
[430, 196, 623.3675]
[430, 195, 623.27]
[430, 194, 623.24]
[430, 193, 623.23]
[430, 192, 623.25]
[430, 191, 623.3075]
[430, 190, 623.2975]
[430, 189, 623.3025]
[430, 188, 623.275]
[430, 187, 623.2925]
[430, 186, 623.3725]
[430, 185, 623.48]
[430, 184, 623.5625]
[430, 183, 623.6525]
[430, 182, 623.68]
[430, 181, 623.795]
[430, 180, 623.8325]
[430, 179, 623.875]
[430, 178, 623.9725]
[430, 177, 623.9975]
[430, 176, 624.12]
[430, 175, 624.305]
[430, 174, 624.325]
[430, 173, 624.375]
[430, 172, 624.375]
[430, 171, 624.39]
[430, 170, 624.3975]
[430, 169, 624.4]
[430, 168, 624.3175]
[430, 167, 624.27]
[430, 166, 624.315]
[430, 165, 624.295]
[430, 164, 624.285]
[430, 163, 624.2875]
[430, 162, 624.2325]
[430, 161, 624.125]
[430, 160, 624.18]
[430, 159, 624.3075]
[430, 158, 624.37]
[430, 157, 624.38]
[430, 156, 624.3425]
[430, 155, 624.3975]
[430, 154, 624.4175]
[430, 153, 624.505]
[430, 152, 624.4825]
[430, 151, 624.395]
[430, 150, 624.35]
[430, 149, 624.22]
[430, 148, 624.115]
[430, 147, 624.0275]
[430, 146, 623.955]
[430, 145, 623.9075]
[430, 144, 623.8075]
[430, 143, 623.7925]
[430, 142, 623.7375]
[430, 141, 623.5675]
[430, 140, 623.3575]
[430, 139, 623.145]
[430, 138, 622.9125]
[430, 137, 622.78]
[430, 136, 622.64]
[430, 135, 622.5325]
[430, 134, 622.3675]
[430, 133, 622.1675]
[430, 132, 622.0575]
[430, 131, 621.9625]
[430, 130, 621.9025]
[430, 129, 621.835]
[430, 128, 621.83]
[430, 127, 621.775]
[430, 126, 621.6575]
[430, 125, 621.695]
[430, 124, 621.6325]
[430, 123, 621.6875]
[430, 122, 621.755]
[430, 121, 621.715]
[430, 120, 621.7325]
[430, 119, 621.6825]
[430, 118, 621.5825]
[430, 117, 621.5375]
[430, 116, 621.4375]
[430, 115, 621.29]
[430, 114, 621.16]
[430, 113, 621.0875]
[430, 112, 621.0125]
[430, 111, 620.985]
[430, 110, 620.95]
[430, 109, 620.95]
[430, 108, 620.9425]
[430, 107, 621.0075]
[430, 106, 621.0675]
[430, 105, 621.03]
[430, 104, 621.095]
[430, 103, 621.1975]
[430, 102, 621.205]
[430, 101, 621.3225]
[430, 100, 621.3675]
[430, 99, 621.32]
[430, 98, 621.2675]
[430, 97, 621.365]
[430, 96, 621.59]
[430, 95, 621.7425]
[430, 94, 621.7475]
[430, 93, 621.695]
[430, 92, 621.7525]
[430, 91, 621.9775]
[430, 90, 622.1025]
[430, 89, 622.3475]
[430, 88, 622.4525]
[430, 87, 622.57]
[430, 86, 622.8225]
[430, 85, 623.0575]
[430, 84, 623.235]
[430, 83, 623.28]
[430, 82, 623.215]
[430, 81, 623.255]
[430, 80, 623.36]
[430, 79, 623.4575]
[430, 78, 623.56]
[430, 77, 623.67]
[430, 76, 623.7]
[430, 75, 623.835]
[430, 74, 624.03]
[430, 73, 624.175]
[430, 72, 624.2375]
[430, 71, 624.3175]
[430, 70, 624.3575]
[430, 69, 624.37]
[430, 68, 624.345]
[430, 67, 624.3025]
[430, 66, 624.22]
[430, 65, 624.165]
[430, 64, 624.01]
[430, 63, 623.8725]
[430, 62, 623.705]
[430, 61, 623.5125]
[430, 60, 623.2825]
[430, 59, 623.045]
[430, 58, 622.6975]
[430, 57, 622.3775]
[430, 56, 622.12]
[430, 55, 621.7225]
[430, 54, 621.0825]
[430, 53, 620.58]
[430, 52, 620.4275]
[430, 51, 620.32]
[430, 50, 619.99]
[430, 49, 619.6275]
[430, 48, 619.2775]
[430, 47, 618.9025]
[430, 46, 618.4775]
[430, 45, 618.1225]
[430, 44, 617.825]
[430, 43, 617.525]
[430, 42, 617.1925]
[430, 41, 616.845]
[430, 40, 616.465]
[430, 39, 616.005]
[430, 38, 615.48]
[430, 37, 614.9125]
[430, 36, 614.5375]
[430, 35, 614.465]
[430, 34, 614.54]
[430, 33, 614.455]
[430, 32, 614.275]
[430, 31, 614.075]
[430, 30, 613.815]
[430, 29, 613.4275]
[430, 28, 612.5675]
[430, 27, 611.83]
[430, 26, 612.005]
[430, 25, 612.305]
[430, 24, 612.175]
[430, 23, 611.9325]
[430, 22, 611.7525]
[430, 21, 611.5675]
[430, 20, 611.335]
[430, 19, 611.265]
[430, 18, 611.175]
[430, 17, 611.06]
[430, 16, 610.9]
[430, 15, 610.76]
[430, 14, 610.625]
[430, 13, 610.44]
[430, 12, 610.2]
[430, 11, 609.975]
[430, 10, 609.8025]
[430, 9, 609.62]
[430, 8, 609.4175]
[430, 7, 609.2125]
[430, 6, 609.03]
[430, 5, 608.89]
[430, 4, 608.6575]
[430, 3, 608.4325]
[430, 2, 608.1475]
[430, 1, 607.885]
[430, 0, 607.605]
[440, 0, 602.5875]
[440, 1, 602.74]
[440, 2, 602.9175]
[440, 3, 603.0275]
[440, 4, 603.1675]
[440, 5, 603.3725]
[440, 6, 603.5175]
[440, 7, 603.7]
[440, 8, 603.925]
[440, 9, 604.11]
[440, 10, 604.2425]
[440, 11, 604.53]
[440, 12, 604.8]
[440, 13, 605.03]
[440, 14, 605.3025]
[440, 15, 605.5675]
[440, 16, 605.86]
[440, 17, 606.26]
[440, 18, 606.4575]
[440, 19, 606.53]
[440, 20, 606.6225]
[440, 21, 606.7625]
[440, 22, 606.875]
[440, 23, 606.6725]
[440, 24, 606.325]
[440, 25, 607.0475]
[440, 26, 607.63]
[440, 27, 608.07]
[440, 28, 608.4]
[440, 29, 608.695]
[440, 30, 608.98]
[440, 31, 609.1325]
[440, 32, 609.0475]
[440, 33, 609.13]
[440, 34, 609.775]
[440, 35, 610.2775]
[440, 36, 610.705]
[440, 37, 611.125]
[440, 38, 611.4625]
[440, 39, 611.79]
[440, 40, 612.105]
[440, 41, 612.26]
[440, 42, 612.3225]
[440, 43, 612.6525]
[440, 44, 612.89]
[440, 45, 613.375]
[440, 46, 613.8675]
[440, 47, 614.255]
[440, 48, 614.645]
[440, 49, 615.04]
[440, 50, 615.53]
[440, 51, 616.0325]
[440, 52, 616.52]
[440, 53, 617.0]
[440, 54, 617.46]
[440, 55, 617.92]
[440, 56, 618.3575]
[440, 57, 618.75]
[440, 58, 619.0825]
[440, 59, 619.3625]
[440, 60, 619.65]
[440, 61, 619.985]
[440, 62, 620.1825]
[440, 63, 620.3525]
[440, 64, 620.51]
[440, 65, 620.62]
[440, 66, 620.73]
[440, 67, 620.7775]
[440, 68, 620.875]
[440, 69, 620.9925]
[440, 70, 621.1025]
[440, 71, 621.1525]
[440, 72, 621.2375]
[440, 73, 621.2375]
[440, 74, 621.2]
[440, 75, 621.1325]
[440, 76, 621.0825]
[440, 77, 620.995]
[440, 78, 620.9175]
[440, 79, 620.785]
[440, 80, 620.66]
[440, 81, 620.6225]
[440, 82, 620.51]
[440, 83, 620.3525]
[440, 84, 620.245]
[440, 85, 620.1725]
[440, 86, 620.1025]
[440, 87, 620.0125]
[440, 88, 619.8925]
[440, 89, 619.7675]
[440, 90, 619.6225]
[440, 91, 619.3975]
[440, 92, 619.115]
[440, 93, 619.0875]
[440, 94, 619.0425]
[440, 95, 618.9725]
[440, 96, 618.8825]
[440, 97, 618.82]
[440, 98, 618.735]
[440, 99, 618.5675]
[440, 100, 618.3875]
[440, 101, 618.26]
[440, 102, 618.2125]
[440, 103, 618.1875]
[440, 104, 618.0925]
[440, 105, 617.9175]
[440, 106, 617.8725]
[440, 107, 617.725]
[440, 108, 617.5725]
[440, 109, 617.5975]
[440, 110, 617.6075]
[440, 111, 617.625]
[440, 112, 617.505]
[440, 113, 617.26]
[440, 114, 617.0725]
[440, 115, 616.965]
[440, 116, 616.935]
[440, 117, 616.9275]
[440, 118, 616.9725]
[440, 119, 617.0325]
[440, 120, 617.0175]
[440, 121, 616.98]
[440, 122, 616.97]
[440, 123, 616.945]
[440, 124, 616.9225]
[440, 125, 616.95]
[440, 126, 616.915]
[440, 127, 616.6925]
[440, 128, 616.865]
[440, 129, 616.87]
[440, 130, 616.75]
[440, 131, 616.56]
[440, 132, 616.4125]
[440, 133, 616.2475]
[440, 134, 616.27]
[440, 135, 616.2475]
[440, 136, 616.3175]
[440, 137, 616.425]
[440, 138, 616.5275]
[440, 139, 616.545]
[440, 140, 616.5525]
[440, 141, 616.5825]
[440, 142, 616.61]
[440, 143, 616.605]
[440, 144, 616.5775]
[440, 145, 616.5575]
[440, 146, 616.4925]
[440, 147, 616.525]
[440, 148, 616.495]
[440, 149, 616.4525]
[440, 150, 616.5375]
[440, 151, 616.6375]
[440, 152, 616.6975]
[440, 153, 616.7775]
[440, 154, 616.815]
[440, 155, 616.8375]
[440, 156, 616.825]
[440, 157, 616.8075]
[440, 158, 616.8425]
[440, 159, 616.9125]
[440, 160, 617.025]
[440, 161, 617.075]
[440, 162, 616.965]
[440, 163, 616.995]
[440, 164, 617.0625]
[440, 165, 617.1925]
[440, 166, 617.2425]
[440, 167, 617.32]
[440, 168, 617.3475]
[440, 169, 617.3325]
[440, 170, 617.3325]
[440, 171, 617.3]
[440, 172, 617.1825]
[440, 173, 617.165]
[440, 174, 617.1725]
[440, 175, 617.0725]
[440, 176, 616.975]
[440, 177, 616.9025]
[440, 178, 616.8825]
[440, 179, 616.77]
[440, 180, 616.6375]
[440, 181, 616.605]
[440, 182, 616.6575]
[440, 183, 616.6575]
[440, 184, 616.6575]
[440, 185, 616.66]
[440, 186, 616.65]
[440, 187, 616.51]
[440, 188, 616.3725]
[440, 189, 616.21]
[440, 190, 616.055]
[440, 191, 615.96]
[440, 192, 615.965]
[440, 193, 615.92]
[440, 194, 615.9625]
[440, 195, 616.02]
[440, 196, 615.935]
[440, 197, 615.8375]
[440, 198, 615.9125]
[440, 199, 615.9875]
[440, 200, 616.02]
[440, 201, 616.07]
[440, 202, 616.0625]
[440, 203, 616.0825]
[440, 204, 616.255]
[440, 205, 616.435]
[440, 206, 616.6225]
[440, 207, 616.7475]
[440, 208, 616.8425]
[440, 209, 616.9625]
[440, 210, 617.0175]
[440, 211, 616.915]
[440, 212, 616.6775]
[440, 213, 616.4325]
[440, 214, 616.055]
[440, 215, 615.8825]
[440, 216, 615.83]
[440, 217, 615.705]
[440, 218, 615.555]
[440, 219, 615.375]
[440, 220, 615.2075]
[440, 221, 615.1525]
[440, 222, 615.16]
[440, 223, 615.2175]
[440, 224, 615.37]
[440, 225, 615.44]
[440, 226, 615.505]
[440, 227, 615.495]
[440, 228, 615.4675]
[440, 229, 615.4975]
[440, 230, 615.5675]
[440, 231, 615.6925]
[440, 232, 615.7475]
[440, 233, 615.7775]
[440, 234, 615.8975]
[440, 235, 616.015]
[440, 236, 615.945]
[440, 237, 615.77]
[440, 238, 615.6825]
[440, 239, 615.5925]
[440, 240, 615.57]
[440, 241, 615.5225]
[440, 242, 615.49]
[440, 243, 615.6025]
[440, 244, 615.83]
[440, 245, 615.81]
[440, 246, 615.74]
[440, 247, 615.7425]
[440, 248, 615.645]
[440, 249, 615.5825]
[440, 250, 615.5175]
[440, 251, 615.43]
[440, 252, 615.48]
[440, 253, 615.6]
[440, 254, 615.87]
[440, 255, 616.0725]
[440, 256, 616.21]
[440, 257, 616.305]
[440, 258, 616.5475]
[440, 259, 616.7325]
[440, 260, 616.8925]
[440, 261, 616.895]
[440, 262, 616.905]
[440, 263, 616.985]
[440, 264, 617.1275]
[440, 265, 617.37]
[440, 266, 617.595]
[440, 267, 617.7075]
[440, 268, 617.815]
[440, 269, 617.8875]
[440, 270, 617.9225]
[440, 271, 617.835]
[440, 272, 617.9025]
[440, 273, 617.9525]
[440, 274, 618.07]
[440, 275, 618.185]
[440, 276, 618.3525]
[440, 277, 618.56]
[440, 278, 618.825]
[440, 279, 619.0975]
[440, 280, 619.46]
[440, 281, 619.82]
[440, 282, 620.1975]
[440, 283, 620.5125]
[440, 284, 620.8175]
[440, 285, 621.1375]
[440, 286, 621.465]
[440, 287, 621.6825]
[440, 288, 621.865]
[440, 289, 622.1025]
[440, 290, 622.3025]
[440, 291, 622.55]
[440, 292, 622.7275]
[440, 293, 622.9325]
[440, 294, 623.2325]
[440, 295, 623.4525]
[440, 296, 623.71]
[440, 297, 623.8525]
[440, 298, 623.965]
[440, 299, 624.02]
[440, 300, 624.0925]
[440, 301, 624.165]
[440, 302, 624.325]
[440, 303, 624.51]
[440, 304, 624.6725]
[440, 305, 624.8725]
[440, 306, 625.0325]
[440, 307, 625.2025]
[440, 308, 625.315]
[440, 309, 625.45]
[440, 310, 625.6275]
[440, 311, 625.7275]
[440, 312, 625.845]
[440, 313, 625.86]
[440, 314, 625.8225]
[440, 315, 625.8475]
[440, 316, 625.7925]
[440, 317, 625.9475]
[440, 318, 626.3525]
[440, 319, 626.83]
[440, 320, 627.33]
[440, 321, 627.7075]
[440, 322, 627.96]
[440, 323, 628.15]
[440, 324, 628.335]
[440, 325, 628.5575]
[440, 326, 628.84]
[440, 327, 629.015]
[440, 328, 629.1675]
[440, 329, 629.4625]
[440, 330, 629.83]
[440, 331, 630.0475]
[440, 332, 630.2175]
[440, 333, 630.45]
[440, 334, 630.6225]
[440, 335, 630.85]
[440, 336, 631.02]
[440, 337, 631.2775]
[440, 338, 631.59]
[440, 339, 631.81]
[440, 340, 631.985]
[440, 341, 632.0675]
[440, 342, 632.0525]
[440, 343, 632.1375]
[440, 344, 632.2675]
[440, 345, 632.4075]
[440, 346, 632.5175]
[440, 347, 632.585]
[440, 348, 632.65]
[440, 349, 632.8175]
[440, 350, 632.875]
[440, 351, 632.92]
[440, 352, 633.06]
[440, 353, 633.1575]
[440, 354, 633.305]
[440, 355, 633.405]
[440, 356, 633.6725]
[440, 357, 633.8225]
[440, 358, 633.975]
[440, 359, 634.0475]
[440, 360, 634.0525]
[440, 361, 633.9725]
[440, 362, 634.1025]
[440, 363, 634.3075]
[440, 364, 634.62]
[440, 365, 634.9625]
[440, 366, 635.2675]
[440, 367, 635.5375]
[440, 368, 635.7425]
[440, 369, 635.8925]
[440, 370, 635.9175]
[440, 371, 635.8725]
[440, 372, 635.7675]
[440, 373, 635.555]
[440, 374, 635.52]
[440, 375, 635.665]
[440, 376, 635.72]
[440, 377, 635.8925]
[440, 378, 636.14]
[440, 379, 636.3125]
[440, 380, 636.4]
[440, 381, 636.5925]
[440, 382, 636.725]
[440, 383, 636.885]
[440, 384, 637.2025]
[440, 385, 637.455]
[440, 386, 637.61]
[440, 387, 637.72]
[440, 388, 637.78]
[440, 389, 637.7775]
[440, 390, 637.77]
[440, 391, 637.73]
[440, 392, 637.655]
[440, 393, 637.67]
[440, 394, 637.72]
[440, 395, 637.785]
[440, 396, 637.9275]
[440, 397, 638.065]
[440, 398, 638.1125]
[440, 399, 638.2625]
[440, 400, 638.385]
[440, 401, 638.4925]
[440, 402, 638.4725]
[440, 403, 638.5775]
[440, 404, 638.7825]
[440, 405, 638.695]
[440, 406, 638.885]
[440, 407, 639.095]
[440, 408, 639.205]
[440, 409, 639.3325]
[440, 410, 639.5025]
[440, 411, 639.5575]
[440, 412, 639.565]
[440, 413, 639.4525]
[440, 414, 639.3775]
[440, 415, 639.36]
[440, 416, 639.535]
[440, 417, 639.6]
[440, 418, 639.67]
[440, 419, 639.7175]
[440, 420, 639.6975]
[440, 421, 639.7525]
[440, 422, 639.8]
[440, 423, 639.7725]
[440, 424, 639.8275]
[440, 425, 639.9125]
[440, 426, 640.14]
[440, 427, 640.2925]
[440, 428, 640.44]
[440, 429, 640.59]
[440, 430, 640.7975]
[440, 431, 641.085]
[440, 432, 641.18]
[440, 433, 641.2025]
[440, 434, 641.19]
[440, 435, 641.2125]
[440, 436, 641.15]
[440, 437, 641.3275]
[440, 438, 641.38]
[440, 439, 641.3325]
[440, 440, 641.4625]
[440, 441, 641.8725]
[440, 442, 642.1875]
[440, 443, 642.555]
[440, 444, 642.83]
[440, 445, 643.0625]
[440, 446, 643.1675]
[440, 447, 643.2775]
[440, 448, 643.4425]
[440, 449, 643.6575]
[440, 450, 643.815]
[440, 451, 644.0575]
[440, 452, 644.18]
[440, 453, 644.3425]
[440, 454, 644.5775]
[440, 455, 644.7925]
[440, 456, 645.0275]
[440, 457, 645.1875]
[440, 458, 645.355]
[440, 459, 645.45]
[440, 460, 645.4875]
[440, 461, 645.59]
[440, 462, 645.7325]
[440, 463, 645.8775]
[440, 464, 646.075]
[440, 465, 646.1775]
[440, 466, 646.39]
[440, 467, 646.57]
[440, 468, 646.675]
[440, 469, 646.7675]
[440, 470, 647.0725]
[440, 471, 647.2725]
[440, 472, 647.36]
[440, 473, 647.59]
[440, 474, 647.835]
[440, 475, 648.0375]
[440, 476, 648.1425]
[440, 477, 648.34]
[440, 478, 648.4775]
[440, 479, 648.5]
[440, 480, 648.68]
[440, 481, 648.8775]
[440, 482, 649.1575]
[440, 483, 649.345]
[440, 484, 649.53]
[440, 485, 649.78]
[440, 486, 649.9375]
[440, 487, 650.0325]
[440, 488, 650.13]
[440, 489, 650.19]
[440, 490, 650.3325]
[440, 491, 650.4975]
[440, 492, 650.7075]
[440, 493, 650.8675]
[440, 494, 650.95]
[440, 495, 651.0925]
[440, 496, 651.285]
[440, 497, 651.5025]
[440, 498, 651.745]
[440, 499, 651.9325]
[450, 499, 639.5325]
[450, 498, 639.44]
[450, 497, 639.4025]
[450, 496, 639.3675]
[450, 495, 639.375]
[450, 494, 639.3775]
[450, 493, 639.315]
[450, 492, 639.2775]
[450, 491, 639.24]
[450, 490, 639.12]
[450, 489, 638.9275]
[450, 488, 638.8175]
[450, 487, 638.7025]
[450, 486, 638.6125]
[450, 485, 638.5125]
[450, 484, 638.365]
[450, 483, 638.1575]
[450, 482, 637.9475]
[450, 481, 637.715]
[450, 480, 637.43]
[450, 479, 637.26]
[450, 478, 637.0675]
[450, 477, 636.9375]
[450, 476, 636.7875]
[450, 475, 636.67]
[450, 474, 636.53]
[450, 473, 636.3675]
[450, 472, 636.195]
[450, 471, 636.07]
[450, 470, 635.89]
[450, 469, 635.695]
[450, 468, 635.55]
[450, 467, 635.4225]
[450, 466, 635.385]
[450, 465, 635.2575]
[450, 464, 635.1075]
[450, 463, 634.9125]
[450, 462, 634.7025]
[450, 461, 634.6025]
[450, 460, 634.47]
[450, 459, 634.3625]
[450, 458, 634.285]
[450, 457, 634.235]
[450, 456, 634.16]
[450, 455, 634.0875]
[450, 454, 633.8825]
[450, 453, 633.6625]
[450, 452, 633.45]
[450, 451, 633.2225]
[450, 450, 633.0325]
[450, 449, 632.8575]
[450, 448, 632.7675]
[450, 447, 632.72]
[450, 446, 632.6275]
[450, 445, 632.5375]
[450, 444, 632.425]
[450, 443, 632.085]
[450, 442, 631.62]
[450, 441, 631.025]
[450, 440, 630.4925]
[450, 439, 630.0775]
[450, 438, 629.645]
[450, 437, 629.29]
[450, 436, 629.225]
[450, 435, 629.415]
[450, 434, 629.515]
[450, 433, 629.6025]
[450, 432, 629.7475]
[450, 431, 629.905]
[450, 430, 629.945]
[450, 429, 629.9925]
[450, 428, 630.05]
[450, 427, 630.045]
[450, 426, 629.915]
[450, 425, 629.835]
[450, 424, 629.825]
[450, 423, 629.815]
[450, 422, 629.6325]
[450, 421, 629.625]
[450, 420, 629.6325]
[450, 419, 629.52]
[450, 418, 629.4475]
[450, 417, 629.5175]
[450, 416, 629.37]
[450, 415, 628.9725]
[450, 414, 628.725]
[450, 413, 628.705]
[450, 412, 628.64]
[450, 411, 628.695]
[450, 410, 628.77]
[450, 409, 628.705]
[450, 408, 628.575]
[450, 407, 628.725]
[450, 406, 628.7225]
[450, 405, 628.5725]
[450, 404, 628.605]
[450, 403, 628.585]
[450, 402, 628.36]
[450, 401, 628.235]
[450, 400, 628.155]
[450, 399, 628.1]
[450, 398, 628.155]
[450, 397, 628.225]
[450, 396, 628.2875]
[450, 395, 628.1375]
[450, 394, 628.0175]
[450, 393, 627.8925]
[450, 392, 627.7575]
[450, 391, 627.625]
[450, 390, 627.445]
[450, 389, 627.23]
[450, 388, 626.9775]
[450, 387, 626.7625]
[450, 386, 626.6375]
[450, 385, 626.63]
[450, 384, 626.6125]
[450, 383, 626.4875]
[450, 382, 626.48]
[450, 381, 626.435]
[450, 380, 626.3575]
[450, 379, 626.2525]
[450, 378, 626.0675]
[450, 377, 625.98]
[450, 376, 625.8825]
[450, 375, 625.705]
[450, 374, 625.545]
[450, 373, 625.41]
[450, 372, 625.3275]
[450, 371, 625.3125]
[450, 370, 625.2625]
[450, 369, 625.1675]
[450, 368, 624.925]
[450, 367, 624.58]
[450, 366, 624.2775]
[450, 365, 624.0475]
[450, 364, 623.9425]
[450, 363, 623.915]
[450, 362, 623.8975]
[450, 361, 623.8075]
[450, 360, 623.7975]
[450, 359, 623.7075]
[450, 358, 623.7475]
[450, 357, 623.815]
[450, 356, 623.8625]
[450, 355, 623.7425]
[450, 354, 623.53]
[450, 353, 623.2925]
[450, 352, 623.125]
[450, 351, 622.9575]
[450, 350, 622.84]
[450, 349, 622.77]
[450, 348, 622.5825]
[450, 347, 622.5125]
[450, 346, 622.32]
[450, 345, 622.2725]
[450, 344, 622.29]
[450, 343, 622.2525]
[450, 342, 622.23]
[450, 341, 622.2775]
[450, 340, 622.1675]
[450, 339, 622.085]
[450, 338, 621.995]
[450, 337, 621.89]
[450, 336, 621.81]
[450, 335, 621.8225]
[450, 334, 621.7025]
[450, 333, 621.475]
[450, 332, 621.1525]
[450, 331, 620.795]
[450, 330, 620.55]
[450, 329, 620.2375]
[450, 328, 619.9675]
[450, 327, 619.7325]
[450, 326, 619.635]
[450, 325, 619.395]
[450, 324, 618.9675]
[450, 323, 618.6675]
[450, 322, 618.2575]
[450, 321, 617.8525]
[450, 320, 617.43]
[450, 319, 617.1475]
[450, 318, 616.835]
[450, 317, 616.4475]
[450, 316, 615.95]
[450, 315, 615.7175]
[450, 314, 615.5375]
[450, 313, 615.3075]
[450, 312, 615.125]
[450, 311, 615.0025]
[450, 310, 614.9425]
[450, 309, 614.835]
[450, 308, 614.8075]
[450, 307, 614.875]
[450, 306, 614.98]
[450, 305, 615.115]
[450, 304, 615.1775]
[450, 303, 615.275]
[450, 302, 615.255]
[450, 301, 615.1525]
[450, 300, 615.1975]
[450, 299, 615.13]
[450, 298, 615.0175]
[450, 297, 614.765]
[450, 296, 614.3175]
[450, 295, 613.8875]
[450, 294, 613.565]
[450, 293, 613.23]
[450, 292, 612.95]
[450, 291, 612.6725]
[450, 290, 612.4625]
[450, 289, 612.35]
[450, 288, 612.2375]
[450, 287, 611.905]
[450, 286, 611.585]
[450, 285, 611.4325]
[450, 284, 611.225]
[450, 283, 611.1475]
[450, 282, 611.0525]
[450, 281, 611.035]
[450, 280, 611.01]
[450, 279, 610.9775]
[450, 278, 610.9625]
[450, 277, 611.03]
[450, 276, 610.875]
[450, 275, 610.895]
[450, 274, 610.7275]
[450, 273, 610.58]
[450, 272, 610.3725]
[450, 271, 610.165]
[450, 270, 609.9125]
[450, 269, 609.7]
[450, 268, 609.3825]
[450, 267, 608.995]
[450, 266, 608.6125]
[450, 265, 608.24]
[450, 264, 607.9075]
[450, 263, 607.5675]
[450, 262, 607.3575]
[450, 261, 607.1875]
[450, 260, 607.1525]
[450, 259, 607.1975]
[450, 258, 607.245]
[450, 257, 607.3275]
[450, 256, 607.3975]
[450, 255, 607.3775]
[450, 254, 607.32]
[450, 253, 607.25]
[450, 252, 607.2125]
[450, 251, 607.1775]
[450, 250, 607.14]
[450, 249, 607.0925]
[450, 248, 607.09]
[450, 247, 607.1075]
[450, 246, 607.0775]
[450, 245, 606.99]
[450, 244, 606.93]
[450, 243, 606.89]
[450, 242, 606.78]
[450, 241, 606.79]
[450, 240, 606.8675]
[450, 239, 606.875]
[450, 238, 606.87]
[450, 237, 606.8875]
[450, 236, 606.86]
[450, 235, 606.8375]
[450, 234, 606.8375]
[450, 233, 606.8675]
[450, 232, 606.9025]
[450, 231, 606.915]
[450, 230, 606.99]
[450, 229, 607.0425]
[450, 228, 607.03]
[450, 227, 607.0425]
[450, 226, 607.07]
[450, 225, 607.15]
[450, 224, 607.21]
[450, 223, 607.2275]
[450, 222, 607.2625]
[450, 221, 607.29]
[450, 220, 607.27]
[450, 219, 607.325]
[450, 218, 607.3175]
[450, 217, 607.235]
[450, 216, 607.2075]
[450, 215, 607.265]
[450, 214, 607.3275]
[450, 213, 607.415]
[450, 212, 607.5625]
[450, 211, 607.83]
[450, 210, 608.0325]
[450, 209, 608.24]
[450, 208, 608.42]
[450, 207, 608.6225]
[450, 206, 608.775]
[450, 205, 608.8575]
[450, 204, 608.9075]
[450, 203, 608.9175]
[450, 202, 608.86]
[450, 201, 608.7725]
[450, 200, 608.8425]
[450, 199, 608.89]
[450, 198, 608.91]
[450, 197, 608.995]
[450, 196, 609.03]
[450, 195, 609.0375]
[450, 194, 609.08]
[450, 193, 609.065]
[450, 192, 609.0675]
[450, 191, 609.21]
[450, 190, 609.4125]
[450, 189, 609.67]
[450, 188, 609.865]
[450, 187, 610.0575]
[450, 186, 610.135]
[450, 185, 610.3675]
[450, 184, 610.5975]
[450, 183, 610.8]
[450, 182, 610.8825]
[450, 181, 610.8775]
[450, 180, 610.86]
[450, 179, 610.79]
[450, 178, 610.8225]
[450, 177, 610.78]
[450, 176, 610.775]
[450, 175, 610.8725]
[450, 174, 610.9775]
[450, 173, 611.1075]
[450, 172, 611.1625]
[450, 171, 611.15]
[450, 170, 611.1575]
[450, 169, 611.1425]
[450, 168, 611.14]
[450, 167, 611.185]
[450, 166, 611.245]
[450, 165, 611.29]
[450, 164, 611.3925]
[450, 163, 611.405]
[450, 162, 611.3825]
[450, 161, 611.32]
[450, 160, 611.2575]
[450, 159, 611.27]
[450, 158, 611.255]
[450, 157, 611.23]
[450, 156, 611.215]
[450, 155, 611.2675]
[450, 154, 611.255]
[450, 153, 611.1975]
[450, 152, 611.1375]
[450, 151, 611.09]
[450, 150, 611.0625]
[450, 149, 611.0725]
[450, 148, 611.07]
[450, 147, 611.0525]
[450, 146, 611.0175]
[450, 145, 610.9825]
[450, 144, 610.9675]
[450, 143, 610.995]
[450, 142, 611.0125]
[450, 141, 610.9725]
[450, 140, 611.035]
[450, 139, 611.03]
[450, 138, 610.9875]
[450, 137, 610.945]
[450, 136, 610.9575]
[450, 135, 610.9925]
[450, 134, 610.9625]
[450, 133, 610.965]
[450, 132, 611.05]
[450, 131, 611.08]
[450, 130, 611.0725]
[450, 129, 611.105]
[450, 128, 611.0725]
[450, 127, 611.09]
[450, 126, 611.105]
[450, 125, 611.275]
[450, 124, 611.3625]
[450, 123, 611.46]
[450, 122, 611.5975]
[450, 121, 611.71]
[450, 120, 611.805]
[450, 119, 611.965]
[450, 118, 612.185]
[450, 117, 612.4525]
[450, 116, 612.6625]
[450, 115, 612.89]
[450, 114, 612.975]
[450, 113, 613.045]
[450, 112, 613.1275]
[450, 111, 613.185]
[450, 110, 613.2575]
[450, 109, 613.535]
[450, 108, 613.7675]
[450, 107, 613.8875]
[450, 106, 614.0975]
[450, 105, 614.2125]
[450, 104, 614.2025]
[450, 103, 614.19]
[450, 102, 614.395]
[450, 101, 614.52]
[450, 100, 614.65]
[450, 99, 614.79]
[450, 98, 614.955]
[450, 97, 615.1225]
[450, 96, 615.2225]
[450, 95, 615.4675]
[450, 94, 615.6375]
[450, 93, 615.7825]
[450, 92, 615.91]
[450, 91, 616.015]
[450, 90, 616.1125]
[450, 89, 616.175]
[450, 88, 616.2725]
[450, 87, 616.385]
[450, 86, 616.4575]
[450, 85, 616.5]
[450, 84, 616.6525]
[450, 83, 616.775]
[450, 82, 616.88]
[450, 81, 616.925]
[450, 80, 616.9125]
[450, 79, 616.9325]
[450, 78, 616.965]
[450, 77, 616.95]
[450, 76, 616.8975]
[450, 75, 616.82]
[450, 74, 616.6975]
[450, 73, 616.5325]
[450, 72, 616.3875]
[450, 71, 616.27]
[450, 70, 616.1475]
[450, 69, 616.04]
[450, 68, 615.925]
[450, 67, 615.845]
[450, 66, 615.735]
[450, 65, 615.525]
[450, 64, 615.3175]
[450, 63, 615.1775]
[450, 62, 614.99]
[450, 61, 614.775]
[450, 60, 614.535]
[450, 59, 614.235]
[450, 58, 613.875]
[450, 57, 613.39]
[450, 56, 612.945]
[450, 55, 612.3925]
[450, 54, 611.7125]
[450, 53, 611.06]
[450, 52, 610.44]
[450, 51, 609.865]
[450, 50, 609.2975]
[450, 49, 608.8625]
[450, 48, 608.3425]
[450, 47, 607.885]
[450, 46, 607.4725]
[450, 45, 607.2525]
[450, 44, 607.06]
[450, 43, 606.6475]
[450, 42, 606.16]
[450, 41, 606.05]
[450, 40, 605.965]
[450, 39, 605.725]
[450, 38, 605.735]
[450, 37, 605.605]
[450, 36, 605.335]
[450, 35, 604.96]
[450, 34, 604.575]
[450, 33, 604.3525]
[450, 32, 604.1175]
[450, 31, 603.7625]
[450, 30, 603.1]
[450, 29, 602.66]
[450, 28, 602.8925]
[450, 27, 602.8725]
[450, 26, 602.5825]
[450, 25, 602.285]
[450, 24, 602.015]
[450, 23, 601.7225]
[450, 22, 601.3475]
[450, 21, 600.7425]
[450, 20, 599.985]
[450, 19, 599.27]
[450, 18, 599.2075]
[450, 17, 599.345]
[450, 16, 599.025]
[450, 15, 598.8125]
[450, 14, 598.645]
[450, 13, 598.2425]
[450, 12, 597.7725]
[450, 11, 597.4075]
[450, 10, 597.1625]
[450, 9, 597.065]
[450, 8, 596.825]
[450, 7, 596.38]
[450, 6, 596.035]
[450, 5, 596.015]
[450, 4, 595.78]
[450, 3, 595.5275]
[450, 2, 595.2975]
[450, 1, 595.2225]
[450, 0, 595.2475]
[460, 0, 588.62]
[460, 1, 588.755]
[460, 2, 588.88]
[460, 3, 588.955]
[460, 4, 589.28]
[460, 5, 589.7025]
[460, 6, 590.0125]
[460, 7, 590.1675]
[460, 8, 590.31]
[460, 9, 590.63]
[460, 10, 591.09]
[460, 11, 591.595]
[460, 12, 592.2575]
[460, 13, 592.605]
[460, 14, 592.925]
[460, 15, 593.17]
[460, 16, 592.965]
[460, 17, 592.8975]
[460, 18, 593.8275]
[460, 19, 594.425]
[460, 20, 594.61]
[460, 21, 594.7775]
[460, 22, 595.005]
[460, 23, 595.2]
[460, 24, 595.4375]
[460, 25, 595.5275]
[460, 26, 595.6625]
[460, 27, 595.7425]
[460, 28, 595.8325]
[460, 29, 596.09]
[460, 30, 596.2925]
[460, 31, 596.49]
[460, 32, 596.7475]
[460, 33, 597.0275]
[460, 34, 597.3325]
[460, 35, 597.5125]
[460, 36, 597.765]
[460, 37, 597.9875]
[460, 38, 598.175]
[460, 39, 598.6575]
[460, 40, 598.9075]
[460, 41, 599.19]
[460, 42, 599.5125]
[460, 43, 599.8175]
[460, 44, 600.0725]
[460, 45, 600.4525]
[460, 46, 600.9375]
[460, 47, 601.495]
[460, 48, 602.135]
[460, 49, 602.845]
[460, 50, 603.5525]
[460, 51, 604.275]
[460, 52, 604.975]
[460, 53, 605.6175]
[460, 54, 606.2575]
[460, 55, 606.8225]
[460, 56, 607.3625]
[460, 57, 607.915]
[460, 58, 608.355]
[460, 59, 608.7825]
[460, 60, 609.175]
[460, 61, 609.46]
[460, 62, 609.7425]
[460, 63, 610.0225]
[460, 64, 610.235]
[460, 65, 610.385]
[460, 66, 610.485]
[460, 67, 610.6725]
[460, 68, 610.825]
[460, 69, 610.945]
[460, 70, 611.085]
[460, 71, 611.18]
[460, 72, 611.3125]
[460, 73, 611.3375]
[460, 74, 611.4025]
[460, 75, 611.5475]
[460, 76, 611.57]
[460, 77, 611.5125]
[460, 78, 611.6975]
[460, 79, 611.6975]
[460, 80, 611.7]
[460, 81, 611.73]
[460, 82, 611.7175]
[460, 83, 611.775]
[460, 84, 611.825]
[460, 85, 611.83]
[460, 86, 611.8025]
[460, 87, 611.735]
[460, 88, 611.7325]
[460, 89, 611.685]
[460, 90, 611.5975]
[460, 91, 611.485]
[460, 92, 611.33]
[460, 93, 611.2075]
[460, 94, 611.1]
[460, 95, 610.97]
[460, 96, 610.7975]
[460, 97, 610.645]
[460, 98, 610.54]
[460, 99, 610.4975]
[460, 100, 610.4175]
[460, 101, 610.455]
[460, 102, 610.36]
[460, 103, 610.0825]
[460, 104, 609.815]
[460, 105, 609.54]
[460, 106, 609.37]
[460, 107, 609.2425]
[460, 108, 609.04]
[460, 109, 608.8625]
[460, 110, 608.645]
[460, 111, 608.47]
[460, 112, 608.13]
[460, 113, 607.7575]
[460, 114, 607.685]
[460, 115, 607.595]
[460, 116, 607.4175]
[460, 117, 607.0675]
[460, 118, 606.9325]
[460, 119, 606.865]
[460, 120, 606.6775]
[460, 121, 606.555]
[460, 122, 606.3975]
[460, 123, 606.26]
[460, 124, 606.1925]
[460, 125, 606.175]
[460, 126, 606.145]
[460, 127, 606.02]
[460, 128, 605.8575]
[460, 129, 605.695]
[460, 130, 605.4725]
[460, 131, 605.215]
[460, 132, 605.0225]
[460, 133, 604.73]
[460, 134, 604.5175]
[460, 135, 604.325]
[460, 136, 604.225]
[460, 137, 603.995]
[460, 138, 603.8975]
[460, 139, 603.8175]
[460, 140, 603.8625]
[460, 141, 603.9275]
[460, 142, 604.025]
[460, 143, 604.125]
[460, 144, 604.1225]
[460, 145, 604.1425]
[460, 146, 604.175]
[460, 147, 604.2725]
[460, 148, 604.415]
[460, 149, 604.495]
[460, 150, 604.485]
[460, 151, 604.51]
[460, 152, 604.56]
[460, 153, 604.6225]
[460, 154, 604.6525]
[460, 155, 604.7]
[460, 156, 604.7375]
[460, 157, 604.7625]
[460, 158, 604.795]
[460, 159, 604.89]
[460, 160, 604.9625]
[460, 161, 605.0125]
[460, 162, 605.17]
[460, 163, 605.3825]
[460, 164, 605.4]
[460, 165, 605.37]
[460, 166, 605.4325]
[460, 167, 605.3875]
[460, 168, 605.3375]
[460, 169, 605.39]
[460, 170, 605.325]
[460, 171, 605.2275]
[460, 172, 605.2]
[460, 173, 605.1875]
[460, 174, 605.145]
[460, 175, 605.0875]
[460, 176, 605.02]
[460, 177, 604.96]
[460, 178, 604.91]
[460, 179, 604.7625]
[460, 180, 604.5375]
[460, 181, 604.375]
[460, 182, 604.2575]
[460, 183, 604.1725]
[460, 184, 604.0075]
[460, 185, 603.775]
[460, 186, 603.55]
[460, 187, 603.335]
[460, 188, 603.0825]
[460, 189, 602.895]
[460, 190, 602.765]
[460, 191, 602.615]
[460, 192, 602.52]
[460, 193, 602.435]
[460, 194, 602.375]
[460, 195, 602.33]
[460, 196, 602.3275]
[460, 197, 602.2375]
[460, 198, 602.175]
[460, 199, 602.15]
[460, 200, 602.1125]
[460, 201, 602.0525]
[460, 202, 601.9875]
[460, 203, 601.9125]
[460, 204, 601.795]
[460, 205, 601.7575]
[460, 206, 601.73]
[460, 207, 601.7]
[460, 208, 601.5925]
[460, 209, 601.5175]
[460, 210, 601.3925]
[460, 211, 601.34]
[460, 212, 601.2575]
[460, 213, 601.1375]
[460, 214, 601.0225]
[460, 215, 600.91]
[460, 216, 600.8025]
[460, 217, 600.8425]
[460, 218, 600.8675]
[460, 219, 600.89]
[460, 220, 600.875]
[460, 221, 600.815]
[460, 222, 600.7775]
[460, 223, 600.7425]
[460, 224, 600.71]
[460, 225, 600.7125]
[460, 226, 600.6925]
[460, 227, 600.6325]
[460, 228, 600.5625]
[460, 229, 600.4825]
[460, 230, 600.415]
[460, 231, 600.34]
[460, 232, 600.3]
[460, 233, 600.325]
[460, 234, 600.365]
[460, 235, 600.345]
[460, 236, 600.2875]
[460, 237, 600.2075]
[460, 238, 600.115]
[460, 239, 600.095]
[460, 240, 599.985]
[460, 241, 599.9525]
[460, 242, 599.825]
[460, 243, 599.8325]
[460, 244, 599.76]
[460, 245, 599.695]
[460, 246, 599.6425]
[460, 247, 599.6175]
[460, 248, 599.57]
[460, 249, 599.5575]
[460, 250, 599.4575]
[460, 251, 599.4325]
[460, 252, 599.445]
[460, 253, 599.4725]
[460, 254, 599.465]
[460, 255, 599.47]
[460, 256, 599.4675]
[460, 257, 599.4925]
[460, 258, 599.6075]
[460, 259, 599.695]
[460, 260, 599.59]
[460, 261, 599.4825]
[460, 262, 599.6025]
[460, 263, 599.81]
[460, 264, 600.0475]
[460, 265, 600.305]
[460, 266, 600.64]
[460, 267, 600.825]
[460, 268, 601.05]
[460, 269, 601.26]
[460, 270, 601.54]
[460, 271, 601.7475]
[460, 272, 602.01]
[460, 273, 602.4025]
[460, 274, 602.5875]
[460, 275, 602.8125]
[460, 276, 602.9975]
[460, 277, 603.0975]
[460, 278, 603.04]
[460, 279, 602.9325]
[460, 280, 602.93]
[460, 281, 602.9525]
[460, 282, 603.015]
[460, 283, 602.9775]
[460, 284, 602.9725]
[460, 285, 602.96]
[460, 286, 602.9375]
[460, 287, 602.9125]
[460, 288, 602.935]
[460, 289, 603.0425]
[460, 290, 603.2125]
[460, 291, 603.485]
[460, 292, 603.585]
[460, 293, 603.5175]
[460, 294, 603.4125]
[460, 295, 603.6525]
[460, 296, 603.91]
[460, 297, 604.115]
[460, 298, 604.3425]
[460, 299, 604.485]
[460, 300, 604.6725]
[460, 301, 604.84]
[460, 302, 604.91]
[460, 303, 604.985]
[460, 304, 605.025]
[460, 305, 605.0825]
[460, 306, 605.12]
[460, 307, 605.2225]
[460, 308, 605.2675]
[460, 309, 605.3025]
[460, 310, 605.405]
[460, 311, 605.6625]
[460, 312, 605.895]
[460, 313, 606.025]
[460, 314, 606.425]
[460, 315, 606.7175]
[460, 316, 606.7675]
[460, 317, 607.1125]
[460, 318, 607.4475]
[460, 319, 607.79]
[460, 320, 608.225]
[460, 321, 608.4525]
[460, 322, 608.6425]
[460, 323, 608.945]
[460, 324, 609.1725]
[460, 325, 609.3325]
[460, 326, 609.4275]
[460, 327, 609.5775]
[460, 328, 609.775]
[460, 329, 610.065]
[460, 330, 610.335]
[460, 331, 610.5525]
[460, 332, 610.81]
[460, 333, 611.0725]
[460, 334, 611.435]
[460, 335, 611.6925]
[460, 336, 611.875]
[460, 337, 612.0]
[460, 338, 612.135]
[460, 339, 612.22]
[460, 340, 612.29]
[460, 341, 612.3]
[460, 342, 612.27]
[460, 343, 612.27]
[460, 344, 612.23]
[460, 345, 612.11]
[460, 346, 612.1075]
[460, 347, 612.1525]
[460, 348, 612.285]
[460, 349, 612.4]
[460, 350, 612.505]
[460, 351, 612.585]
[460, 352, 612.65]
[460, 353, 612.845]
[460, 354, 612.9925]
[460, 355, 613.115]
[460, 356, 613.225]
[460, 357, 613.345]
[460, 358, 613.375]
[460, 359, 613.3675]
[460, 360, 613.395]
[460, 361, 613.3425]
[460, 362, 613.16]
[460, 363, 612.875]
[460, 364, 612.9675]
[460, 365, 613.455]
[460, 366, 613.98]
[460, 367, 614.385]
[460, 368, 614.6225]
[460, 369, 614.89]
[460, 370, 615.16]
[460, 371, 615.3675]
[460, 372, 615.5075]
[460, 373, 615.6225]
[460, 374, 615.675]
[460, 375, 615.765]
[460, 376, 615.8825]
[460, 377, 616.01]
[460, 378, 616.2725]
[460, 379, 616.4875]
[460, 380, 616.9325]
[460, 381, 617.2225]
[460, 382, 617.4375]
[460, 383, 617.7075]
[460, 384, 617.935]
[460, 385, 618.0725]
[460, 386, 618.15]
[460, 387, 618.2]
[460, 388, 618.24]
[460, 389, 618.2425]
[460, 390, 618.2475]
[460, 391, 618.245]
[460, 392, 618.2175]
[460, 393, 618.295]
[460, 394, 618.34]
[460, 395, 618.4125]
[460, 396, 618.465]
[460, 397, 618.4875]
[460, 398, 618.4675]
[460, 399, 618.41]
[460, 400, 618.355]
[460, 401, 618.2875]
[460, 402, 618.365]
[460, 403, 618.485]
[460, 404, 618.58]
[460, 405, 618.495]
[460, 406, 618.4425]
[460, 407, 618.2175]
[460, 408, 618.0275]
[460, 409, 617.82]
[460, 410, 617.7775]
[460, 411, 617.8825]
[460, 412, 618.045]
[460, 413, 618.205]
[460, 414, 618.3725]
[460, 415, 618.4775]
[460, 416, 618.6525]
[460, 417, 618.82]
[460, 418, 619.1]
[460, 419, 619.1825]
[460, 420, 619.32]
[460, 421, 619.52]
[460, 422, 619.815]
[460, 423, 620.1175]
[460, 424, 620.3775]
[460, 425, 620.505]
[460, 426, 620.59]
[460, 427, 620.7525]
[460, 428, 620.835]
[460, 429, 620.8725]
[460, 430, 621.0575]
[460, 431, 621.3125]
[460, 432, 621.2875]
[460, 433, 621.0175]
[460, 434, 620.375]
[460, 435, 620.0775]
[460, 436, 620.04]
[460, 437, 620.53]
[460, 438, 621.1175]
[460, 439, 621.705]
[460, 440, 622.175]
[460, 441, 622.445]
[460, 442, 622.4075]
[460, 443, 622.4675]
[460, 444, 622.64]
[460, 445, 622.7775]
[460, 446, 622.875]
[460, 447, 622.8775]
[460, 448, 622.89]
[460, 449, 623.02]
[460, 450, 623.04]
[460, 451, 623.1225]
[460, 452, 623.32]
[460, 453, 623.5675]
[460, 454, 623.7625]
[460, 455, 623.985]
[460, 456, 624.2]
[460, 457, 624.285]
[460, 458, 624.36]
[460, 459, 624.5125]
[460, 460, 624.6925]
[460, 461, 624.8225]
[460, 462, 624.98]
[460, 463, 624.9175]
[460, 464, 624.7]
[460, 465, 624.31]
[460, 466, 623.845]
[460, 467, 623.55]
[460, 468, 623.4025]
[460, 469, 623.275]
[460, 470, 623.26]
[460, 471, 623.325]
[460, 472, 623.4175]
[460, 473, 623.545]
[460, 474, 623.865]
[460, 475, 624.2475]
[460, 476, 624.715]
[460, 477, 625.4625]
[460, 478, 626.31]
[460, 479, 626.9225]
[460, 480, 627.29]
[460, 481, 627.4425]
[460, 482, 627.6075]
[460, 483, 627.77]
[460, 484, 627.94]
[460, 485, 628.0875]
[460, 486, 628.24]
[460, 487, 628.3625]
[460, 488, 628.46]
[460, 489, 628.585]
[460, 490, 628.75]
[460, 491, 628.8725]
[460, 492, 628.995]
[460, 493, 629.1175]
[460, 494, 629.165]
[460, 495, 629.1425]
[460, 496, 629.1925]
[460, 497, 629.215]
[460, 498, 629.395]
[460, 499, 629.5325]
[470, 499, 620.7325]
[470, 498, 620.6275]
[470, 497, 620.55]
[470, 496, 620.48]
[470, 495, 620.425]
[470, 494, 620.3175]
[470, 493, 620.22]
[470, 492, 620.1425]
[470, 491, 620.0625]
[470, 490, 619.9775]
[470, 489, 619.9275]
[470, 488, 619.8175]
[470, 487, 619.6725]
[470, 486, 619.5675]
[470, 485, 619.385]
[470, 484, 619.1225]
[470, 483, 618.91]
[470, 482, 618.6225]
[470, 481, 618.4725]
[470, 480, 618.3025]
[470, 479, 618.21]
[470, 478, 618.145]
[470, 477, 617.9975]
[470, 476, 617.7675]
[470, 475, 617.4425]
[470, 474, 617.13]
[470, 473, 616.975]
[470, 472, 616.99]
[470, 471, 617.1325]
[470, 470, 617.3275]
[470, 469, 617.3725]
[470, 468, 617.11]
[470, 467, 616.77]
[470, 466, 616.38]
[470, 465, 616.0575]
[470, 464, 615.815]
[470, 463, 615.605]
[470, 462, 615.2925]
[470, 461, 615.0]
[470, 460, 614.6575]
[470, 459, 614.245]
[470, 458, 613.885]
[470, 457, 613.6575]
[470, 456, 613.82]
[470, 455, 614.0875]
[470, 454, 614.22]
[470, 453, 614.3]
[470, 452, 614.25]
[470, 451, 614.1375]
[470, 450, 613.94]
[470, 449, 613.6975]
[470, 448, 613.385]
[470, 447, 613.1175]
[470, 446, 612.835]
[470, 445, 612.62]
[470, 444, 612.41]
[470, 443, 612.31]
[470, 442, 612.2725]
[470, 441, 612.3175]
[470, 440, 612.4025]
[470, 439, 612.51]
[470, 438, 612.5975]
[470, 437, 612.5475]
[470, 436, 612.015]
[470, 435, 611.48]
[470, 434, 611.275]
[470, 433, 611.3075]
[470, 432, 611.5625]
[470, 431, 611.58]
[470, 430, 611.4325]
[470, 429, 611.2875]
[470, 428, 611.1275]
[470, 427, 610.9175]
[470, 426, 610.8575]
[470, 425, 610.745]
[470, 424, 610.6125]
[470, 423, 610.435]
[470, 422, 610.2225]
[470, 421, 610.0825]
[470, 420, 609.92]
[470, 419, 609.69]
[470, 418, 609.71]
[470, 417, 609.9375]
[470, 416, 610.13]
[470, 415, 610.185]
[470, 414, 610.115]
[470, 413, 609.9625]
[470, 412, 609.5725]
[470, 411, 609.28]
[470, 410, 609.3425]
[470, 409, 609.645]
[470, 408, 609.6625]
[470, 407, 609.6325]
[470, 406, 609.6725]
[470, 405, 609.705]
[470, 404, 609.59]
[470, 403, 609.62]
[470, 402, 609.6525]
[470, 401, 609.5675]
[470, 400, 609.5775]
[470, 399, 609.3625]
[470, 398, 609.005]
[470, 397, 608.65]
[470, 396, 608.37]
[470, 395, 608.335]
[470, 394, 608.32]
[470, 393, 608.4375]
[470, 392, 608.475]
[470, 391, 608.5925]
[470, 390, 608.67]
[470, 389, 608.73]
[470, 388, 608.8125]
[470, 387, 608.845]
[470, 386, 608.8775]
[470, 385, 608.8975]
[470, 384, 608.76]
[470, 383, 608.6725]
[470, 382, 608.55]
[470, 381, 608.295]
[470, 380, 608.025]
[470, 379, 607.9025]
[470, 378, 607.57]
[470, 377, 607.24]
[470, 376, 607.06]
[470, 375, 606.8525]
[470, 374, 606.5925]
[470, 373, 606.3625]
[470, 372, 606.105]
[470, 371, 605.8925]
[470, 370, 605.7275]
[470, 369, 605.5575]
[470, 368, 605.395]
[470, 367, 605.23]
[470, 366, 604.9975]
[470, 365, 604.7675]
[470, 364, 604.505]
[470, 363, 604.2]
[470, 362, 603.85]
[470, 361, 603.5925]
[470, 360, 603.3375]
[470, 359, 603.205]
[470, 358, 603.2275]
[470, 357, 603.3975]
[470, 356, 603.4425]
[470, 355, 603.475]
[470, 354, 603.4375]
[470, 353, 603.4275]
[470, 352, 603.3675]
[470, 351, 603.265]
[470, 350, 603.1525]
[470, 349, 603.0225]
[470, 348, 602.9775]
[470, 347, 603.0225]
[470, 346, 603.0625]
[470, 345, 603.09]
[470, 344, 602.99]
[470, 343, 602.915]
[470, 342, 602.7125]
[470, 341, 602.51]
[470, 340, 602.3275]
[470, 339, 602.295]
[470, 338, 602.3725]
[470, 337, 602.28]
[470, 336, 602.1175]
[470, 335, 601.8925]
[470, 334, 601.6625]
[470, 333, 601.5175]
[470, 332, 601.32]
[470, 331, 601.0525]
[470, 330, 601.03]
[470, 329, 600.945]
[470, 328, 600.7625]
[470, 327, 600.5775]
[470, 326, 600.3425]
[470, 325, 600.19]
[470, 324, 600.125]
[470, 323, 600.02]
[470, 322, 599.8075]
[470, 321, 599.61]
[470, 320, 599.4]
[470, 319, 599.23]
[470, 318, 599.1025]
[470, 317, 599.02]
[470, 316, 598.86]
[470, 315, 598.675]
[470, 314, 598.49]
[470, 313, 598.325]
[470, 312, 598.1525]
[470, 311, 598.0575]
[470, 310, 597.9275]
[470, 309, 597.7175]
[470, 308, 597.51]
[470, 307, 597.4475]
[470, 306, 597.41]
[470, 305, 597.275]
[470, 304, 597.165]
[470, 303, 597.0325]
[470, 302, 596.7575]
[470, 301, 596.46]
[470, 300, 595.99]
[470, 299, 595.435]
[470, 298, 595.1325]
[470, 297, 594.7925]
[470, 296, 594.495]
[470, 295, 594.2825]
[470, 294, 594.13]
[470, 293, 594.0275]
[470, 292, 593.995]
[470, 291, 594.1075]
[470, 290, 594.25]
[470, 289, 594.2675]
[470, 288, 594.335]
[470, 287, 594.4225]
[470, 286, 594.4475]
[470, 285, 594.4]
[470, 284, 594.355]
[470, 283, 594.2725]
[470, 282, 594.3175]
[470, 281, 594.31]
[470, 280, 594.1875]
[470, 279, 594.005]
[470, 278, 594.0]
[470, 277, 594.05]
[470, 276, 593.905]
[470, 275, 593.8325]
[470, 274, 593.6675]
[470, 273, 593.4325]
[470, 272, 593.14]
[470, 271, 592.95]
[470, 270, 592.8275]
[470, 269, 592.75]
[470, 268, 592.775]
[470, 267, 592.8075]
[470, 266, 592.8275]
[470, 265, 592.785]
[470, 264, 592.6775]
[470, 263, 592.5375]
[470, 262, 592.365]
[470, 261, 592.255]
[470, 260, 592.22]
[470, 259, 592.14]
[470, 258, 591.895]
[470, 257, 591.65]
[470, 256, 591.4175]
[470, 255, 591.38]
[470, 254, 591.3025]
[470, 253, 591.2225]
[470, 252, 591.27]
[470, 251, 591.3725]
[470, 250, 591.5625]
[470, 249, 591.6775]
[470, 248, 591.8125]
[470, 247, 592.0025]
[470, 246, 592.125]
[470, 245, 592.3225]
[470, 244, 592.4525]
[470, 243, 592.535]
[470, 242, 592.61]
[470, 241, 592.685]
[470, 240, 592.6975]
[470, 239, 592.7675]
[470, 238, 592.8775]
[470, 237, 592.9925]
[470, 236, 593.0175]
[470, 235, 593.095]
[470, 234, 593.23]
[470, 233, 593.31]
[470, 232, 593.4575]
[470, 231, 593.525]
[470, 230, 593.575]
[470, 229, 593.56]
[470, 228, 593.6825]
[470, 227, 593.72]
[470, 226, 593.7325]
[470, 225, 593.755]
[470, 224, 593.8375]
[470, 223, 593.895]
[470, 222, 593.9875]
[470, 221, 594.14]
[470, 220, 594.3275]
[470, 219, 594.44]
[470, 218, 594.5]
[470, 217, 594.5625]
[470, 216, 594.75]
[470, 215, 594.8475]
[470, 214, 594.8975]
[470, 213, 594.9425]
[470, 212, 594.9625]
[470, 211, 595.015]
[470, 210, 595.13]
[470, 209, 595.2175]
[470, 208, 595.3625]
[470, 207, 595.55]
[470, 206, 595.7]
[470, 205, 595.7975]
[470, 204, 595.94]
[470, 203, 596.1075]
[470, 202, 596.2325]
[470, 201, 596.3275]
[470, 200, 596.4025]
[470, 199, 596.545]
[470, 198, 596.705]
[470, 197, 596.75]
[470, 196, 596.7475]
[470, 195, 596.805]
[470, 194, 596.91]
[470, 193, 596.985]
[470, 192, 597.075]
[470, 191, 597.175]
[470, 190, 597.355]
[470, 189, 597.6025]
[470, 188, 597.85]
[470, 187, 598.0425]
[470, 186, 598.21]
[470, 185, 598.355]
[470, 184, 598.455]
[470, 183, 598.5125]
[470, 182, 598.63]
[470, 181, 598.7675]
[470, 180, 598.9575]
[470, 179, 599.06]
[470, 178, 599.16]
[470, 177, 599.2025]
[470, 176, 599.2075]
[470, 175, 599.2475]
[470, 174, 599.22]
[470, 173, 599.1925]
[470, 172, 599.13]
[470, 171, 599.18]
[470, 170, 599.235]
[470, 169, 599.16]
[470, 168, 599.085]
[470, 167, 599.035]
[470, 166, 599.05]
[470, 165, 598.995]
[470, 164, 598.93]
[470, 163, 598.915]
[470, 162, 598.95]
[470, 161, 598.905]
[470, 160, 598.8925]
[470, 159, 598.83]
[470, 158, 598.745]
[470, 157, 598.6125]
[470, 156, 598.5425]
[470, 155, 598.56]
[470, 154, 598.5775]
[470, 153, 598.6025]
[470, 152, 598.6025]
[470, 151, 598.52]
[470, 150, 598.5125]
[470, 149, 598.515]
[470, 148, 598.5175]
[470, 147, 598.54]
[470, 146, 598.5225]
[470, 145, 598.4325]
[470, 144, 598.355]
[470, 143, 598.315]
[470, 142, 598.2075]
[470, 141, 598.105]
[470, 140, 598.1425]
[470, 139, 598.3]
[470, 138, 598.3825]
[470, 137, 598.3975]
[470, 136, 598.39]
[470, 135, 598.4925]
[470, 134, 598.57]
[470, 133, 598.7025]
[470, 132, 598.8575]
[470, 131, 599.07]
[470, 130, 599.3]
[470, 129, 599.44]
[470, 128, 599.5925]
[470, 127, 599.775]
[470, 126, 599.975]
[470, 125, 600.1625]
[470, 124, 600.3075]
[470, 123, 600.4775]
[470, 122, 600.605]
[470, 121, 600.75]
[470, 120, 600.8475]
[470, 119, 601.005]
[470, 118, 601.2625]
[470, 117, 601.4425]
[470, 116, 601.5875]
[470, 115, 601.78]
[470, 114, 601.9475]
[470, 113, 602.0825]
[470, 112, 602.1575]
[470, 111, 602.2175]
[470, 110, 602.44]
[470, 109, 602.7425]
[470, 108, 603.005]
[470, 107, 603.1575]
[470, 106, 603.285]
[470, 105, 603.475]
[470, 104, 603.7125]
[470, 103, 603.92]
[470, 102, 603.9925]
[470, 101, 604.445]
[470, 100, 604.765]
[470, 99, 605.035]
[470, 98, 605.2525]
[470, 97, 605.4475]
[470, 96, 605.565]
[470, 95, 605.6825]
[470, 94, 605.675]
[470, 93, 605.6075]
[470, 92, 605.5475]
[470, 91, 605.525]
[470, 90, 605.4625]
[470, 89, 605.39]
[470, 88, 605.17]
[470, 87, 605.1475]
[470, 86, 605.0575]
[470, 85, 604.885]
[470, 84, 604.7075]
[470, 83, 604.5525]
[470, 82, 604.3975]
[470, 81, 604.2525]
[470, 80, 604.065]
[470, 79, 603.87]
[470, 78, 603.6675]
[470, 77, 603.5325]
[470, 76, 603.455]
[470, 75, 603.27]
[470, 74, 603.1625]
[470, 73, 603.0075]
[470, 72, 602.8775]
[470, 71, 602.86]
[470, 70, 602.775]
[470, 69, 602.7325]
[470, 68, 602.7275]
[470, 67, 602.725]
[470, 66, 602.7425]
[470, 65, 602.72]
[470, 64, 602.685]
[470, 63, 602.5675]
[470, 62, 602.3925]
[470, 61, 602.2275]
[470, 60, 602.0675]
[470, 59, 601.8375]
[470, 58, 601.5775]
[470, 57, 601.3475]
[470, 56, 601.0875]
[470, 55, 600.835]
[470, 54, 600.455]
[470, 53, 600.055]
[470, 52, 599.5925]
[470, 51, 599.0175]
[470, 50, 598.4125]
[470, 49, 597.8525]
[470, 48, 597.25]
[470, 47, 596.7625]
[470, 46, 596.2475]
[470, 45, 595.79]
[470, 44, 595.3525]
[470, 43, 594.8875]
[470, 42, 594.46]
[470, 41, 593.9775]
[470, 40, 593.4775]
[470, 39, 592.935]
[470, 38, 592.42]
[470, 37, 591.9075]
[470, 36, 591.2325]
[470, 35, 590.595]
[470, 34, 589.9675]
[470, 33, 589.275]
[470, 32, 588.5675]
[470, 31, 588.125]
[470, 30, 588.19]
[470, 29, 588.1825]
[470, 28, 587.92]
[470, 27, 587.8375]
[470, 26, 588.0]
[470, 25, 588.0375]
[470, 24, 587.935]
[470, 23, 587.8175]
[470, 22, 587.73]
[470, 21, 587.615]
[470, 20, 587.475]
[470, 19, 587.3625]
[470, 18, 587.2375]
[470, 17, 586.945]
[470, 16, 586.2625]
[470, 15, 585.4875]
[470, 14, 585.4975]
[470, 13, 585.98]
[470, 12, 585.8675]
[470, 11, 585.5425]
[470, 10, 585.07]
[470, 9, 584.87]
[470, 8, 584.6725]
[470, 7, 584.44]
[470, 6, 584.0875]
[470, 5, 583.4775]
[470, 4, 583.0425]
[470, 3, 583.0325]
[470, 2, 582.8875]
[470, 1, 582.485]
[470, 0, 582.115]
[480, 0, 576.74]
[480, 1, 577.3175]
[480, 2, 577.8825]
[480, 3, 578.1425]
[480, 4, 578.2625]
[480, 5, 578.3175]
[480, 6, 578.365]
[480, 7, 578.45]
[480, 8, 578.365]
[480, 9, 578.0775]
[480, 10, 578.385]
[480, 11, 578.9925]
[480, 12, 579.53]
[480, 13, 579.7525]
[480, 14, 579.9325]
[480, 15, 580.12]
[480, 16, 580.3275]
[480, 17, 580.545]
[480, 18, 580.7825]
[480, 19, 580.965]
[480, 20, 581.0775]
[480, 21, 581.1375]
[480, 22, 581.205]
[480, 23, 581.08]
[480, 24, 580.765]
[480, 25, 580.775]
[480, 26, 581.2925]
[480, 27, 581.7675]
[480, 28, 582.215]
[480, 29, 582.6175]
[480, 30, 583.05]
[480, 31, 583.4875]
[480, 32, 583.975]
[480, 33, 584.525]
[480, 34, 585.0375]
[480, 35, 585.555]
[480, 36, 585.915]
[480, 37, 586.3325]
[480, 38, 586.735]
[480, 39, 587.0825]
[480, 40, 587.36]
[480, 41, 587.6225]
[480, 42, 587.9025]
[480, 43, 588.1425]
[480, 44, 588.38]
[480, 45, 588.69]
[480, 46, 589.01]
[480, 47, 589.285]
[480, 48, 589.5675]
[480, 49, 589.91]
[480, 50, 590.345]
[480, 51, 590.805]
[480, 52, 591.1775]
[480, 53, 591.5775]
[480, 54, 591.965]
[480, 55, 592.285]
[480, 56, 592.615]
[480, 57, 592.855]
[480, 58, 592.985]
[480, 59, 593.09]
[480, 60, 593.13]
[480, 61, 593.11]
[480, 62, 593.1825]
[480, 63, 593.2075]
[480, 64, 593.2325]
[480, 65, 593.37]
[480, 66, 593.515]
[480, 67, 593.6575]
[480, 68, 593.745]
[480, 69, 593.7625]
[480, 70, 593.83]
[480, 71, 593.8825]
[480, 72, 593.93]
[480, 73, 593.9375]
[480, 74, 593.995]
[480, 75, 594.0525]
[480, 76, 594.1975]
[480, 77, 594.4]
[480, 78, 594.5875]
[480, 79, 594.7475]
[480, 80, 594.7975]
[480, 81, 594.9175]
[480, 82, 595.1225]
[480, 83, 595.2925]
[480, 84, 595.495]
[480, 85, 595.7025]
[480, 86, 596.0025]
[480, 87, 596.195]
[480, 88, 596.515]
[480, 89, 596.8]
[480, 90, 597.045]
[480, 91, 597.37]
[480, 92, 597.665]
[480, 93, 597.97]
[480, 94, 598.215]
[480, 95, 598.3325]
[480, 96, 598.405]
[480, 97, 598.5075]
[480, 98, 598.4775]
[480, 99, 598.4075]
[480, 100, 598.195]
[480, 101, 598.05]
[480, 102, 597.8425]
[480, 103, 597.5325]
[480, 104, 597.2575]
[480, 105, 597.0175]
[480, 106, 596.8]
[480, 107, 596.575]
[480, 108, 596.28]
[480, 109, 596.0575]
[480, 110, 596.025]
[480, 111, 596.0775]
[480, 112, 596.0225]
[480, 113, 596.02]
[480, 114, 595.955]
[480, 115, 595.7675]
[480, 116, 595.5525]
[480, 117, 595.3075]
[480, 118, 595.0425]
[480, 119, 594.8075]
[480, 120, 594.595]
[480, 121, 594.3775]
[480, 122, 594.23]
[480, 123, 594.0725]
[480, 124, 593.9675]
[480, 125, 593.8]
[480, 126, 593.745]
[480, 127, 593.685]
[480, 128, 593.665]
[480, 129, 593.7075]
[480, 130, 593.7125]
[480, 131, 593.7025]
[480, 132, 593.6775]
[480, 133, 593.5575]
[480, 134, 593.37]
[480, 135, 593.1275]
[480, 136, 593.02]
[480, 137, 592.9325]
[480, 138, 592.8825]
[480, 139, 592.815]
[480, 140, 592.7925]
[480, 141, 592.7775]
[480, 142, 592.6]
[480, 143, 592.5025]
[480, 144, 592.4]
[480, 145, 592.3175]
[480, 146, 592.265]
[480, 147, 592.27]
[480, 148, 592.245]
[480, 149, 592.2275]
[480, 150, 592.22]
[480, 151, 592.27]
[480, 152, 592.4]
[480, 153, 592.5025]
[480, 154, 592.505]
[480, 155, 592.49]
[480, 156, 592.5325]
[480, 157, 592.5]
[480, 158, 592.67]
[480, 159, 592.7075]
[480, 160, 592.76]
[480, 161, 592.8575]
[480, 162, 592.925]
[480, 163, 592.9725]
[480, 164, 592.9975]
[480, 165, 593.0275]
[480, 166, 593.0175]
[480, 167, 593.025]
[480, 168, 593.015]
[480, 169, 593.0425]
[480, 170, 593.1175]
[480, 171, 593.2175]
[480, 172, 593.325]
[480, 173, 593.44]
[480, 174, 593.465]
[480, 175, 593.3775]
[480, 176, 593.2925]
[480, 177, 593.245]
[480, 178, 593.205]
[480, 179, 593.17]
[480, 180, 593.15]
[480, 181, 593.13]
[480, 182, 593.1175]
[480, 183, 593.1425]
[480, 184, 593.0825]
[480, 185, 592.9975]
[480, 186, 592.915]
[480, 187, 592.8125]
[480, 188, 592.66]
[480, 189, 592.535]
[480, 190, 592.4175]
[480, 191, 592.2975]
[480, 192, 592.165]
[480, 193, 591.9875]
[480, 194, 591.84]
[480, 195, 591.705]
[480, 196, 591.5425]
[480, 197, 591.375]
[480, 198, 591.2225]
[480, 199, 591.1175]
[480, 200, 590.985]
[480, 201, 590.8625]
[480, 202, 590.73]
[480, 203, 590.615]
[480, 204, 590.4925]
[480, 205, 590.3925]
[480, 206, 590.2725]
[480, 207, 590.1625]
[480, 208, 590.0875]
[480, 209, 590.0225]
[480, 210, 589.8975]
[480, 211, 589.815]
[480, 212, 589.8]
[480, 213, 589.7275]
[480, 214, 589.705]
[480, 215, 589.605]
[480, 216, 589.48]
[480, 217, 589.29]
[480, 218, 589.105]
[480, 219, 589.005]
[480, 220, 588.8675]
[480, 221, 588.6475]
[480, 222, 588.5]
[480, 223, 588.3025]
[480, 224, 588.1325]
[480, 225, 588.0]
[480, 226, 587.905]
[480, 227, 587.8475]
[480, 228, 587.7475]
[480, 229, 587.66]
[480, 230, 587.525]
[480, 231, 587.4075]
[480, 232, 587.3375]
[480, 233, 587.25]
[480, 234, 587.1675]
[480, 235, 587.1175]
[480, 236, 587.035]
[480, 237, 586.965]
[480, 238, 586.9075]
[480, 239, 586.795]
[480, 240, 586.735]
[480, 241, 586.65]
[480, 242, 586.5575]
[480, 243, 586.495]
[480, 244, 586.355]
[480, 245, 586.2225]
[480, 246, 586.155]
[480, 247, 586.1075]
[480, 248, 585.985]
[480, 249, 585.82]
[480, 250, 585.6775]
[480, 251, 585.5925]
[480, 252, 585.45]
[480, 253, 585.3625]
[480, 254, 585.335]
[480, 255, 585.2725]
[480, 256, 585.3375]
[480, 257, 585.4]
[480, 258, 585.3925]
[480, 259, 585.4325]
[480, 260, 585.4525]
[480, 261, 585.4625]
[480, 262, 585.5875]
[480, 263, 585.665]
[480, 264, 585.805]
[480, 265, 585.9075]
[480, 266, 586.0375]
[480, 267, 586.0875]
[480, 268, 586.1475]
[480, 269, 586.145]
[480, 270, 586.1325]
[480, 271, 586.1725]
[480, 272, 586.15]
[480, 273, 586.05]
[480, 274, 585.955]
[480, 275, 585.86]
[480, 276, 585.875]
[480, 277, 585.91]
[480, 278, 586.04]
[480, 279, 586.16]
[480, 280, 586.335]
[480, 281, 586.4175]
[480, 282, 586.4025]
[480, 283, 586.42]
[480, 284, 586.44]
[480, 285, 586.52]
[480, 286, 586.7375]
[480, 287, 586.985]
[480, 288, 587.3125]
[480, 289, 587.5525]
[480, 290, 587.7575]
[480, 291, 587.805]
[480, 292, 587.865]
[480, 293, 587.9275]
[480, 294, 588.0425]
[480, 295, 588.175]
[480, 296, 588.355]
[480, 297, 588.56]
[480, 298, 588.6675]
[480, 299, 588.8475]
[480, 300, 589.06]
[480, 301, 589.2475]
[480, 302, 589.42]
[480, 303, 589.6425]
[480, 304, 589.7975]
[480, 305, 589.99]
[480, 306, 590.1275]
[480, 307, 590.275]
[480, 308, 590.41]
[480, 309, 590.475]
[480, 310, 590.5]
[480, 311, 590.4625]
[480, 312, 590.4525]
[480, 313, 590.365]
[480, 314, 590.345]
[480, 315, 590.4125]
[480, 316, 590.5175]
[480, 317, 590.655]
[480, 318, 590.6725]
[480, 319, 590.6475]
[480, 320, 590.7125]
[480, 321, 590.735]
[480, 322, 590.6625]
[480, 323, 590.6075]
[480, 324, 590.52]
[480, 325, 590.415]
[480, 326, 590.3]
[480, 327, 590.25]
[480, 328, 590.225]
[480, 329, 590.1775]
[480, 330, 590.1175]
[480, 331, 590.1075]
[480, 332, 590.155]
[480, 333, 590.2375]
[480, 334, 590.3525]
[480, 335, 590.505]
[480, 336, 590.5375]
[480, 337, 590.5775]
[480, 338, 590.765]
[480, 339, 591.0925]
[480, 340, 591.4075]
[480, 341, 591.695]
[480, 342, 592.06]
[480, 343, 592.3775]
[480, 344, 592.845]
[480, 345, 593.345]
[480, 346, 593.635]
[480, 347, 593.83]
[480, 348, 594.0275]
[480, 349, 594.19]
[480, 350, 594.3225]
[480, 351, 594.4675]
[480, 352, 594.4825]
[480, 353, 594.5325]
[480, 354, 594.555]
[480, 355, 594.4875]
[480, 356, 594.395]
[480, 357, 594.425]
[480, 358, 594.3925]
[480, 359, 594.4675]
[480, 360, 594.6]
[480, 361, 594.8975]
[480, 362, 595.225]
[480, 363, 595.4575]
[480, 364, 595.745]
[480, 365, 595.89]
[480, 366, 596.01]
[480, 367, 596.17]
[480, 368, 596.2625]
[480, 369, 596.4]
[480, 370, 596.7125]
[480, 371, 597.055]
[480, 372, 597.3375]
[480, 373, 597.485]
[480, 374, 597.6425]
[480, 375, 597.7275]
[480, 376, 597.8125]
[480, 377, 597.8475]
[480, 378, 597.905]
[480, 379, 598.12]
[480, 380, 598.38]
[480, 381, 598.5175]
[480, 382, 598.5375]
[480, 383, 598.545]
[480, 384, 598.5325]
[480, 385, 598.385]
[480, 386, 598.2825]
[480, 387, 598.1975]
[480, 388, 598.1875]
[480, 389, 598.3525]
[480, 390, 598.495]
[480, 391, 598.5675]
[480, 392, 598.645]
[480, 393, 598.705]
[480, 394, 598.765]
[480, 395, 598.87]
[480, 396, 598.985]
[480, 397, 599.0075]
[480, 398, 599.1525]
[480, 399, 599.45]
[480, 400, 599.615]
[480, 401, 599.8325]
[480, 402, 599.8825]
[480, 403, 599.845]
[480, 404, 600.045]
[480, 405, 600.24]
[480, 406, 600.46]
[480, 407, 600.715]
[480, 408, 600.8975]
[480, 409, 600.885]
[480, 410, 600.78]
[480, 411, 600.6225]
[480, 412, 600.765]
[480, 413, 600.91]
[480, 414, 600.97]
[480, 415, 601.0025]
[480, 416, 600.905]
[480, 417, 600.8525]
[480, 418, 600.8125]
[480, 419, 600.6975]
[480, 420, 600.77]
[480, 421, 601.115]
[480, 422, 601.45]
[480, 423, 601.8675]
[480, 424, 602.1025]
[480, 425, 602.32]
[480, 426, 602.555]
[480, 427, 603.07]
[480, 428, 603.4675]
[480, 429, 603.495]
[480, 430, 603.2125]
[480, 431, 602.9525]
[480, 432, 602.86]
[480, 433, 603.1275]
[480, 434, 603.9075]
[480, 435, 604.185]
[480, 436, 604.295]
[480, 437, 604.225]
[480, 438, 604.2475]
[480, 439, 604.4275]
[480, 440, 604.6625]
[480, 441, 605.065]
[480, 442, 605.3675]
[480, 443, 605.66]
[480, 444, 605.9525]
[480, 445, 606.1325]
[480, 446, 606.05]
[480, 447, 605.9125]
[480, 448, 605.755]
[480, 449, 605.575]
[480, 450, 605.4775]
[480, 451, 605.5275]
[480, 452, 605.7675]
[480, 453, 605.965]
[480, 454, 606.01]
[480, 455, 605.9625]
[480, 456, 606.1475]
[480, 457, 606.33]
[480, 458, 606.485]
[480, 459, 606.82]
[480, 460, 607.0275]
[480, 461, 607.34]
[480, 462, 607.7325]
[480, 463, 608.0575]
[480, 464, 608.3225]
[480, 465, 608.5675]
[480, 466, 608.7225]
[480, 467, 608.9525]
[480, 468, 609.2775]
[480, 469, 609.6]
[480, 470, 609.8475]
[480, 471, 609.7275]
[480, 472, 609.2875]
[480, 473, 609.0225]
[480, 474, 609.0925]
[480, 475, 609.4875]
[480, 476, 609.7925]
[480, 477, 609.9075]
[480, 478, 609.9825]
[480, 479, 610.245]
[480, 480, 610.4725]
[480, 481, 610.7075]
[480, 482, 610.8975]
[480, 483, 610.96]
[480, 484, 611.0175]
[480, 485, 611.0925]
[480, 486, 611.15]
[480, 487, 611.235]
[480, 488, 611.4825]
[480, 489, 611.735]
[480, 490, 611.9775]
[480, 491, 612.15]
[480, 492, 612.245]
[480, 493, 612.365]
[480, 494, 612.455]
[480, 495, 612.54]
[480, 496, 612.6375]
[480, 497, 612.7475]
[480, 498, 612.805]
[480, 499, 612.9375]
[490, 499, 606.5475]
[490, 498, 606.2775]
[490, 497, 606.0675]
[490, 496, 605.835]
[490, 495, 605.54]
[490, 494, 605.26]
[490, 493, 604.94]
[490, 492, 604.72]
[490, 491, 604.535]
[490, 490, 604.47]
[490, 489, 604.415]
[490, 488, 604.4975]
[490, 487, 604.5875]
[490, 486, 604.715]
[490, 485, 604.725]
[490, 484, 604.73]
[490, 483, 604.675]
[490, 482, 604.5375]
[490, 481, 604.3675]
[490, 480, 604.185]
[490, 479, 603.91]
[490, 478, 603.6575]
[490, 477, 603.4525]
[490, 476, 603.1425]
[490, 475, 602.8875]
[490, 474, 602.5875]
[490, 473, 602.44]
[490, 472, 602.3775]
[490, 471, 602.1825]
[490, 470, 602.05]
[490, 469, 601.8925]
[490, 468, 601.78]
[490, 467, 601.6425]
[490, 466, 601.505]
[490, 465, 601.43]
[490, 464, 601.315]
[490, 463, 601.165]
[490, 462, 601.0025]
[490, 461, 600.7725]
[490, 460, 600.525]
[490, 459, 600.145]
[490, 458, 599.7625]
[490, 457, 599.535]
[490, 456, 599.5425]
[490, 455, 599.6075]
[490, 454, 599.5225]
[490, 453, 599.1375]
[490, 452, 598.855]
[490, 451, 598.6575]
[490, 450, 598.4275]
[490, 449, 598.2175]
[490, 448, 597.7925]
[490, 447, 597.4975]
[490, 446, 597.325]
[490, 445, 597.185]
[490, 444, 597.015]
[490, 443, 596.8525]
[490, 442, 596.7275]
[490, 441, 596.515]
[490, 440, 596.4525]
[490, 439, 596.36]
[490, 438, 596.1675]
[490, 437, 595.82]
[490, 436, 595.63]
[490, 435, 595.4175]
[490, 434, 595.3975]
[490, 433, 595.295]
[490, 432, 594.79]
[490, 431, 594.3925]
[490, 430, 594.4675]
[490, 429, 594.75]
[490, 428, 594.9375]
[490, 427, 595.0525]
[490, 426, 594.7875]
[490, 425, 594.58]
[490, 424, 594.32]
[490, 423, 593.9225]
[490, 422, 593.425]
[490, 421, 593.0375]
[490, 420, 592.7825]
[490, 419, 592.275]
[490, 418, 591.705]
[490, 417, 591.54]
[490, 416, 591.68]
[490, 415, 591.92]
[490, 414, 591.975]
[490, 413, 592.0425]
[490, 412, 592.02]
[490, 411, 591.8825]
[490, 410, 591.845]
[490, 409, 591.8775]
[490, 408, 591.775]
[490, 407, 591.5075]
[490, 406, 591.265]
[490, 405, 591.09]
[490, 404, 590.9125]
[490, 403, 590.685]
[490, 402, 590.4625]
[490, 401, 590.295]
[490, 400, 590.1275]
[490, 399, 589.8975]
[490, 398, 589.685]
[490, 397, 589.49]
[490, 396, 589.19]
[490, 395, 589.0175]
[490, 394, 589.145]
[490, 393, 589.215]
[490, 392, 589.2725]
[490, 391, 589.145]
[490, 390, 589.0275]
[490, 389, 588.92]
[490, 388, 588.795]
[490, 387, 588.4975]
[490, 386, 588.43]
[490, 385, 588.545]
[490, 384, 588.535]
[490, 383, 588.565]
[490, 382, 588.5275]
[490, 381, 588.4875]
[490, 380, 588.3975]
[490, 379, 588.2525]
[490, 378, 588.015]
[490, 377, 587.775]
[490, 376, 587.4775]
[490, 375, 587.23]
[490, 374, 587.0275]
[490, 373, 586.915]
[490, 372, 586.815]
[490, 371, 586.85]
[490, 370, 586.87]
[490, 369, 586.815]
[490, 368, 586.7325]
[490, 367, 586.64]
[490, 366, 586.5425]
[490, 365, 586.4025]
[490, 364, 586.315]
[490, 363, 586.2725]
[490, 362, 586.32]
[490, 361, 586.41]
[490, 360, 586.47]
[490, 359, 586.53]
[490, 358, 586.5575]
[490, 357, 586.5275]
[490, 356, 586.5325]
[490, 355, 586.4775]
[490, 354, 586.4475]
[490, 353, 586.365]
[490, 352, 586.19]
[490, 351, 586.0025]
[490, 350, 585.815]
[490, 349, 585.6275]
[490, 348, 585.3825]
[490, 347, 585.055]
[490, 346, 584.94]
[490, 345, 584.725]
[490, 344, 584.3825]
[490, 343, 584.0675]
[490, 342, 583.7225]
[490, 341, 583.28]
[490, 340, 582.78]
[490, 339, 582.335]
[490, 338, 581.855]
[490, 337, 581.5775]
[490, 336, 581.3175]
[490, 335, 581.15]
[490, 334, 581.03]
[490, 333, 581.0175]
[490, 332, 581.0325]
[490, 331, 580.9475]
[490, 330, 580.7675]
[490, 329, 580.625]
[490, 328, 580.53]
[490, 327, 580.455]
[490, 326, 580.4875]
[490, 325, 580.6625]
[490, 324, 580.875]
[490, 323, 581.0625]
[490, 322, 581.24]
[490, 321, 581.5025]
[490, 320, 581.76]
[490, 319, 581.9275]
[490, 318, 581.88]
[490, 317, 581.8075]
[490, 316, 581.94]
[490, 315, 582.095]
[490, 314, 582.2525]
[490, 313, 582.5525]
[490, 312, 582.7675]
[490, 311, 582.9325]
[490, 310, 583.0]
[490, 309, 583.0875]
[490, 308, 583.105]
[490, 307, 583.04]
[490, 306, 582.9625]
[490, 305, 582.8825]
[490, 304, 582.7675]
[490, 303, 582.6525]
[490, 302, 582.525]
[490, 301, 582.3275]
[490, 300, 581.9925]
[490, 299, 581.665]
[490, 298, 581.395]
[490, 297, 581.27]
[490, 296, 581.04]
[490, 295, 580.8025]
[490, 294, 580.6775]
[490, 293, 580.53]
[490, 292, 580.3825]
[490, 291, 580.3025]
[490, 290, 580.18]
[490, 289, 580.05]
[490, 288, 580.0075]
[490, 287, 580.04]
[490, 286, 580.2125]
[490, 285, 580.41]
[490, 284, 580.4425]
[490, 283, 580.51]
[490, 282, 580.735]
[490, 281, 580.81]
[490, 280, 580.825]
[490, 279, 580.7725]
[490, 278, 580.745]
[490, 277, 580.835]
[490, 276, 580.855]
[490, 275, 580.8725]
[490, 274, 580.8]
[490, 273, 580.6975]
[490, 272, 580.54]
[490, 271, 580.1525]
[490, 270, 579.8325]
[490, 269, 579.725]
[490, 268, 579.7025]
[490, 267, 579.7525]
[490, 266, 579.8525]
[490, 265, 579.845]
[490, 264, 579.7875]
[490, 263, 579.73]
[490, 262, 579.795]
[490, 261, 579.9225]
[490, 260, 580.13]
[490, 259, 580.32]
[490, 258, 580.455]
[490, 257, 580.575]
[490, 256, 580.67]
[490, 255, 580.71]
[490, 254, 580.7125]
[490, 253, 580.7725]
[490, 252, 580.8325]
[490, 251, 580.9225]
[490, 250, 580.935]
[490, 249, 581.0]
[490, 248, 581.09]
[490, 247, 581.1475]
[490, 246, 581.2525]
[490, 245, 581.37]
[490, 244, 581.465]
[490, 243, 581.5275]
[490, 242, 581.56]
[490, 241, 581.665]
[490, 240, 581.695]
[490, 239, 581.68]
[490, 238, 581.7025]
[490, 237, 581.6575]
[490, 236, 581.6375]
[490, 235, 581.63]
[490, 234, 581.7375]
[490, 233, 581.9225]
[490, 232, 582.2175]
[490, 231, 582.435]
[490, 230, 582.65]
[490, 229, 582.8425]
[490, 228, 583.045]
[490, 227, 583.23]
[490, 226, 583.38]
[490, 225, 583.4225]
[490, 224, 583.545]
[490, 223, 583.59]
[490, 222, 583.645]
[490, 221, 583.6975]
[490, 220, 583.6925]
[490, 219, 583.7375]
[490, 218, 583.8325]
[490, 217, 583.94]
[490, 216, 584.0275]
[490, 215, 584.075]
[490, 214, 584.105]
[490, 213, 584.125]
[490, 212, 584.215]
[490, 211, 584.385]
[490, 210, 584.5725]
[490, 209, 584.7575]
[490, 208, 584.8625]
[490, 207, 584.9075]
[490, 206, 584.88]
[490, 205, 584.89]
[490, 204, 584.895]
[490, 203, 584.8525]
[490, 202, 584.9125]
[490, 201, 585.0675]
[490, 200, 585.3625]
[490, 199, 585.7475]
[490, 198, 586.125]
[490, 197, 586.4075]
[490, 196, 586.6325]
[490, 195, 586.875]
[490, 194, 587.125]
[490, 193, 587.3]
[490, 192, 587.45]
[490, 191, 587.5525]
[490, 190, 587.635]
[490, 189, 587.6375]
[490, 188, 587.575]
[490, 187, 587.5225]
[490, 186, 587.42]
[490, 185, 587.2925]
[490, 184, 587.15]
[490, 183, 587.0175]
[490, 182, 586.93]
[490, 181, 586.805]
[490, 180, 586.7575]
[490, 179, 586.6725]
[490, 178, 586.59]
[490, 177, 586.515]
[490, 176, 586.415]
[490, 175, 586.2875]
[490, 174, 586.155]
[490, 173, 585.9825]
[490, 172, 585.8675]
[490, 171, 585.8475]
[490, 170, 585.8625]
[490, 169, 585.865]
[490, 168, 585.8875]
[490, 167, 585.8525]
[490, 166, 585.6925]
[490, 165, 585.5425]
[490, 164, 585.445]
[490, 163, 585.3775]
[490, 162, 585.3775]
[490, 161, 585.3725]
[490, 160, 585.38]
[490, 159, 585.3075]
[490, 158, 585.3475]
[490, 157, 585.3225]
[490, 156, 585.2325]
[490, 155, 585.2]
[490, 154, 585.155]
[490, 153, 585.1975]
[490, 152, 585.215]
[490, 151, 585.225]
[490, 150, 585.2475]
[490, 149, 585.3075]
[490, 148, 585.315]
[490, 147, 585.3875]
[490, 146, 585.4025]
[490, 145, 585.3775]
[490, 144, 585.3575]
[490, 143, 585.2725]
[490, 142, 585.2825]
[490, 141, 585.2525]
[490, 140, 585.3]
[490, 139, 585.4325]
[490, 138, 585.56]
[490, 137, 585.665]
[490, 136, 585.7675]
[490, 135, 585.9225]
[490, 134, 586.085]
[490, 133, 586.18]
[490, 132, 586.2725]
[490, 131, 586.3975]
[490, 130, 586.515]
[490, 129, 586.7175]
[490, 128, 586.8825]
[490, 127, 587.0975]
[490, 126, 587.3025]
[490, 125, 587.41]
[490, 124, 587.465]
[490, 123, 587.5775]
[490, 122, 587.6875]
[490, 121, 587.8025]
[490, 120, 587.92]
[490, 119, 588.04]
[490, 118, 588.23]
[490, 117, 588.3975]
[490, 116, 588.65]
[490, 115, 589.07]
[490, 114, 589.4075]
[490, 113, 589.6375]
[490, 112, 589.7975]
[490, 111, 589.9775]
[490, 110, 590.0825]
[490, 109, 590.22]
[490, 108, 590.4175]
[490, 107, 590.64]
[490, 106, 590.8625]
[490, 105, 591.08]
[490, 104, 591.2775]
[490, 103, 591.415]
[490, 102, 591.4475]
[490, 101, 591.4475]
[490, 100, 591.38]
[490, 99, 591.145]
[490, 98, 590.8325]
[490, 97, 590.495]
[490, 96, 590.135]
[490, 95, 589.7325]
[490, 94, 589.3725]
[490, 93, 588.985]
[490, 92, 588.6425]
[490, 91, 588.29]
[490, 90, 588.05]
[490, 89, 587.88]
[490, 88, 587.72]
[490, 87, 587.56]
[490, 86, 587.37]
[490, 85, 587.2175]
[490, 84, 586.98]
[490, 83, 586.7425]
[490, 82, 586.575]
[490, 81, 586.425]
[490, 80, 586.335]
[490, 79, 586.295]
[490, 78, 586.2525]
[490, 77, 586.16]
[490, 76, 586.115]
[490, 75, 586.0775]
[490, 74, 585.995]
[490, 73, 585.895]
[490, 72, 585.8225]
[490, 71, 585.7925]
[490, 70, 585.6875]
[490, 69, 585.59]
[490, 68, 585.5875]
[490, 67, 585.495]
[490, 66, 585.39]
[490, 65, 585.28]
[490, 64, 585.245]
[490, 63, 585.2525]
[490, 62, 585.27]
[490, 61, 585.3325]
[490, 60, 585.33]
[490, 59, 585.2875]
[490, 58, 585.225]
[490, 57, 585.1675]
[490, 56, 585.09]
[490, 55, 584.935]
[490, 54, 584.8175]
[490, 53, 584.69]
[490, 52, 584.5625]
[490, 51, 584.4625]
[490, 50, 584.19]
[490, 49, 583.9825]
[490, 48, 583.8025]
[490, 47, 583.5925]
[490, 46, 583.295]
[490, 45, 582.985]
[490, 44, 582.695]
[490, 43, 582.4325]
[490, 42, 582.175]
[490, 41, 581.9225]
[490, 40, 581.645]
[490, 39, 581.415]
[490, 38, 581.1875]
[490, 37, 580.955]
[490, 36, 580.7175]
[490, 35, 580.345]
[490, 34, 580.0725]
[490, 33, 579.785]
[490, 32, 579.435]
[490, 31, 579.055]
[490, 30, 578.7]
[490, 29, 578.2275]
[490, 28, 577.8075]
[490, 27, 577.4375]
[490, 26, 577.0925]
[490, 25, 576.7825]
[490, 24, 576.355]
[490, 23, 575.9825]
[490, 22, 575.57]
[490, 21, 574.855]
[490, 20, 574.32]
[490, 19, 574.3525]
[490, 18, 574.35]
[490, 17, 574.23]
[490, 16, 574.0825]
[490, 15, 573.9075]
[490, 14, 573.7175]
[490, 13, 573.5775]
[490, 12, 573.325]
[490, 11, 573.08]
[490, 10, 572.865]
[490, 9, 572.6725]
[490, 8, 572.56]
[490, 7, 571.845]
[490, 6, 571.5]
[490, 5, 571.885]
[490, 4, 572.0075]
[490, 3, 571.765]
[490, 2, 571.4775]
[490, 1, 571.21]
[490, 0, 570.935]
