[0, 0, 463.29]
[0, 1, 462.9975]
[0, 2, 462.73]
[0, 3, 462.47]
[0, 4, 462.215]
[0, 5, 461.9675]
[0, 6, 461.7175]
[0, 7, 461.5225]
[0, 8, 461.34]
[0, 9, 461.1225]
[0, 10, 460.9075]
[0, 11, 460.7125]
[0, 12, 460.415]
[0, 13, 460.16]
[0, 14, 459.9225]
[0, 15, 459.7475]
[0, 16, 459.5125]
[0, 17, 459.2475]
[0, 18, 458.955]
[0, 19, 458.645]
[0, 20, 458.34]
[0, 21, 458.095]
[0, 22, 457.8275]
[0, 23, 457.485]
[0, 24, 457.23]
[0, 25, 456.9575]
[0, 26, 456.7025]
[0, 27, 456.4425]
[0, 28, 456.19]
[0, 29, 455.85]
[0, 30, 455.5225]
[0, 31, 455.22]
[0, 32, 454.9]
[0, 33, 454.6375]
[0, 34, 454.46]
[0, 35, 454.275]
[0, 36, 454.1325]
[0, 37, 453.9225]
[0, 38, 453.6425]
[0, 39, 453.43]
[0, 40, 453.23]
[0, 41, 453.09]
[0, 42, 452.99]
[0, 43, 452.92]
[0, 44, 452.85]
[0, 45, 452.7975]
[0, 46, 452.745]
[0, 47, 452.705]
[0, 48, 452.605]
[0, 49, 452.525]
[0, 50, 452.4425]
[0, 51, 452.36]
[0, 52, 452.3125]
[0, 53, 452.2025]
[0, 54, 452.115]
[0, 55, 451.995]
[0, 56, 451.85]
[0, 57, 451.7325]
[0, 58, 451.6]
[0, 59, 451.4775]
[0, 60, 451.3825]
[0, 61, 451.27]
[0, 62, 451.2125]
[0, 63, 451.1275]
[0, 64, 450.9775]
[0, 65, 450.8025]
[0, 66, 450.64]
[0, 67, 450.4125]
[0, 68, 450.3225]
[0, 69, 450.1625]
[0, 70, 450.0325]
[0, 71, 449.8875]
[0, 72, 449.72]
[0, 73, 449.6125]
[0, 74, 449.48]
[0, 75, 449.34]
[0, 76, 449.1525]
[0, 77, 448.9125]
[0, 78, 448.7275]
[0, 79, 448.4075]
[0, 80, 447.89]
[0, 81, 447.4525]
[0, 82, 447.135]
[0, 83, 446.8275]
[0, 84, 446.515]
[0, 85, 446.13]
[0, 86, 445.7675]
[0, 87, 445.4575]
[0, 88, 445.2075]
[0, 89, 444.94]
[0, 90, 444.65]
[0, 91, 444.395]
[0, 92, 444.145]
[0, 93, 443.91]
[0, 94, 443.72]
[0, 95, 443.46]
[0, 96, 443.225]
[0, 97, 443.1075]
[0, 98, 443.0625]
[0, 99, 442.9]
[0, 100, 442.6525]
[0, 101, 442.53]
[0, 102, 442.4825]
[0, 103, 442.585]
[0, 104, 442.885]
[0, 105, 443.1725]
[0, 106, 443.4125]
[0, 107, 443.56]
[0, 108, 443.635]
[0, 109, 443.73]
[0, 110, 443.815]
[0, 111, 443.8875]
[0, 112, 443.95]
[0, 113, 444.04]
[0, 114, 444.0625]
[0, 115, 444.12]
[0, 116, 444.155]
[0, 117, 444.12]
[0, 118, 444.12]
[0, 119, 444.1425]
[0, 120, 444.1475]
[0, 121, 444.165]
[0, 122, 444.195]
[0, 123, 444.155]
[0, 124, 444.0175]
[0, 125, 444.1025]
[0, 126, 444.16]
[0, 127, 444.1725]
[0, 128, 444.11]
[0, 129, 444.0575]
[0, 130, 444.0775]
[0, 131, 443.9725]
[0, 132, 443.94]
[0, 133, 443.9075]
[0, 134, 443.785]
[0, 135, 443.6325]
[0, 136, 443.4625]
[0, 137, 443.1575]
[0, 138, 443.0925]
[0, 139, 443.055]
[0, 140, 442.9]
[0, 141, 442.6925]
[0, 142, 442.525]
[0, 143, 442.385]
[0, 144, 442.215]
[0, 145, 442.06]
[0, 146, 441.925]
[0, 147, 441.9725]
[0, 148, 441.965]
[0, 149, 441.995]
[0, 150, 441.9575]
[0, 151, 441.8875]
[0, 152, 441.8775]
[0, 153, 441.92]
[0, 154, 441.855]
[0, 155, 441.805]
[0, 156, 441.71]
[0, 157, 441.72]
[0, 158, 441.665]
[0, 159, 441.555]
[0, 160, 441.5025]
[0, 161, 441.35]
[0, 162, 441.0625]
[0, 163, 440.8825]
[0, 164, 440.745]
[0, 165, 440.66]
[0, 166, 440.42]
[0, 167, 440.075]
[0, 168, 440.0825]
[0, 169, 440.615]
[0, 170, 440.9725]
[0, 171, 441.0625]
[0, 172, 441.045]
[0, 173, 440.9725]
[0, 174, 440.83]
[0, 175, 440.7925]
[0, 176, 440.7575]
[0, 177, 440.815]
[0, 178, 440.9775]
[0, 179, 441.0175]
[0, 180, 441.01]
[0, 181, 441.025]
[0, 182, 441.0925]
[0, 183, 441.03]
[0, 184, 441.03]
[0, 185, 441.1175]
[0, 186, 441.165]
[0, 187, 441.2125]
[0, 188, 441.2725]
[0, 189, 441.26]
[0, 190, 441.2675]
[0, 191, 441.3]
[0, 192, 441.31]
[0, 193, 441.2225]
[0, 194, 441.0925]
[0, 195, 441.0275]
[0, 196, 441.05]
[0, 197, 441.0525]
[0, 198, 441.0925]
[0, 199, 441.1975]
[0, 200, 441.2525]
[0, 201, 441.275]
[0, 202, 441.345]
[0, 203, 441.2875]
[0, 204, 441.3775]
[0, 205, 441.555]
[0, 206, 441.75]
[0, 207, 442.025]
[0, 208, 442.255]
[0, 209, 442.4025]
[0, 210, 442.62]
[0, 211, 442.7725]
[0, 212, 442.95]
[0, 213, 443.1375]
[0, 214, 443.355]
[0, 215, 443.615]
[0, 216, 443.825]
[0, 217, 444.105]
[0, 218, 444.4175]
[0, 219, 444.6975]
[0, 220, 445.0225]
[0, 221, 445.31]
[0, 222, 445.605]
[0, 223, 445.9275]
[0, 224, 446.2375]
[0, 225, 446.5175]
[0, 226, 446.825]
[0, 227, 447.0825]
[0, 228, 447.3275]
[0, 229, 447.7375]
[0, 230, 448.06]
[0, 231, 448.3425]
[0, 232, 448.67]
[0, 233, 448.9825]
[0, 234, 449.2525]
[0, 235, 449.4725]
[0, 236, 449.7225]
[0, 237, 449.985]
[0, 238, 450.225]
[0, 239, 450.4175]
[0, 240, 450.6175]
[0, 241, 450.785]
[0, 242, 451.0175]
[0, 243, 451.22]
[0, 244, 451.3875]
[0, 245, 451.56]
[0, 246, 451.7825]
[0, 247, 451.97]
[0, 248, 452.1725]
[0, 249, 452.2825]
[0, 250, 452.4175]
[0, 251, 452.52]
[0, 252, 452.7075]
[0, 253, 452.8925]
[0, 254, 453.175]
[0, 255, 453.37]
[0, 256, 453.6225]
[0, 257, 453.8375]
[0, 258, 454.06]
[0, 259, 454.28]
[0, 260, 454.5075]
[0, 261, 454.71]
[0, 262, 454.86]
[0, 263, 455.0475]
[0, 264, 455.2375]
[0, 265, 455.465]
[0, 266, 455.61]
[0, 267, 455.8]
[0, 268, 455.96]
[0, 269, 456.0875]
[0, 270, 456.1925]
[0, 271, 456.3375]
[0, 272, 456.475]
[0, 273, 456.62]
[0, 274, 456.73]
[0, 275, 456.795]
[0, 276, 456.8825]
[0, 277, 457.08]
[0, 278, 457.2675]
[0, 279, 457.465]
[0, 280, 457.605]
[0, 281, 457.8975]
[0, 282, 458.05]
[0, 283, 458.215]
[0, 284, 458.445]
[0, 285, 458.5875]
[0, 286, 458.6425]
[0, 287, 458.4975]
[0, 288, 458.46]
[0, 289, 458.5025]
[0, 290, 458.39]
[0, 291, 458.1625]
[0, 292, 458.0325]
[0, 293, 458.0525]
[0, 294, 458.295]
[0, 295, 458.705]
[0, 296, 459.045]
[0, 297, 459.19]
[0, 298, 459.185]
[0, 299, 459.125]
[0, 300, 459.075]
[0, 301, 459.1325]
[0, 302, 458.81]
[0, 303, 458.93]
[0, 304, 459.02]
[0, 305, 458.9975]
[0, 306, 459.0025]
[0, 307, 458.935]
[0, 308, 458.97]
[0, 309, 458.865]
[0, 310, 458.845]
[0, 311, 458.8475]
[0, 312, 458.8025]
[0, 313, 458.7349]
[0, 314, 458.7219]
[0, 315, 458.6866]
[0, 316, 458.6183]
[0, 317, 458.4768]
[0, 318, 458.3508]
[0, 319, 458.2975]
[0, 320, 458.1919]
[0, 321, 458.0566]
[0, 322, 457.8898]
[0, 323, 457.7366]
[0, 324, 457.5715]
[0, 325, 457.4245]
[0, 326, 457.2654]
[0, 327, 457.0199]
[0, 328, 456.7599]
[0, 329, 456.5154]
[0, 330, 456.2739]
[0, 331, 456.025]
[0, 332, 455.7725]
[0, 333, 455.535]
[0, 334, 455.255]
[0, 335, 454.98]
[0, 336, 454.7075]
[0, 337, 454.5025]
[0, 338, 454.26]
[0, 339, 453.97]
[0, 340, 453.695]
[0, 341, 453.4344]
[0, 342, 453.125]
[0, 343, 452.79]
[0, 344, 452.4425]
[0, 345, 452.1141]
[0, 346, 451.7529]
[0, 347, 451.327]
[0, 348, 450.9524]
[0, 349, 450.5907]
[0, 350, 450.1839]
[0, 351, 449.7938]
[0, 352, 449.3875]
[0, 353, 449.0031]
[0, 354, 448.6144]
[0, 355, 448.2217]
[0, 356, 447.8363]
[0, 357, 447.3832]
[0, 358, 446.9294]
[0, 359, 446.3475]
[0, 360, 445.6284]
[0, 361, 445.0779]
[0, 362, 444.65]
[0, 363, 444.1263]
[0, 364, 443.6282]
[0, 365, 443.185]
[0, 366, 442.6775]
[0, 367, 442.015]
[0, 368, 441.3078]
[0, 369, 440.5304]
[0, 370, 439.6907]
[0, 371, 438.7741]
[0, 372, 437.7688]
[0, 373, 436.7336]
[0, 374, 435.7411]
[0, 375, 434.7827]
[0, 376, 433.8275]
[0, 377, 432.9016]
[0, 378, 431.9661]
[0, 379, 431.1523]
[0, 380, 430.3257]
[0, 381, 429.5661]
[0, 382, 428.8836]
[0, 383, 428.2588]
[0, 384, 427.5348]
[0, 385, 426.9698]
[0, 386, 426.3968]
[0, 387, 425.8326]
[0, 388, 425.3384]
[0, 389, 424.9707]
[0, 390, 424.4646]
[0, 391, 423.9104]
[0, 392, 423.4897]
[0, 393, 423.155]
[0, 394, 422.7]
[0, 395, 422.2233]
[0, 396, 421.8708]
[0, 397, 421.4775]
[0, 398, 421.1002]
[0, 399, 420.655]
[0, 400, 420.1997]
[0, 401, 419.7972]
[0, 402, 419.3868]
[0, 403, 418.9444]
[0, 404, 418.4023]
[0, 405, 417.8761]
[0, 406, 417.3825]
[0, 407, 416.7745]
[0, 408, 416.1733]
[0, 409, 415.5886]
[0, 410, 415.0252]
[0, 411, 414.4168]
[0, 412, 413.7534]
[0, 413, 412.9349]
[0, 414, 412.1899]
[0, 415, 411.4547]
[0, 416, 410.7869]
[0, 417, 410.15]
[0, 418, 409.6257]
[0, 419, 409.1544]
[0, 420, 408.7752]
[0, 421, 408.4524]
[0, 422, 408.1294]
[0, 423, 407.8917]
[0, 424, 407.752]
[0, 425, 407.4766]
[0, 426, 407.0871]
[0, 427, 406.7635]
[0, 428, 406.455]
[0, 429, 406.0878]
[0, 430, 405.6241]
[0, 431, 405.2386]
[0, 432, 404.8629]
[0, 433, 404.4757]
[0, 434, 404.08]
[0, 435, 403.5445]
[0, 436, 403.0879]
[0, 437, 402.678]
[0, 438, 402.1428]
[0, 439, 401.4334]
[0, 440, 400.9046]
[0, 441, 400.3481]
[0, 442, 399.73]
[0, 443, 399.1135]
[0, 444, 398.6023]
[0, 445, 398.1311]
[0, 446, 397.5875]
[0, 447, 397.035]
[0, 448, 396.4865]
[0, 449, 395.8571]
[0, 450, 395.3497]
[0, 451, 394.7801]
[0, 452, 394.2822]
[0, 453, 393.85]
[0, 454, 393.345]
[0, 455, 392.885]
[0, 456, 392.5598]
[0, 457, 392.2496]
[0, 458, 392.0073]
[0, 459, 391.765]
[0, 460, 391.5733]
[0, 461, 391.3424]
[0, 462, 390.985]
[0, 463, 390.7021]
[0, 464, 390.445]
[0, 465, 390.06]
[0, 466, 389.8008]
[0, 467, 389.6599]
[0, 468, 389.3253]
[0, 469, 388.9705]
[0, 470, 388.6888]
[0, 471, 388.5256]
[0, 472, 388.2329]
[0, 473, 387.8616]
[0, 474, 387.5393]
[0, 475, 387.199]
[0, 476, 386.916]
[0, 477, 386.5934]
[0, 478, 386.2258]
[0, 479, 385.866]
[0, 480, 385.4628]
[0, 481, 385.14]
[0, 482, 384.895]
[0, 483, 384.5825]
[0, 484, 384.29]
[0, 485, 383.9375]
[0, 486, 383.5575]
[0, 487, 383.2775]
[0, 488, 383.1471]
[0, 489, 382.9208]
[0, 490, 382.7612]
[0, 491, 382.4216]
[0, 492, 382.0031]
[0, 493, 381.6892]
[0, 494, 381.525]
[0, 495, 381.375]
[0, 496, 380.9975]
[0, 497, 380.715]
[0, 498, 380.42]
[0, 499, 380.2075]
[10, 499, 379.6298]
[10, 498, 380.095]
[10, 497, 380.4075]
[10, 496, 380.6825]
[10, 495, 380.9275]
[10, 494, 381.1975]
[10, 493, 381.39]
[10, 492, 381.485]
[10, 491, 381.5625]
[10, 490, 381.7225]
[10, 489, 381.9125]
[10, 488, 382.0855]
[10, 487, 382.5898]
[10, 486, 382.8675]
[10, 485, 383.1025]
[10, 484, 383.305]
[10, 483, 383.5175]
[10, 482, 383.7025]
[10, 481, 383.7925]
[10, 480, 383.8425]
[10, 479, 384.0375]
[10, 478, 384.3863]
[10, 477, 384.6525]
[10, 476, 384.8625]
[10, 475, 385.0725]
[10, 474, 385.2863]
[10, 473, 385.51]
[10, 472, 385.7283]
[10, 471, 385.955]
[10, 470, 386.1705]
[10, 469, 386.3139]
[10, 468, 386.4511]
[10, 467, 386.5047]
[10, 466, 386.3825]
[10, 465, 386.6415]
[10, 464, 386.965]
[10, 463, 387.2841]
[10, 462, 387.6181]
[10, 461, 387.9182]
[10, 460, 387.9515]
[10, 459, 388.2821]
[10, 458, 388.5873]
[10, 457, 388.7089]
[10, 456, 388.946]
[10, 455, 389.2512]
[10, 454, 389.6115]
[10, 453, 390.0425]
[10, 452, 390.4708]
[10, 451, 390.8712]
[10, 450, 391.251]
[10, 449, 391.7213]
[10, 448, 392.1493]
[10, 447, 392.6124]
[10, 446, 393.183]
[10, 445, 393.7358]
[10, 444, 394.3268]
[10, 443, 394.9438]
[10, 442, 395.3431]
[10, 441, 395.6717]
[10, 440, 396.0139]
[10, 439, 396.374]
[10, 438, 396.8786]
[10, 437, 397.3911]
[10, 436, 397.7349]
[10, 435, 398.1186]
[10, 434, 398.7091]
[10, 433, 399.3129]
[10, 432, 399.8675]
[10, 431, 400.5191]
[10, 430, 401.234]
[10, 429, 401.7496]
[10, 428, 402.242]
[10, 427, 402.7117]
[10, 426, 403.1794]
[10, 425, 403.6974]
[10, 424, 404.028]
[10, 423, 404.3439]
[10, 422, 404.8604]
[10, 421, 405.2688]
[10, 420, 405.7228]
[10, 419, 406.1261]
[10, 418, 406.4984]
[10, 417, 406.9393]
[10, 416, 407.3679]
[10, 415, 407.8004]
[10, 414, 408.3121]
[10, 413, 408.7044]
[10, 412, 409.2219]
[10, 411, 409.6991]
[10, 410, 410.145]
[10, 409, 410.5241]
[10, 408, 410.9134]
[10, 407, 411.3163]
[10, 406, 411.6437]
[10, 405, 411.9707]
[10, 404, 412.3796]
[10, 403, 412.6575]
[10, 402, 413.0033]
[10, 401, 413.3921]
[10, 400, 413.8533]
[10, 399, 414.3563]
[10, 398, 414.7008]
[10, 397, 415.0426]
[10, 396, 415.3509]
[10, 395, 415.8269]
[10, 394, 416.1547]
[10, 393, 416.5894]
[10, 392, 417.1794]
[10, 391, 417.5816]
[10, 390, 417.9678]
[10, 389, 418.478]
[10, 388, 418.9932]
[10, 387, 419.5141]
[10, 386, 420.0982]
[10, 385, 420.8121]
[10, 384, 421.5424]
[10, 383, 422.2375]
[10, 382, 423.0825]
[10, 381, 423.91]
[10, 380, 424.8038]
[10, 379, 425.7113]
[10, 378, 426.7026]
[10, 377, 427.769]
[10, 376, 428.7964]
[10, 375, 429.5423]
[10, 374, 430.358]
[10, 373, 431.2464]
[10, 372, 432.06]
[10, 371, 432.7186]
[10, 370, 433.3696]
[10, 369, 434.0721]
[10, 368, 434.7619]
[10, 367, 435.3723]
[10, 366, 435.8847]
[10, 365, 436.3692]
[10, 364, 437.0769]
[10, 363, 437.7691]
[10, 362, 438.2893]
[10, 361, 438.6987]
[10, 360, 439.1314]
[10, 359, 439.5875]
[10, 358, 439.97]
[10, 357, 440.385]
[10, 356, 440.8525]
[10, 355, 441.2475]
[10, 354, 441.585]
[10, 353, 441.8975]
[10, 352, 442.1975]
[10, 351, 442.455]
[10, 350, 442.8125]
[10, 349, 443.1688]
[10, 348, 443.5279]
[10, 347, 443.9414]
[10, 346, 444.2952]
[10, 345, 444.5083]
[10, 344, 444.8335]
[10, 343, 445.1462]
[10, 342, 445.4671]
[10, 341, 445.7334]
[10, 340, 446.0566]
[10, 339, 446.3761]
[10, 338, 446.695]
[10, 337, 447.0129]
[10, 336, 447.263]
[10, 335, 447.4941]
[10, 334, 447.7169]
[10, 333, 447.9535]
[10, 332, 448.2558]
[10, 331, 448.4854]
[10, 330, 448.704]
[10, 329, 448.8984]
[10, 328, 449.0797]
[10, 327, 449.2645]
[10, 326, 449.4333]
[10, 325, 449.6232]
[10, 324, 449.8891]
[10, 323, 450.0604]
[10, 322, 450.1643]
[10, 321, 450.3268]
[10, 320, 450.5824]
[10, 319, 450.7859]
[10, 318, 450.9912]
[10, 317, 451.1925]
[10, 316, 451.4274]
[10, 315, 451.6176]
[10, 314, 451.71]
[10, 313, 451.8075]
[10, 312, 451.8625]
[10, 311, 451.865]
[10, 310, 451.9025]
[10, 309, 451.6875]
[10, 308, 451.6575]
[10, 307, 451.6875]
[10, 306, 451.355]
[10, 305, 451.395]
[10, 304, 451.4775]
[10, 303, 451.67]
[10, 302, 451.99]
[10, 301, 452.38]
[10, 300, 452.6975]
[10, 299, 452.7625]
[10, 298, 452.8275]
[10, 297, 452.895]
[10, 296, 453.0025]
[10, 295, 453.09]
[10, 294, 453.06]
[10, 293, 452.93]
[10, 292, 452.8025]
[10, 291, 452.6725]
[10, 290, 452.515]
[10, 289, 452.3475]
[10, 288, 452.07]
[10, 287, 451.87]
[10, 286, 451.62]
[10, 285, 451.4775]
[10, 284, 451.3925]
[10, 283, 451.31]
[10, 282, 451.05]
[10, 281, 450.935]
[10, 280, 450.775]
[10, 279, 450.68]
[10, 278, 450.5575]
[10, 277, 450.45]
[10, 276, 450.3275]
[10, 275, 450.2275]
[10, 274, 450.1075]
[10, 273, 449.885]
[10, 272, 449.7475]
[10, 271, 449.6025]
[10, 270, 449.435]
[10, 269, 449.205]
[10, 268, 449.045]
[10, 267, 448.9075]
[10, 266, 448.8375]
[10, 265, 448.745]
[10, 264, 448.6275]
[10, 263, 448.4925]
[10, 262, 448.3575]
[10, 261, 448.29]
[10, 260, 448.1525]
[10, 259, 447.9325]
[10, 258, 447.7]
[10, 257, 447.49]
[10, 256, 447.3275]
[10, 255, 447.1725]
[10, 254, 447.0775]
[10, 253, 447.0075]
[10, 252, 446.8975]
[10, 251, 446.7425]
[10, 250, 446.6125]
[10, 249, 446.4775]
[10, 248, 446.245]
[10, 247, 446.0675]
[10, 246, 445.8475]
[10, 245, 445.6375]
[10, 244, 445.3525]
[10, 243, 445.0625]
[10, 242, 444.7775]
[10, 241, 444.48]
[10, 240, 444.095]
[10, 239, 443.805]
[10, 238, 443.5025]
[10, 237, 443.2225]
[10, 236, 442.9275]
[10, 235, 442.58]
[10, 234, 442.165]
[10, 233, 441.7475]
[10, 232, 441.4875]
[10, 231, 441.22]
[10, 230, 440.8425]
[10, 229, 440.545]
[10, 228, 440.32]
[10, 227, 439.985]
[10, 226, 439.84]
[10, 225, 439.6075]
[10, 224, 439.2925]
[10, 223, 438.9525]
[10, 222, 438.635]
[10, 221, 438.3175]
[10, 220, 438.1575]
[10, 219, 438.1675]
[10, 218, 437.945]
[10, 217, 437.75]
[10, 216, 437.78]
[10, 215, 437.8325]
[10, 214, 437.91]
[10, 213, 437.855]
[10, 212, 437.7625]
[10, 211, 437.5975]
[10, 210, 437.475]
[10, 209, 437.265]
[10, 208, 437.115]
[10, 207, 436.995]
[10, 206, 436.8675]
[10, 205, 436.7625]
[10, 204, 436.6925]
[10, 203, 436.64]
[10, 202, 436.655]
[10, 201, 436.64]
[10, 200, 436.6975]
[10, 199, 436.6925]
[10, 198, 436.635]
[10, 197, 436.69]
[10, 196, 436.7475]
[10, 195, 436.79]
[10, 194, 436.875]
[10, 193, 436.965]
[10, 192, 436.9725]
[10, 191, 437.08]
[10, 190, 437.11]
[10, 189, 437.1825]
[10, 188, 437.2775]
[10, 187, 437.32]
[10, 186, 437.385]
[10, 185, 437.4075]
[10, 184, 437.3675]
[10, 183, 437.345]
[10, 182, 437.3275]
[10, 181, 437.125]
[10, 180, 437.245]
[10, 179, 437.4275]
[10, 178, 437.4825]
[10, 177, 437.5425]
[10, 176, 437.395]
[10, 175, 437.215]
[10, 174, 437.4875]
[10, 173, 437.5075]
[10, 172, 437.4325]
[10, 171, 437.3375]
[10, 170, 437.27]
[10, 169, 437.2]
[10, 168, 437.45]
[10, 167, 437.54]
[10, 166, 437.525]
[10, 165, 437.6525]
[10, 164, 437.915]
[10, 163, 438.15]
[10, 162, 438.205]
[10, 161, 438.2825]
[10, 160, 438.3625]
[10, 159, 438.4175]
[10, 158, 438.49]
[10, 157, 438.5475]
[10, 156, 438.5925]
[10, 155, 438.635]
[10, 154, 438.715]
[10, 153, 438.7225]
[10, 152, 438.695]
[10, 151, 438.6425]
[10, 150, 438.6125]
[10, 149, 438.535]
[10, 148, 438.8525]
[10, 147, 439.145]
[10, 146, 439.26]
[10, 145, 439.4425]
[10, 144, 439.625]
[10, 143, 439.775]
[10, 142, 439.86]
[10, 141, 439.91]
[10, 140, 440.185]
[10, 139, 440.3375]
[10, 138, 440.4025]
[10, 137, 440.5975]
[10, 136, 440.6975]
[10, 135, 440.81]
[10, 134, 440.9175]
[10, 133, 440.9575]
[10, 132, 441.07]
[10, 131, 441.24]
[10, 130, 441.305]
[10, 129, 441.345]
[10, 128, 441.36]
[10, 127, 441.385]
[10, 126, 441.415]
[10, 125, 441.435]
[10, 124, 441.45]
[10, 123, 441.5025]
[10, 122, 441.5675]
[10, 121, 441.575]
[10, 120, 441.6125]
[10, 119, 441.6325]
[10, 118, 441.6325]
[10, 117, 441.6375]
[10, 116, 441.64]
[10, 115, 441.6075]
[10, 114, 441.5425]
[10, 113, 441.495]
[10, 112, 441.435]
[10, 111, 441.3775]
[10, 110, 441.32]
[10, 109, 441.2625]
[10, 108, 441.255]
[10, 107, 441.2425]
[10, 106, 441.265]
[10, 105, 441.215]
[10, 104, 441.0275]
[10, 103, 440.75]
[10, 102, 440.615]
[10, 101, 440.4875]
[10, 100, 440.55]
[10, 99, 440.9125]
[10, 98, 441.305]
[10, 97, 441.635]
[10, 96, 441.8325]
[10, 95, 442.025]
[10, 94, 442.125]
[10, 93, 442.3175]
[10, 92, 442.5425]
[10, 91, 442.8575]
[10, 90, 443.2225]
[10, 89, 443.6075]
[10, 88, 443.99]
[10, 87, 444.415]
[10, 86, 444.78]
[10, 85, 445.115]
[10, 84, 445.4475]
[10, 83, 445.74]
[10, 82, 445.99]
[10, 81, 446.2]
[10, 80, 446.4075]
[10, 79, 446.58]
[10, 78, 446.765]
[10, 77, 446.9625]
[10, 76, 447.145]
[10, 75, 447.305]
[10, 74, 447.4225]
[10, 73, 447.5525]
[10, 72, 447.6825]
[10, 71, 447.8675]
[10, 70, 447.9925]
[10, 69, 448.1675]
[10, 68, 448.315]
[10, 67, 448.4375]
[10, 66, 448.58]
[10, 65, 448.7625]
[10, 64, 448.89]
[10, 63, 449.0375]
[10, 62, 449.195]
[10, 61, 449.34]
[10, 60, 449.455]
[10, 59, 449.645]
[10, 58, 449.7625]
[10, 57, 449.87]
[10, 56, 450.015]
[10, 55, 450.1425]
[10, 54, 450.2275]
[10, 53, 450.2575]
[10, 52, 450.375]
[10, 51, 450.4775]
[10, 50, 450.59]
[10, 49, 450.69]
[10, 48, 450.78]
[10, 47, 450.8525]
[10, 46, 450.985]
[10, 45, 451.0975]
[10, 44, 451.205]
[10, 43, 451.315]
[10, 42, 451.43]
[10, 41, 451.515]
[10, 40, 451.6025]
[10, 39, 451.685]
[10, 38, 451.81]
[10, 37, 451.9125]
[10, 36, 452.09]
[10, 35, 452.21]
[10, 34, 452.39]
[10, 33, 452.4875]
[10, 32, 452.645]
[10, 31, 452.795]
[10, 30, 452.945]
[10, 29, 453.12]
[10, 28, 453.2925]
[10, 27, 453.4625]
[10, 26, 453.6625]
[10, 25, 453.87]
[10, 24, 454.085]
[10, 23, 454.315]
[10, 22, 454.59]
[10, 21, 454.86]
[10, 20, 455.1175]
[10, 19, 455.3825]
[10, 18, 455.695]
[10, 17, 455.95]
[10, 16, 456.245]
[10, 15, 456.53]
[10, 14, 456.8]
[10, 13, 457.07]
[10, 12, 457.3925]
[10, 11, 457.6875]
[10, 10, 457.9825]
[10, 9, 458.2825]
[10, 8, 458.545]
[10, 7, 458.8275]
[10, 6, 459.075]
[10, 5, 459.31]
[10, 4, 459.6225]
[10, 3, 459.99]
[10, 2, 460.365]
[10, 1, 460.815]
[10, 0, 461.2175]
[20, 0, 459.4775]
[20, 1, 459.185]
[20, 2, 458.8625]
[20, 3, 458.5225]
[20, 4, 458.11]
[20, 5, 457.76]
[20, 6, 457.38]
[20, 7, 456.9475]
[20, 8, 456.6725]
[20, 9, 456.365]
[20, 10, 456.05]
[20, 11, 455.7575]
[20, 12, 455.47]
[20, 13, 455.2]
[20, 14, 454.9475]
[20, 15, 454.725]
[20, 16, 454.49]
[20, 17, 454.27]
[20, 18, 454.08]
[20, 19, 453.905]
[20, 20, 453.765]
[20, 21, 453.625]
[20, 22, 453.4]
[20, 23, 453.2125]
[20, 24, 453.0475]
[20, 25, 452.9]
[20, 26, 452.76]
[20, 27, 452.595]
[20, 28, 452.4025]
[20, 29, 452.2325]
[20, 30, 452.0675]
[20, 31, 451.8875]
[20, 32, 451.75]
[20, 33, 451.6425]
[20, 34, 451.5225]
[20, 35, 451.3875]
[20, 36, 451.25]
[20, 37, 451.065]
[20, 38, 450.89]
[20, 39, 450.705]
[20, 40, 450.57]
[20, 41, 450.4625]
[20, 42, 450.3325]
[20, 43, 450.2025]
[20, 44, 450.045]
[20, 45, 449.895]
[20, 46, 449.68]
[20, 47, 449.4975]
[20, 48, 449.3625]
[20, 49, 449.33]
[20, 50, 449.2225]
[20, 51, 449.0725]
[20, 52, 448.9275]
[20, 53, 448.8025]
[20, 54, 448.685]
[20, 55, 448.5175]
[20, 56, 448.4075]
[20, 57, 448.2775]
[20, 58, 448.1225]
[20, 59, 447.9575]
[20, 60, 447.8375]
[20, 61, 447.6925]
[20, 62, 447.49]
[20, 63, 447.325]
[20, 64, 447.18]
[20, 65, 447.07]
[20, 66, 446.93]
[20, 67, 446.7375]
[20, 68, 446.5025]
[20, 69, 446.32]
[20, 70, 446.145]
[20, 71, 445.95]
[20, 72, 445.7525]
[20, 73, 445.5675]
[20, 74, 445.425]
[20, 75, 445.24]
[20, 76, 445.0575]
[20, 77, 444.845]
[20, 78, 444.615]
[20, 79, 444.3475]
[20, 80, 444.145]
[20, 81, 444.0575]
[20, 82, 443.96]
[20, 83, 443.785]
[20, 84, 443.5875]
[20, 85, 443.3775]
[20, 86, 443.1525]
[20, 87, 443.0075]
[20, 88, 442.855]
[20, 89, 442.6275]
[20, 90, 442.385]
[20, 91, 442.1525]
[20, 92, 441.915]
[20, 93, 441.6375]
[20, 94, 441.3625]
[20, 95, 441.0825]
[20, 96, 440.8125]
[20, 97, 440.5125]
[20, 98, 440.2325]
[20, 99, 439.925]
[20, 100, 439.4925]
[20, 101, 438.905]
[20, 102, 438.31]
[20, 103, 438.3075]
[20, 104, 438.4875]
[20, 105, 438.8375]
[20, 106, 439.05]
[20, 107, 439.1175]
[20, 108, 439.16]
[20, 109, 439.1825]
[20, 110, 439.17]
[20, 111, 439.2]
[20, 112, 439.215]
[20, 113, 439.2475]
[20, 114, 439.1975]
[20, 115, 439.1425]
[20, 116, 439.115]
[20, 117, 439.145]
[20, 118, 439.155]
[20, 119, 439.0825]
[20, 120, 439.0]
[20, 121, 438.9075]
[20, 122, 438.8175]
[20, 123, 438.7625]
[20, 124, 438.7175]
[20, 125, 438.6475]
[20, 126, 438.4925]
[20, 127, 438.3975]
[20, 128, 438.5075]
[20, 129, 438.4775]
[20, 130, 438.365]
[20, 131, 438.305]
[20, 132, 438.2225]
[20, 133, 438.1125]
[20, 134, 438.0625]
[20, 135, 438.0025]
[20, 136, 437.91]
[20, 137, 437.7875]
[20, 138, 437.72]
[20, 139, 437.64]
[20, 140, 437.5675]
[20, 141, 437.465]
[20, 142, 437.355]
[20, 143, 437.25]
[20, 144, 437.1025]
[20, 145, 437.0075]
[20, 146, 436.835]
[20, 147, 436.5425]
[20, 148, 436.6275]
[20, 149, 436.53]
[20, 150, 436.38]
[20, 151, 435.995]
[20, 152, 435.6225]
[20, 153, 435.905]
[20, 154, 436.065]
[20, 155, 435.975]
[20, 156, 435.89]
[20, 157, 435.8025]
[20, 158, 435.69]
[20, 159, 435.595]
[20, 160, 435.52]
[20, 161, 435.4125]
[20, 162, 435.3375]
[20, 163, 435.2]
[20, 164, 435.0825]
[20, 165, 434.9875]
[20, 166, 434.68]
[20, 167, 434.595]
[20, 168, 434.6975]
[20, 169, 434.695]
[20, 170, 434.45]
[20, 171, 434.355]
[20, 172, 434.4175]
[20, 173, 434.46]
[20, 174, 434.355]
[20, 175, 434.2325]
[20, 176, 433.9875]
[20, 177, 433.9425]
[20, 178, 433.9725]
[20, 179, 433.855]
[20, 180, 433.6825]
[20, 181, 433.4225]
[20, 182, 433.545]
[20, 183, 433.6]
[20, 184, 433.565]
[20, 185, 433.4975]
[20, 186, 433.445]
[20, 187, 433.475]
[20, 188, 433.4425]
[20, 189, 433.4025]
[20, 190, 433.365]
[20, 191, 433.2925]
[20, 192, 433.16]
[20, 193, 433.11]
[20, 194, 433.095]
[20, 195, 433.0025]
[20, 196, 432.875]
[20, 197, 432.76]
[20, 198, 432.6675]
[20, 199, 432.6625]
[20, 200, 432.615]
[20, 201, 432.555]
[20, 202, 432.5525]
[20, 203, 432.5775]
[20, 204, 432.52]
[20, 205, 432.525]
[20, 206, 432.4825]
[20, 207, 432.445]
[20, 208, 432.475]
[20, 209, 432.53]
[20, 210, 432.5625]
[20, 211, 432.6]
[20, 212, 432.6625]
[20, 213, 432.75]
[20, 214, 432.8975]
[20, 215, 433.05]
[20, 216, 433.1]
[20, 217, 433.15]
[20, 218, 433.3575]
[20, 219, 433.33]
[20, 220, 433.355]
[20, 221, 433.6825]
[20, 222, 433.7675]
[20, 223, 433.9125]
[20, 224, 433.995]
[20, 225, 434.08]
[20, 226, 434.2325]
[20, 227, 434.3775]
[20, 228, 434.5075]
[20, 229, 434.665]
[20, 230, 434.8475]
[20, 231, 434.915]
[20, 232, 435.06]
[20, 233, 435.1375]
[20, 234, 435.27]
[20, 235, 435.43]
[20, 236, 435.5525]
[20, 237, 435.85]
[20, 238, 436.1375]
[20, 239, 436.45]
[20, 240, 436.7725]
[20, 241, 437.2275]
[20, 242, 437.54]
[20, 243, 437.69]
[20, 244, 437.955]
[20, 245, 438.275]
[20, 246, 438.7675]
[20, 247, 439.13]
[20, 248, 439.38]
[20, 249, 439.6425]
[20, 250, 439.92]
[20, 251, 440.2475]
[20, 252, 440.4625]
[20, 253, 440.6525]
[20, 254, 440.8775]
[20, 255, 441.1375]
[20, 256, 441.3475]
[20, 257, 441.66]
[20, 258, 441.895]
[20, 259, 442.0525]
[20, 260, 442.25]
[20, 261, 442.4725]
[20, 262, 442.67]
[20, 263, 442.7975]
[20, 264, 442.825]
[20, 265, 442.805]
[20, 266, 443.0875]
[20, 267, 443.3025]
[20, 268, 443.3725]
[20, 269, 443.5975]
[20, 270, 443.785]
[20, 271, 443.98]
[20, 272, 444.0775]
[20, 273, 444.155]
[20, 274, 444.295]
[20, 275, 444.39]
[20, 276, 444.5075]
[20, 277, 444.5975]
[20, 278, 444.6425]
[20, 279, 444.74]
[20, 280, 444.8375]
[20, 281, 444.995]
[20, 282, 445.185]
[20, 283, 445.335]
[20, 284, 445.415]
[20, 285, 445.49]
[20, 286, 445.55]
[20, 287, 445.5725]
[20, 288, 445.6425]
[20, 289, 445.72]
[20, 290, 445.815]
[20, 291, 445.8825]
[20, 292, 445.93]
[20, 293, 446.035]
[20, 294, 446.115]
[20, 295, 446.1275]
[20, 296, 446.125]
[20, 297, 446.145]
[20, 298, 446.1525]
[20, 299, 446.195]
[20, 300, 446.2225]
[20, 301, 446.2025]
[20, 302, 446.22]
[20, 303, 446.225]
[20, 304, 446.1975]
[20, 305, 446.095]
[20, 306, 446.0175]
[20, 307, 445.9525]
[20, 308, 445.905]
[20, 309, 445.96]
[20, 310, 445.87]
[20, 311, 445.7325]
[20, 312, 445.6125]
[20, 313, 445.54]
[20, 314, 445.4925]
[20, 315, 445.3325]
[20, 316, 445.2127]
[20, 317, 444.7833]
[20, 318, 444.0153]
[20, 319, 443.5396]
[20, 320, 443.159]
[20, 321, 442.8293]
[20, 322, 442.5611]
[20, 323, 442.358]
[20, 324, 442.2052]
[20, 325, 441.9524]
[20, 326, 441.8884]
[20, 327, 441.8763]
[20, 328, 441.8568]
[20, 329, 441.8519]
[20, 330, 441.85]
[20, 331, 441.693]
[20, 332, 441.3945]
[20, 333, 441.1929]
[20, 334, 440.9612]
[20, 335, 440.7913]
[20, 336, 440.556]
[20, 337, 440.2389]
[20, 338, 439.8934]
[20, 339, 439.6161]
[20, 340, 439.3623]
[20, 341, 439.0497]
[20, 342, 438.7178]
[20, 343, 438.3861]
[20, 344, 438.0833]
[20, 345, 437.7841]
[20, 346, 437.5037]
[20, 347, 437.2017]
[20, 348, 436.9041]
[20, 349, 436.6187]
[20, 350, 436.3218]
[20, 351, 435.9614]
[20, 352, 435.6104]
[20, 353, 435.2312]
[20, 354, 434.8773]
[20, 355, 434.5165]
[20, 356, 434.105]
[20, 357, 433.685]
[20, 358, 433.2193]
[20, 359, 432.7611]
[20, 360, 432.2976]
[20, 361, 431.7823]
[20, 362, 431.2585]
[20, 363, 430.7298]
[20, 364, 430.1976]
[20, 365, 429.6818]
[20, 366, 429.1628]
[20, 367, 428.552]
[20, 368, 427.9356]
[20, 369, 427.4075]
[20, 370, 426.8231]
[20, 371, 426.165]
[20, 372, 425.565]
[20, 373, 424.8877]
[20, 374, 424.2623]
[20, 375, 423.5575]
[20, 376, 422.8628]
[20, 377, 421.9515]
[20, 378, 421.0891]
[20, 379, 420.3659]
[20, 380, 419.6069]
[20, 381, 418.8539]
[20, 382, 418.1398]
[20, 383, 417.5007]
[20, 384, 416.8281]
[20, 385, 416.05]
[20, 386, 415.3795]
[20, 387, 414.7868]
[20, 388, 414.1862]
[20, 389, 413.571]
[20, 390, 413.13]
[20, 391, 412.6375]
[20, 392, 412.2156]
[20, 393, 411.788]
[20, 394, 411.4071]
[20, 395, 411.0669]
[20, 396, 410.7475]
[20, 397, 410.4152]
[20, 398, 410.1228]
[20, 399, 409.7358]
[20, 400, 409.3541]
[20, 401, 408.9612]
[20, 402, 408.5656]
[20, 403, 408.3297]
[20, 404, 408.1285]
[20, 405, 407.9024]
[20, 406, 407.6671]
[20, 407, 407.4151]
[20, 408, 407.1379]
[20, 409, 406.8066]
[20, 410, 406.4195]
[20, 411, 405.9958]
[20, 412, 405.6121]
[20, 413, 405.2527]
[20, 414, 404.8294]
[20, 415, 404.354]
[20, 416, 403.8689]
[20, 417, 403.4433]
[20, 418, 402.99]
[20, 419, 402.4851]
[20, 420, 402.1693]
[20, 421, 401.7233]
[20, 422, 401.1593]
[20, 423, 400.6816]
[20, 424, 400.1779]
[20, 425, 399.7426]
[20, 426, 399.2873]
[20, 427, 398.8078]
[20, 428, 398.3522]
[20, 429, 397.9242]
[20, 430, 397.4978]
[20, 431, 397.1711]
[20, 432, 396.8333]
[20, 433, 396.3237]
[20, 434, 395.8683]
[20, 435, 395.2913]
[20, 436, 394.69]
[20, 437, 394.1297]
[20, 438, 393.5447]
[20, 439, 392.8473]
[20, 440, 392.3262]
[20, 441, 391.8261]
[20, 442, 391.2604]
[20, 443, 390.6545]
[20, 444, 390.0539]
[20, 445, 389.4444]
[20, 446, 388.8443]
[20, 447, 388.2841]
[20, 448, 387.7857]
[20, 449, 387.3004]
[20, 450, 386.8903]
[20, 451, 386.4926]
[20, 452, 386.1425]
[20, 453, 385.976]
[20, 454, 385.8441]
[20, 455, 385.6145]
[20, 456, 385.1957]
[20, 457, 384.8241]
[20, 458, 384.5207]
[20, 459, 384.2392]
[20, 460, 384.0025]
[20, 461, 383.8561]
[20, 462, 383.6535]
[20, 463, 383.2975]
[20, 464, 383.3493]
[20, 465, 383.4104]
[20, 466, 383.3072]
[20, 467, 383.2475]
[20, 468, 383.1725]
[20, 469, 383.1075]
[20, 470, 383.0]
[20, 471, 382.8725]
[20, 472, 382.7775]
[20, 473, 382.7225]
[20, 474, 382.7275]
[20, 475, 382.59]
[20, 476, 382.45]
[20, 477, 382.34]
[20, 478, 382.25]
[20, 479, 382.1125]
[20, 480, 382.0275]
[20, 481, 381.95]
[20, 482, 381.8225]
[20, 483, 381.7075]
[20, 484, 381.53]
[20, 485, 381.3532]
[20, 486, 380.8879]
[20, 487, 380.64]
[20, 488, 380.5925]
[20, 489, 380.42]
[20, 490, 380.28]
[20, 491, 380.1325]
[20, 492, 379.9425]
[20, 493, 379.7375]
[20, 494, 379.575]
[20, 495, 379.4375]
[20, 496, 379.3]
[20, 497, 379.0869]
[20, 498, 378.7342]
[20, 499, 378.42]
[30, 499, 377.0875]
[30, 498, 377.095]
[30, 497, 377.3461]
[30, 496, 377.62]
[30, 495, 377.7925]
[30, 494, 377.945]
[30, 493, 378.05]
[30, 492, 378.1925]
[30, 491, 378.335]
[30, 490, 378.465]
[30, 489, 378.545]
[30, 488, 378.6575]
[30, 487, 378.7775]
[30, 486, 378.8125]
[30, 485, 378.8575]
[30, 484, 379.0426]
[30, 483, 379.2022]
[30, 482, 379.3867]
[30, 481, 379.5025]
[30, 480, 379.5275]
[30, 479, 379.61]
[30, 478, 379.7]
[30, 477, 379.7442]
[30, 476, 379.7725]
[30, 475, 379.7625]
[30, 474, 379.855]
[30, 473, 380.015]
[30, 472, 380.0816]
[30, 471, 380.1247]
[30, 470, 380.1825]
[30, 469, 380.2875]
[30, 468, 380.2575]
[30, 467, 380.3975]
[30, 466, 380.4053]
[30, 465, 380.3475]
[30, 464, 380.4225]
[30, 463, 380.7146]
[30, 462, 381.0188]
[30, 461, 381.1323]
[30, 460, 381.2951]
[30, 459, 381.3395]
[30, 458, 381.4625]
[30, 457, 381.72]
[30, 456, 382.005]
[30, 455, 382.2725]
[30, 454, 382.5125]
[30, 453, 382.705]
[30, 452, 382.9693]
[30, 451, 383.3163]
[30, 450, 383.6921]
[30, 449, 384.115]
[30, 448, 384.5275]
[30, 447, 384.9812]
[30, 446, 385.4275]
[30, 445, 385.8611]
[30, 444, 386.3182]
[30, 443, 386.7734]
[30, 442, 387.3311]
[30, 441, 387.8801]
[30, 440, 388.4296]
[30, 439, 389.0368]
[30, 438, 389.6435]
[30, 437, 390.215]
[30, 436, 390.7599]
[30, 435, 391.2557]
[30, 434, 391.7985]
[30, 433, 392.3683]
[30, 432, 392.8661]
[30, 431, 393.3606]
[30, 430, 394.0031]
[30, 429, 394.6039]
[30, 428, 395.18]
[30, 427, 395.675]
[30, 426, 396.108]
[30, 425, 396.5957]
[30, 424, 397.13]
[30, 423, 397.67]
[30, 422, 398.1875]
[30, 421, 398.6693]
[30, 420, 399.1217]
[30, 419, 399.5477]
[30, 418, 399.9566]
[30, 417, 400.3565]
[30, 416, 400.7784]
[30, 415, 401.2547]
[30, 414, 401.6668]
[30, 413, 402.1175]
[30, 412, 402.5799]
[30, 411, 403.0914]
[30, 410, 403.5746]
[30, 409, 404.0692]
[30, 408, 404.4053]
[30, 407, 404.5915]
[30, 406, 404.7055]
[30, 405, 405.2392]
[30, 404, 405.788]
[30, 403, 406.1213]
[30, 402, 406.4873]
[30, 401, 406.9209]
[30, 400, 407.1176]
[30, 399, 407.2201]
[30, 398, 407.5697]
[30, 397, 407.946]
[30, 396, 408.3425]
[30, 395, 408.7883]
[30, 394, 409.34]
[30, 393, 409.9338]
[30, 392, 410.5672]
[30, 391, 411.3349]
[30, 390, 411.9663]
[30, 389, 412.5759]
[30, 388, 413.2285]
[30, 387, 413.6577]
[30, 386, 414.0895]
[30, 385, 414.3116]
[30, 384, 414.4975]
[30, 383, 414.8402]
[30, 382, 415.3107]
[30, 381, 415.7575]
[30, 380, 416.3849]
[30, 379, 417.0459]
[30, 378, 417.7375]
[30, 377, 418.3143]
[30, 376, 418.885]
[30, 375, 419.5875]
[30, 374, 420.2221]
[30, 373, 420.9257]
[30, 372, 421.4875]
[30, 371, 422.0054]
[30, 370, 422.6174]
[30, 369, 423.1625]
[30, 368, 423.6491]
[30, 367, 424.1036]
[30, 366, 424.593]
[30, 365, 425.0305]
[30, 364, 425.5278]
[30, 363, 425.9125]
[30, 362, 426.2941]
[30, 361, 426.4564]
[30, 360, 426.5498]
[30, 359, 426.7832]
[30, 358, 427.263]
[30, 357, 427.7597]
[30, 356, 427.9841]
[30, 355, 428.274]
[30, 354, 428.6387]
[30, 353, 428.884]
[30, 352, 429.1663]
[30, 351, 429.4076]
[30, 350, 429.5864]
[30, 349, 429.8584]
[30, 348, 430.1282]
[30, 347, 430.5746]
[30, 346, 431.2064]
[30, 345, 431.8623]
[30, 344, 432.39]
[30, 343, 432.6856]
[30, 342, 433.0089]
[30, 341, 433.4054]
[30, 340, 433.86]
[30, 339, 434.1813]
[30, 338, 434.3446]
[30, 337, 434.5303]
[30, 336, 434.8787]
[30, 335, 435.1275]
[30, 334, 435.4254]
[30, 333, 435.7168]
[30, 332, 435.8949]
[30, 331, 436.0037]
[30, 330, 436.1353]
[30, 329, 436.2258]
[30, 328, 436.3217]
[30, 327, 436.482]
[30, 326, 436.6545]
[30, 325, 436.7935]
[30, 324, 437.0162]
[30, 323, 437.2159]
[30, 322, 437.4213]
[30, 321, 437.6347]
[30, 320, 437.7978]
[30, 319, 437.8854]
[30, 318, 438.0114]
[30, 317, 438.1925]
[30, 316, 438.4]
[30, 315, 438.435]
[30, 314, 438.4525]
[30, 313, 438.5375]
[30, 312, 438.62]
[30, 311, 438.71]
[30, 310, 438.8075]
[30, 309, 438.9275]
[30, 308, 438.915]
[30, 307, 438.91]
[30, 306, 438.955]
[30, 305, 438.9675]
[30, 304, 439.075]
[30, 303, 439.025]
[30, 302, 438.9925]
[30, 301, 438.9075]
[30, 300, 438.9825]
[30, 299, 438.9825]
[30, 298, 438.9575]
[30, 297, 438.8975]
[30, 296, 438.91]
[30, 295, 438.9375]
[30, 294, 438.88]
[30, 293, 438.775]
[30, 292, 438.8325]
[30, 291, 438.8175]
[30, 290, 438.82]
[30, 289, 438.76]
[30, 288, 438.715]
[30, 287, 438.6875]
[30, 286, 438.7175]
[30, 285, 438.685]
[30, 284, 438.6425]
[30, 283, 438.635]
[30, 282, 438.485]
[30, 281, 438.1975]
[30, 280, 438.1125]
[30, 279, 437.9675]
[30, 278, 437.8875]
[30, 277, 437.8925]
[30, 276, 437.9825]
[30, 275, 437.88]
[30, 274, 437.7425]
[30, 273, 437.7]
[30, 272, 437.59]
[30, 271, 437.3325]
[30, 270, 437.265]
[30, 269, 437.0475]
[30, 268, 436.77]
[30, 267, 436.4625]
[30, 266, 436.2025]
[30, 265, 436.055]
[30, 264, 435.845]
[30, 263, 435.4025]
[30, 262, 435.2625]
[30, 261, 435.055]
[30, 260, 434.795]
[30, 259, 434.5175]
[30, 258, 434.29]
[30, 257, 434.005]
[30, 256, 433.5925]
[30, 255, 433.2525]
[30, 254, 432.8825]
[30, 253, 432.495]
[30, 252, 432.215]
[30, 251, 431.9025]
[30, 250, 431.525]
[30, 249, 431.265]
[30, 248, 430.98]
[30, 247, 430.8425]
[30, 246, 430.7]
[30, 245, 430.515]
[30, 244, 430.4575]
[30, 243, 430.3075]
[30, 242, 430.3125]
[30, 241, 430.2525]
[30, 240, 430.1975]
[30, 239, 430.2275]
[30, 238, 430.175]
[30, 237, 430.1325]
[30, 236, 430.0425]
[30, 235, 429.9625]
[30, 234, 429.915]
[30, 233, 429.87]
[30, 232, 429.8575]
[30, 231, 429.8025]
[30, 230, 429.7475]
[30, 229, 429.69]
[30, 228, 429.635]
[30, 227, 429.5825]
[30, 226, 429.515]
[30, 225, 429.5025]
[30, 224, 429.545]
[30, 223, 429.6175]
[30, 222, 429.65]
[30, 221, 429.5975]
[30, 220, 429.46]
[30, 219, 429.4925]
[30, 218, 429.43]
[30, 217, 429.3975]
[30, 216, 429.2875]
[30, 215, 429.2325]
[30, 214, 429.205]
[30, 213, 429.33]
[30, 212, 429.4325]
[30, 211, 429.3525]
[30, 210, 429.27]
[30, 209, 429.17]
[30, 208, 429.11]
[30, 207, 429.0575]
[30, 206, 429.2425]
[30, 205, 429.265]
[30, 204, 429.235]
[30, 203, 429.1425]
[30, 202, 429.1325]
[30, 201, 429.14]
[30, 200, 429.15]
[30, 199, 429.1125]
[30, 198, 429.105]
[30, 197, 429.235]
[30, 196, 429.2275]
[30, 195, 429.225]
[30, 194, 429.255]
[30, 193, 429.275]
[30, 192, 429.2625]
[30, 191, 429.26]
[30, 190, 429.2275]
[30, 189, 429.2225]
[30, 188, 429.23]
[30, 187, 429.2]
[30, 186, 429.355]
[30, 185, 429.51]
[30, 184, 429.6725]
[30, 183, 429.8625]
[30, 182, 429.995]
[30, 181, 430.0875]
[30, 180, 430.12]
[30, 179, 430.1775]
[30, 178, 430.4125]
[30, 177, 430.615]
[30, 176, 430.6325]
[30, 175, 430.5675]
[30, 174, 430.88]
[30, 173, 431.2025]
[30, 172, 431.335]
[30, 171, 431.4375]
[30, 170, 431.575]
[30, 169, 431.7375]
[30, 168, 431.8775]
[30, 167, 431.9825]
[30, 166, 432.1225]
[30, 165, 432.28]
[30, 164, 432.375]
[30, 163, 432.4875]
[30, 162, 432.6025]
[30, 161, 432.7375]
[30, 160, 432.855]
[30, 159, 432.9675]
[30, 158, 432.99]
[30, 157, 432.695]
[30, 156, 432.66]
[30, 155, 433.1275]
[30, 154, 433.29]
[30, 153, 433.28]
[30, 152, 433.1775]
[30, 151, 433.315]
[30, 150, 433.71]
[30, 149, 433.9525]
[30, 148, 434.09]
[30, 147, 434.185]
[30, 146, 434.32]
[30, 145, 434.4175]
[30, 144, 434.5275]
[30, 143, 434.6375]
[30, 142, 434.725]
[30, 141, 434.775]
[30, 140, 434.91]
[30, 139, 435.0025]
[30, 138, 435.0825]
[30, 137, 435.165]
[30, 136, 435.205]
[30, 135, 435.31]
[30, 134, 435.3825]
[30, 133, 435.42]
[30, 132, 435.435]
[30, 131, 435.5375]
[30, 130, 435.6125]
[30, 129, 435.615]
[30, 128, 435.5975]
[30, 127, 435.4275]
[30, 126, 435.495]
[30, 125, 435.565]
[30, 124, 435.5325]
[30, 123, 435.5175]
[30, 122, 435.505]
[30, 121, 435.49]
[30, 120, 435.5325]
[30, 119, 435.5675]
[30, 118, 435.6075]
[30, 117, 435.705]
[30, 116, 435.7925]
[30, 115, 435.7025]
[30, 114, 435.5925]
[30, 113, 435.5775]
[30, 112, 435.6225]
[30, 111, 435.6075]
[30, 110, 435.49]
[30, 109, 435.67]
[30, 108, 436.19]
[30, 107, 436.4575]
[30, 106, 436.765]
[30, 105, 437.215]
[30, 104, 437.6275]
[30, 103, 437.9175]
[30, 102, 438.185]
[30, 101, 438.4425]
[30, 100, 438.7375]
[30, 99, 439.035]
[30, 98, 439.2025]
[30, 97, 439.3225]
[30, 96, 439.475]
[30, 95, 439.635]
[30, 94, 439.79]
[30, 93, 439.96]
[30, 92, 440.1325]
[30, 91, 440.305]
[30, 90, 440.5075]
[30, 89, 440.705]
[30, 88, 440.85]
[30, 87, 440.8375]
[30, 86, 440.885]
[30, 85, 441.17]
[30, 84, 441.4875]
[30, 83, 441.795]
[30, 82, 442.045]
[30, 81, 442.2425]
[30, 80, 442.42]
[30, 79, 442.655]
[30, 78, 442.8725]
[30, 77, 443.065]
[30, 76, 443.255]
[30, 75, 443.4225]
[30, 74, 443.69]
[30, 73, 443.93]
[30, 72, 444.0275]
[30, 71, 444.0175]
[30, 70, 444.2175]
[30, 69, 444.42]
[30, 68, 444.72]
[30, 67, 444.96]
[30, 66, 445.1275]
[30, 65, 445.3]
[30, 64, 445.4675]
[30, 63, 445.6675]
[30, 62, 445.84]
[30, 61, 445.8625]
[30, 60, 446.0425]
[30, 59, 446.18]
[30, 58, 446.3625]
[30, 57, 446.5975]
[30, 56, 446.9025]
[30, 55, 447.09]
[30, 54, 447.265]
[30, 53, 447.44]
[30, 52, 447.6575]
[30, 51, 447.8525]
[30, 50, 448.0425]
[30, 49, 448.1875]
[30, 48, 448.3275]
[30, 47, 448.465]
[30, 46, 448.6275]
[30, 45, 448.795]
[30, 44, 448.895]
[30, 43, 449.0475]
[30, 42, 449.2575]
[30, 41, 449.3675]
[30, 40, 449.55]
[30, 39, 449.735]
[30, 38, 449.885]
[30, 37, 450.0825]
[30, 36, 450.255]
[30, 35, 450.45]
[30, 34, 450.61]
[30, 33, 450.835]
[30, 32, 451.03]
[30, 31, 451.21]
[30, 30, 451.4425]
[30, 29, 451.62]
[30, 28, 451.8275]
[30, 27, 452.035]
[30, 26, 452.2025]
[30, 25, 452.3625]
[30, 24, 452.5]
[30, 23, 452.65]
[30, 22, 452.82]
[30, 21, 452.9825]
[30, 20, 453.1525]
[30, 19, 453.3925]
[30, 18, 453.555]
[30, 17, 453.7425]
[30, 16, 453.8875]
[30, 15, 454.075]
[30, 14, 454.29]
[30, 13, 454.485]
[30, 12, 454.705]
[30, 11, 454.9125]
[30, 10, 455.1425]
[30, 9, 455.395]
[30, 8, 455.61]
[30, 7, 455.835]
[30, 6, 456.08]
[30, 5, 456.3325]
[30, 4, 456.605]
[30, 3, 456.805]
[30, 2, 456.9875]
[30, 1, 457.2075]
[30, 0, 457.47]
[40, 0, 455.8975]
[40, 1, 455.715]
[40, 2, 455.57]
[40, 3, 455.3675]
[40, 4, 455.16]
[40, 5, 454.99]
[40, 6, 454.79]
[40, 7, 454.595]
[40, 8, 454.4]
[40, 9, 454.1975]
[40, 10, 454.04]
[40, 11, 453.8625]
[40, 12, 453.61]
[40, 13, 453.43]
[40, 14, 453.2025]
[40, 15, 453.0225]
[40, 16, 452.865]
[40, 17, 452.6575]
[40, 18, 452.4975]
[40, 19, 452.3125]
[40, 20, 452.18]
[40, 21, 452.0675]
[40, 22, 451.8925]
[40, 23, 451.6825]
[40, 24, 451.5325]
[40, 25, 451.415]
[40, 26, 451.235]
[40, 27, 451.055]
[40, 28, 450.875]
[40, 29, 450.7275]
[40, 30, 450.5625]
[40, 31, 450.365]
[40, 32, 450.145]
[40, 33, 449.94]
[40, 34, 449.685]
[40, 35, 449.4375]
[40, 36, 449.275]
[40, 37, 449.13]
[40, 38, 449.1025]
[40, 39, 449.0925]
[40, 40, 448.9925]
[40, 41, 448.8275]
[40, 42, 448.6675]
[40, 43, 448.51]
[40, 44, 448.405]
[40, 45, 448.39]
[40, 46, 448.26]
[40, 47, 448.0475]
[40, 48, 447.87]
[40, 49, 447.715]
[40, 50, 447.5825]
[40, 51, 447.3775]
[40, 52, 447.22]
[40, 53, 447.11]
[40, 54, 446.95]
[40, 55, 446.655]
[40, 56, 446.39]
[40, 57, 446.16]
[40, 58, 445.9725]
[40, 59, 445.8275]
[40, 60, 445.7325]
[40, 61, 445.565]
[40, 62, 445.3975]
[40, 63, 445.1775]
[40, 64, 444.87]
[40, 65, 444.635]
[40, 66, 444.405]
[40, 67, 444.065]
[40, 68, 443.7925]
[40, 69, 443.5275]
[40, 70, 443.225]
[40, 71, 442.875]
[40, 72, 442.51]
[40, 73, 442.185]
[40, 74, 441.8775]
[40, 75, 441.4975]
[40, 76, 441.095]
[40, 77, 440.5475]
[40, 78, 440.0625]
[40, 79, 439.5375]
[40, 80, 439.1975]
[40, 81, 439.05]
[40, 82, 439.04]
[40, 83, 439.115]
[40, 84, 438.9875]
[40, 85, 438.96]
[40, 86, 439.0]
[40, 87, 438.92]
[40, 88, 438.8175]
[40, 89, 438.64]
[40, 90, 438.5475]
[40, 91, 438.4425]
[40, 92, 438.32]
[40, 93, 438.1925]
[40, 94, 437.98]
[40, 95, 437.78]
[40, 96, 437.6525]
[40, 97, 437.5575]
[40, 98, 437.345]
[40, 99, 437.115]
[40, 100, 436.89]
[40, 101, 436.65]
[40, 102, 436.4525]
[40, 103, 436.295]
[40, 104, 436.1125]
[40, 105, 435.89]
[40, 106, 435.6675]
[40, 107, 435.42]
[40, 108, 435.1775]
[40, 109, 434.9025]
[40, 110, 434.5875]
[40, 111, 434.2375]
[40, 112, 434.055]
[40, 113, 434.0025]
[40, 114, 433.935]
[40, 115, 433.77]
[40, 116, 433.5125]
[40, 117, 433.1825]
[40, 118, 432.9275]
[40, 119, 432.785]
[40, 120, 432.705]
[40, 121, 432.69]
[40, 122, 432.5275]
[40, 123, 432.385]
[40, 124, 432.3075]
[40, 125, 432.34]
[40, 126, 432.56]
[40, 127, 432.6225]
[40, 128, 432.675]
[40, 129, 432.83]
[40, 130, 433.0825]
[40, 131, 433.095]
[40, 132, 433.0125]
[40, 133, 432.99]
[40, 134, 433.0]
[40, 135, 432.9575]
[40, 136, 432.9]
[40, 137, 432.8025]
[40, 138, 432.7]
[40, 139, 432.5825]
[40, 140, 432.4575]
[40, 141, 432.33]
[40, 142, 432.215]
[40, 143, 432.0875]
[40, 144, 431.9025]
[40, 145, 431.595]
[40, 146, 431.275]
[40, 147, 431.2225]
[40, 148, 431.1175]
[40, 149, 431.0125]
[40, 150, 430.935]
[40, 151, 430.72]
[40, 152, 430.565]
[40, 153, 430.4925]
[40, 154, 430.2725]
[40, 155, 429.9875]
[40, 156, 429.685]
[40, 157, 429.64]
[40, 158, 429.3625]
[40, 159, 428.7625]
[40, 160, 428.6425]
[40, 161, 428.895]
[40, 162, 429.125]
[40, 163, 429.06]
[40, 164, 429.055]
[40, 165, 428.9925]
[40, 166, 428.9325]
[40, 167, 428.8675]
[40, 168, 428.7875]
[40, 169, 428.75]
[40, 170, 428.77]
[40, 171, 428.7375]
[40, 172, 428.6725]
[40, 173, 428.6125]
[40, 174, 428.4075]
[40, 175, 428.1875]
[40, 176, 427.975]
[40, 177, 427.835]
[40, 178, 427.7125]
[40, 179, 427.5375]
[40, 180, 427.265]
[40, 181, 426.9675]
[40, 182, 426.9875]
[40, 183, 426.8075]
[40, 184, 426.4675]
[40, 185, 426.1825]
[40, 186, 426.385]
[40, 187, 426.3225]
[40, 188, 426.075]
[40, 189, 425.7725]
[40, 190, 425.775]
[40, 191, 425.7575]
[40, 192, 425.8175]
[40, 193, 425.8725]
[40, 194, 425.905]
[40, 195, 425.91]
[40, 196, 425.87]
[40, 197, 425.7875]
[40, 198, 425.915]
[40, 199, 425.8125]
[40, 200, 425.805]
[40, 201, 425.81]
[40, 202, 425.755]
[40, 203, 425.6225]
[40, 204, 425.8025]
[40, 205, 425.905]
[40, 206, 425.8875]
[40, 207, 425.85]
[40, 208, 425.8]
[40, 209, 425.78]
[40, 210, 425.73]
[40, 211, 425.6975]
[40, 212, 425.6825]
[40, 213, 425.665]
[40, 214, 425.68]
[40, 215, 425.5925]
[40, 216, 425.48]
[40, 217, 425.46]
[40, 218, 425.53]
[40, 219, 425.5275]
[40, 220, 425.4875]
[40, 221, 425.4125]
[40, 222, 425.4125]
[40, 223, 425.4]
[40, 224, 425.375]
[40, 225, 425.275]
[40, 226, 425.185]
[40, 227, 425.12]
[40, 228, 425.0075]
[40, 229, 424.9525]
[40, 230, 424.9]
[40, 231, 424.845]
[40, 232, 424.8925]
[40, 233, 424.965]
[40, 234, 425.055]
[40, 235, 425.04]
[40, 236, 424.98]
[40, 237, 424.9475]
[40, 238, 424.915]
[40, 239, 424.8975]
[40, 240, 424.9225]
[40, 241, 425.015]
[40, 242, 425.14]
[40, 243, 425.2]
[40, 244, 425.235]
[40, 245, 425.265]
[40, 246, 425.3275]
[40, 247, 425.43]
[40, 248, 425.4175]
[40, 249, 425.4075]
[40, 250, 425.2425]
[40, 251, 425.1425]
[40, 252, 425.1025]
[40, 253, 425.24]
[40, 254, 425.535]
[40, 255, 426.0125]
[40, 256, 426.4625]
[40, 257, 426.8625]
[40, 258, 427.015]
[40, 259, 427.29]
[40, 260, 427.5525]
[40, 261, 427.9075]
[40, 262, 428.2425]
[40, 263, 428.4225]
[40, 264, 428.6925]
[40, 265, 428.825]
[40, 266, 429.0575]
[40, 267, 429.315]
[40, 268, 429.4075]
[40, 269, 429.555]
[40, 270, 429.7425]
[40, 271, 429.96]
[40, 272, 430.28]
[40, 273, 430.44]
[40, 274, 430.485]
[40, 275, 430.7625]
[40, 276, 430.81]
[40, 277, 430.87]
[40, 278, 430.9325]
[40, 279, 430.9775]
[40, 280, 431.09]
[40, 281, 431.1775]
[40, 282, 431.205]
[40, 283, 431.2525]
[40, 284, 431.31]
[40, 285, 431.34]
[40, 286, 431.32]
[40, 287, 431.4225]
[40, 288, 431.5325]
[40, 289, 431.5325]
[40, 290, 431.465]
[40, 291, 431.415]
[40, 292, 431.3475]
[40, 293, 431.2575]
[40, 294, 431.205]
[40, 295, 431.2125]
[40, 296, 431.205]
[40, 297, 431.23]
[40, 298, 431.22]
[40, 299, 431.24]
[40, 300, 431.1625]
[40, 301, 431.1375]
[40, 302, 431.1375]
[40, 303, 431.2225]
[40, 304, 431.285]
[40, 305, 431.2975]
[40, 306, 431.2725]
[40, 307, 431.2025]
[40, 308, 431.165]
[40, 309, 431.1]
[40, 310, 431.06]
[40, 311, 430.9975]
[40, 312, 430.9425]
[40, 313, 430.945]
[40, 314, 430.8425]
[40, 315, 430.7225]
[40, 316, 430.6625]
[40, 317, 430.5975]
[40, 318, 430.5075]
[40, 319, 430.43]
[40, 320, 430.3507]
[40, 321, 430.1783]
[40, 322, 430.0514]
[40, 323, 429.9518]
[40, 324, 429.8874]
[40, 325, 429.7501]
[40, 326, 429.5675]
[40, 327, 429.423]
[40, 328, 429.3167]
[40, 329, 429.208]
[40, 330, 429.0712]
[40, 331, 428.927]
[40, 332, 428.8057]
[40, 333, 428.5849]
[40, 334, 428.5395]
[40, 335, 428.375]
[40, 336, 428.1946]
[40, 337, 427.9774]
[40, 338, 427.8243]
[40, 339, 427.6619]
[40, 340, 427.4319]
[40, 341, 427.1774]
[40, 342, 426.9461]
[40, 343, 426.6915]
[40, 344, 426.4358]
[40, 345, 426.2172]
[40, 346, 425.9982]
[40, 347, 425.7189]
[40, 348, 425.5505]
[40, 349, 425.2099]
[40, 350, 424.9903]
[40, 351, 424.8155]
[40, 352, 424.6061]
[40, 353, 424.3572]
[40, 354, 424.1211]
[40, 355, 423.8844]
[40, 356, 423.5275]
[40, 357, 423.1718]
[40, 358, 422.9589]
[40, 359, 422.7626]
[40, 360, 422.5395]
[40, 361, 422.3712]
[40, 362, 422.0993]
[40, 363, 421.8833]
[40, 364, 421.4296]
[40, 365, 420.9816]
[40, 366, 420.5342]
[40, 367, 420.1198]
[40, 368, 419.6075]
[40, 369, 419.164]
[40, 370, 418.7478]
[40, 371, 418.1691]
[40, 372, 417.7514]
[40, 373, 417.1679]
[40, 374, 416.6791]
[40, 375, 416.0824]
[40, 376, 415.5623]
[40, 377, 415.0155]
[40, 378, 414.2817]
[40, 379, 413.6363]
[40, 380, 413.0394]
[40, 381, 412.349]
[40, 382, 411.6338]
[40, 383, 410.7293]
[40, 384, 409.8672]
[40, 385, 409.1434]
[40, 386, 408.4678]
[40, 387, 407.7325]
[40, 388, 407.0444]
[40, 389, 406.2542]
[40, 390, 405.4928]
[40, 391, 404.9214]
[40, 392, 404.5678]
[40, 393, 404.2378]
[40, 394, 403.9664]
[40, 395, 403.7225]
[40, 396, 403.4523]
[40, 397, 403.1467]
[40, 398, 402.8459]
[40, 399, 402.5936]
[40, 400, 402.27]
[40, 401, 401.827]
[40, 402, 401.4647]
[40, 403, 401.3125]
[40, 404, 401.2382]
[40, 405, 401.0681]
[40, 406, 400.8104]
[40, 407, 400.485]
[40, 408, 400.2025]
[40, 409, 399.8988]
[40, 410, 399.5257]
[40, 411, 399.1765]
[40, 412, 398.8188]
[40, 413, 398.4477]
[40, 414, 398.0131]
[40, 415, 397.6825]
[40, 416, 397.4478]
[40, 417, 397.1825]
[40, 418, 396.8446]
[40, 419, 396.4491]
[40, 420, 396.0087]
[40, 421, 395.5192]
[40, 422, 395.0314]
[40, 423, 394.5687]
[40, 424, 394.1429]
[40, 425, 393.7044]
[40, 426, 393.2632]
[40, 427, 392.915]
[40, 428, 392.4825]
[40, 429, 392.0214]
[40, 430, 391.5676]
[40, 431, 391.0904]
[40, 432, 390.5996]
[40, 433, 390.082]
[40, 434, 389.5648]
[40, 435, 389.0857]
[40, 436, 388.5394]
[40, 437, 387.9368]
[40, 438, 387.3909]
[40, 439, 386.8671]
[40, 440, 386.3916]
[40, 441, 385.9575]
[40, 442, 385.4896]
[40, 443, 384.9332]
[40, 444, 384.4825]
[40, 445, 384.0561]
[40, 446, 383.5531]
[40, 447, 383.2199]
[40, 448, 382.847]
[40, 449, 382.4623]
[40, 450, 382.1284]
[40, 451, 381.7842]
[40, 452, 381.5041]
[40, 453, 381.2196]
[40, 454, 380.8205]
[40, 455, 380.5]
[40, 456, 380.3]
[40, 457, 380.08]
[40, 458, 379.8425]
[40, 459, 379.6275]
[40, 460, 379.3365]
[40, 461, 378.9378]
[40, 462, 378.7819]
[40, 463, 378.8628]
[40, 464, 378.8811]
[40, 465, 378.7395]
[40, 466, 378.2491]
[40, 467, 377.9675]
[40, 468, 377.9292]
[40, 469, 378.1138]
[40, 470, 378.0758]
[40, 471, 377.9355]
[40, 472, 377.6825]
[40, 473, 377.53]
[40, 474, 377.4675]
[40, 475, 377.4319]
[40, 476, 377.2896]
[40, 477, 377.0965]
[40, 478, 376.99]
[40, 479, 376.9625]
[40, 480, 376.9375]
[40, 481, 376.86]
[40, 482, 376.7625]
[40, 483, 376.7175]
[40, 484, 376.6975]
[40, 485, 376.6125]
[40, 486, 376.5175]
[40, 487, 376.4825]
[40, 488, 376.4275]
[40, 489, 376.355]
[40, 490, 376.3325]
[40, 491, 376.26]
[40, 492, 376.1775]
[40, 493, 376.055]
[40, 494, 375.9]
[40, 495, 375.765]
[40, 496, 375.64]
[40, 497, 375.4875]
[40, 498, 375.305]
[40, 499, 375.085]
[50, 499, 372.9325]
[50, 498, 373.13]
[50, 497, 373.3232]
[50, 496, 373.5075]
[50, 495, 373.7025]
[50, 494, 373.8925]
[50, 493, 374.005]
[50, 492, 374.0875]
[50, 491, 374.1775]
[50, 490, 374.2125]
[50, 489, 374.282]
[50, 488, 374.435]
[50, 487, 374.425]
[50, 486, 374.395]
[50, 485, 374.445]
[50, 484, 374.515]
[50, 483, 374.5075]
[50, 482, 374.6025]
[50, 481, 374.785]
[50, 480, 374.8103]
[50, 479, 374.4752]
[50, 478, 374.33]
[50, 477, 374.555]
[50, 476, 374.8097]
[50, 475, 374.8725]
[50, 474, 374.936]
[50, 473, 375.0647]
[50, 472, 374.905]
[50, 471, 374.7525]
[50, 470, 375.08]
[50, 469, 375.4075]
[50, 468, 375.745]
[50, 467, 376.05]
[50, 466, 376.29]
[50, 465, 376.445]
[50, 464, 376.6225]
[50, 463, 376.77]
[50, 462, 376.845]
[50, 461, 377.0025]
[50, 460, 377.2812]
[50, 459, 377.4625]
[50, 458, 377.67]
[50, 457, 377.9151]
[50, 456, 378.1541]
[50, 455, 378.4121]
[50, 454, 378.6597]
[50, 453, 378.7844]
[50, 452, 379.0868]
[50, 451, 379.35]
[50, 450, 379.6229]
[50, 449, 379.8798]
[50, 448, 380.2092]
[50, 447, 380.573]
[50, 446, 380.8779]
[50, 445, 381.367]
[50, 444, 381.9533]
[50, 443, 382.3956]
[50, 442, 382.7137]
[50, 441, 382.9792]
[50, 440, 383.3858]
[50, 439, 383.7992]
[50, 438, 384.1686]
[50, 437, 384.485]
[50, 436, 384.8691]
[50, 435, 385.3434]
[50, 434, 385.8713]
[50, 433, 386.41]
[50, 432, 386.9286]
[50, 431, 387.3039]
[50, 430, 387.6523]
[50, 429, 388.0821]
[50, 428, 388.3285]
[50, 427, 388.6471]
[50, 426, 389.0073]
[50, 425, 389.4682]
[50, 424, 389.9751]
[50, 423, 390.2809]
[50, 422, 390.5553]
[50, 421, 390.8686]
[50, 420, 391.2239]
[50, 419, 391.472]
[50, 418, 391.784]
[50, 417, 392.0475]
[50, 416, 392.4004]
[50, 415, 392.767]
[50, 414, 393.2253]
[50, 413, 393.5509]
[50, 412, 393.7433]
[50, 411, 393.9653]
[50, 410, 394.1984]
[50, 409, 394.4658]
[50, 408, 394.7857]
[50, 407, 395.086]
[50, 406, 395.3825]
[50, 405, 395.685]
[50, 404, 396.115]
[50, 403, 396.4492]
[50, 402, 396.8509]
[50, 401, 397.305]
[50, 400, 397.7002]
[50, 399, 398.0021]
[50, 398, 398.2817]
[50, 397, 398.3926]
[50, 396, 398.5178]
[50, 395, 398.9257]
[50, 394, 399.5814]
[50, 393, 400.2225]
[50, 392, 400.5668]
[50, 391, 400.9805]
[50, 390, 401.4078]
[50, 389, 401.8655]
[50, 388, 402.2736]
[50, 387, 402.7223]
[50, 386, 403.1596]
[50, 385, 403.5764]
[50, 384, 404.0425]
[50, 383, 404.4278]
[50, 382, 404.7851]
[50, 381, 405.1306]
[50, 380, 405.5302]
[50, 379, 405.8964]
[50, 378, 406.2411]
[50, 377, 406.6163]
[50, 376, 406.974]
[50, 375, 407.3623]
[50, 374, 407.6357]
[50, 373, 408.1424]
[50, 372, 408.5775]
[50, 371, 409.0776]
[50, 370, 409.5921]
[50, 369, 410.039]
[50, 368, 410.4949]
[50, 367, 410.9125]
[50, 366, 411.49]
[50, 365, 411.8659]
[50, 364, 412.3217]
[50, 363, 412.7682]
[50, 362, 413.1316]
[50, 361, 413.5897]
[50, 360, 413.99]
[50, 359, 414.3807]
[50, 358, 414.7463]
[50, 357, 415.2644]
[50, 356, 415.6586]
[50, 355, 415.9371]
[50, 354, 416.3068]
[50, 353, 416.6403]
[50, 352, 416.9795]
[50, 351, 417.2949]
[50, 350, 417.608]
[50, 349, 417.8711]
[50, 348, 418.1197]
[50, 347, 418.3125]
[50, 346, 418.535]
[50, 345, 418.7465]
[50, 344, 418.9778]
[50, 343, 419.1645]
[50, 342, 419.4696]
[50, 341, 419.7538]
[50, 340, 419.8292]
[50, 339, 419.9899]
[50, 338, 420.1527]
[50, 337, 420.35]
[50, 336, 420.6275]
[50, 335, 420.8092]
[50, 334, 420.9413]
[50, 333, 421.1046]
[50, 332, 421.2953]
[50, 331, 421.4333]
[50, 330, 421.5419]
[50, 329, 421.7132]
[50, 328, 421.9289]
[50, 327, 422.0401]
[50, 326, 422.2265]
[50, 325, 422.282]
[50, 324, 422.4037]
[50, 323, 422.4498]
[50, 322, 422.5999]
[50, 321, 422.655]
[50, 320, 422.655]
[50, 319, 422.76]
[50, 318, 422.8875]
[50, 317, 422.9675]
[50, 316, 423.04]
[50, 315, 423.09]
[50, 314, 423.135]
[50, 313, 423.18]
[50, 312, 423.31]
[50, 311, 423.405]
[50, 310, 423.4925]
[50, 309, 423.535]
[50, 308, 423.6175]
[50, 307, 423.6]
[50, 306, 423.6175]
[50, 305, 423.6425]
[50, 304, 423.7325]
[50, 303, 423.7775]
[50, 302, 423.86]
[50, 301, 423.9075]
[50, 300, 423.85]
[50, 299, 423.84]
[50, 298, 423.81]
[50, 297, 423.8275]
[50, 296, 423.84]
[50, 295, 423.85]
[50, 294, 423.89]
[50, 293, 423.9375]
[50, 292, 423.95]
[50, 291, 424.01]
[50, 290, 423.93]
[50, 289, 423.85]
[50, 288, 423.755]
[50, 287, 423.77]
[50, 286, 423.82]
[50, 285, 423.85]
[50, 284, 423.88]
[50, 283, 423.88]
[50, 282, 423.8525]
[50, 281, 423.79]
[50, 280, 423.685]
[50, 279, 423.5675]
[50, 278, 423.5175]
[50, 277, 423.46]
[50, 276, 423.3825]
[50, 275, 423.485]
[50, 274, 423.6375]
[50, 273, 423.4375]
[50, 272, 423.2]
[50, 271, 423.045]
[50, 270, 422.9175]
[50, 269, 422.7825]
[50, 268, 422.615]
[50, 267, 422.4]
[50, 266, 422.205]
[50, 265, 422.0125]
[50, 264, 421.7375]
[50, 263, 421.585]
[50, 262, 421.475]
[50, 261, 421.4775]
[50, 260, 421.42]
[50, 259, 421.155]
[50, 258, 421.0675]
[50, 257, 421.065]
[50, 256, 420.935]
[50, 255, 420.475]
[50, 254, 419.9525]
[50, 253, 419.6975]
[50, 252, 419.685]
[50, 251, 420.4075]
[50, 250, 420.8675]
[50, 249, 420.9575]
[50, 248, 421.0025]
[50, 247, 421.0075]
[50, 246, 420.9925]
[50, 245, 420.9775]
[50, 244, 420.92]
[50, 243, 420.96]
[50, 242, 421.0]
[50, 241, 420.995]
[50, 240, 420.97]
[50, 239, 420.985]
[50, 238, 421.06]
[50, 237, 421.1575]
[50, 236, 421.1175]
[50, 235, 421.0575]
[50, 234, 421.0075]
[50, 233, 420.9425]
[50, 232, 420.9675]
[50, 231, 420.975]
[50, 230, 421.0025]
[50, 229, 421.025]
[50, 228, 421.08]
[50, 227, 421.2125]
[50, 226, 421.285]
[50, 225, 421.4025]
[50, 224, 421.5475]
[50, 223, 421.5725]
[50, 222, 421.57]
[50, 221, 421.585]
[50, 220, 421.625]
[50, 219, 421.715]
[50, 218, 421.84]
[50, 217, 421.95]
[50, 216, 422.0475]
[50, 215, 422.0975]
[50, 214, 422.1825]
[50, 213, 422.2975]
[50, 212, 422.325]
[50, 211, 422.3625]
[50, 210, 422.415]
[50, 209, 422.48]
[50, 208, 422.6125]
[50, 207, 422.6825]
[50, 206, 422.74]
[50, 205, 422.755]
[50, 204, 422.7575]
[50, 203, 422.5575]
[50, 202, 422.3325]
[50, 201, 422.39]
[50, 200, 422.735]
[50, 199, 422.895]
[50, 198, 423.03]
[50, 197, 423.1025]
[50, 196, 423.165]
[50, 195, 423.155]
[50, 194, 423.04]
[50, 193, 423.13]
[50, 192, 423.375]
[50, 191, 423.5425]
[50, 190, 423.7275]
[50, 189, 423.8425]
[50, 188, 423.9325]
[50, 187, 423.8275]
[50, 186, 423.6575]
[50, 185, 423.8775]
[50, 184, 424.0875]
[50, 183, 424.26]
[50, 182, 424.5025]
[50, 181, 424.7275]
[50, 180, 424.88]
[50, 179, 425.005]
[50, 178, 425.11]
[50, 177, 425.12]
[50, 176, 425.1475]
[50, 175, 425.18]
[50, 174, 425.2175]
[50, 173, 425.195]
[50, 172, 425.0975]
[50, 171, 425.0725]
[50, 170, 425.045]
[50, 169, 425.0475]
[50, 168, 425.0125]
[50, 167, 424.94]
[50, 166, 425.0175]
[50, 165, 425.0725]
[50, 164, 424.995]
[50, 163, 424.9925]
[50, 162, 425.4425]
[50, 161, 425.8275]
[50, 160, 426.2975]
[50, 159, 426.595]
[50, 158, 426.8675]
[50, 157, 427.07]
[50, 156, 427.23]
[50, 155, 427.41]
[50, 154, 427.565]
[50, 153, 427.8]
[50, 152, 427.9725]
[50, 151, 428.155]
[50, 150, 428.3525]
[50, 149, 428.59]
[50, 148, 428.8175]
[50, 147, 429.055]
[50, 146, 429.3325]
[50, 145, 429.62]
[50, 144, 429.8175]
[50, 143, 429.99]
[50, 142, 430.25]
[50, 141, 430.49]
[50, 140, 430.7425]
[50, 139, 430.9275]
[50, 138, 431.005]
[50, 137, 431.09]
[50, 136, 431.065]
[50, 135, 431.065]
[50, 134, 431.0625]
[50, 133, 431.12]
[50, 132, 431.055]
[50, 131, 430.74]
[50, 130, 430.37]
[50, 129, 430.11]
[50, 128, 429.8725]
[50, 127, 429.84]
[50, 126, 430.14]
[50, 125, 430.395]
[50, 124, 430.7575]
[50, 123, 431.12]
[50, 122, 431.3525]
[50, 121, 431.675]
[50, 120, 431.87]
[50, 119, 431.98]
[50, 118, 432.06]
[50, 117, 432.2]
[50, 116, 432.3775]
[50, 115, 432.52]
[50, 114, 432.645]
[50, 113, 432.7925]
[50, 112, 432.9275]
[50, 111, 433.1325]
[50, 110, 433.285]
[50, 109, 433.4475]
[50, 108, 433.5725]
[50, 107, 433.685]
[50, 106, 433.8075]
[50, 105, 433.9725]
[50, 104, 434.065]
[50, 103, 434.16]
[50, 102, 434.315]
[50, 101, 434.51]
[50, 100, 434.7625]
[50, 99, 434.96]
[50, 98, 435.195]
[50, 97, 435.4475]
[50, 96, 435.5875]
[50, 95, 435.77]
[50, 94, 435.925]
[50, 93, 435.95]
[50, 92, 435.7125]
[50, 91, 435.4475]
[50, 90, 435.215]
[50, 89, 435.26]
[50, 88, 435.8775]
[50, 87, 436.4]
[50, 86, 436.9225]
[50, 85, 437.2775]
[50, 84, 437.515]
[50, 83, 437.8125]
[50, 82, 438.09]
[50, 81, 438.34]
[50, 80, 438.6425]
[50, 79, 439.0]
[50, 78, 439.36]
[50, 77, 439.74]
[50, 76, 440.135]
[50, 75, 440.49]
[50, 74, 440.77]
[50, 73, 441.0975]
[50, 72, 441.4325]
[50, 71, 441.635]
[50, 70, 441.8125]
[50, 69, 442.125]
[50, 68, 442.3975]
[50, 67, 442.6075]
[50, 66, 442.845]
[50, 65, 443.175]
[50, 64, 443.4875]
[50, 63, 443.72]
[50, 62, 443.945]
[50, 61, 444.2225]
[50, 60, 444.49]
[50, 59, 444.7025]
[50, 58, 444.8875]
[50, 57, 445.11]
[50, 56, 445.2825]
[50, 55, 445.4625]
[50, 54, 445.625]
[50, 53, 445.77]
[50, 52, 445.9375]
[50, 51, 446.1275]
[50, 50, 446.255]
[50, 49, 446.3175]
[50, 48, 446.3725]
[50, 47, 446.5225]
[50, 46, 446.7625]
[50, 45, 446.985]
[50, 44, 447.0925]
[50, 43, 447.21]
[50, 42, 447.32]
[50, 41, 447.4275]
[50, 40, 447.545]
[50, 39, 447.71]
[50, 38, 447.765]
[50, 37, 447.925]
[50, 36, 448.12]
[50, 35, 448.2875]
[50, 34, 448.4425]
[50, 33, 448.5525]
[50, 32, 448.7275]
[50, 31, 448.9225]
[50, 30, 449.07]
[50, 29, 449.24]
[50, 28, 449.46]
[50, 27, 449.66]
[50, 26, 449.835]
[50, 25, 450.0225]
[50, 24, 450.1825]
[50, 23, 450.3575]
[50, 22, 450.5125]
[50, 21, 450.6725]
[50, 20, 450.87]
[50, 19, 451.0125]
[50, 18, 451.1625]
[50, 17, 451.335]
[50, 16, 451.4675]
[50, 15, 451.62]
[50, 14, 451.7025]
[50, 13, 451.8825]
[50, 12, 451.985]
[50, 11, 452.08]
[50, 10, 452.2375]
[50, 9, 452.375]
[50, 8, 452.5675]
[50, 7, 452.7375]
[50, 6, 452.9025]
[50, 5, 453.0775]
[50, 4, 453.2075]
[50, 3, 453.385]
[50, 2, 453.5675]
[50, 1, 453.7575]
[50, 0, 453.9325]
[60, 0, 451.9325]
[60, 1, 451.73]
[60, 2, 451.5225]
[60, 3, 451.2775]
[60, 4, 451.04]
[60, 5, 450.8375]
[60, 6, 450.6325]
[60, 7, 450.4325]
[60, 8, 450.24]
[60, 9, 450.0125]
[60, 10, 449.81]
[60, 11, 449.655]
[60, 12, 449.4575]
[60, 13, 449.2875]
[60, 14, 449.1]
[60, 15, 448.985]
[60, 16, 448.86]
[60, 17, 448.7375]
[60, 18, 448.6175]
[60, 19, 448.4625]
[60, 20, 448.3725]
[60, 21, 448.2925]
[60, 22, 448.185]
[60, 23, 448.085]
[60, 24, 447.93]
[60, 25, 447.7725]
[60, 26, 447.6225]
[60, 27, 447.475]
[60, 28, 447.3125]
[60, 29, 447.115]
[60, 30, 446.9325]
[60, 31, 446.8175]
[60, 32, 446.68]
[60, 33, 446.54]
[60, 34, 446.4325]
[60, 35, 446.2475]
[60, 36, 446.025]
[60, 37, 445.7725]
[60, 38, 445.6325]
[60, 39, 445.51]
[60, 40, 445.36]
[60, 41, 445.185]
[60, 42, 445.07]
[60, 43, 444.9575]
[60, 44, 444.7825]
[60, 45, 444.6775]
[60, 46, 444.575]
[60, 47, 444.5]
[60, 48, 444.3925]
[60, 49, 444.2725]
[60, 50, 444.145]
[60, 51, 443.9725]
[60, 52, 443.825]
[60, 53, 443.5725]
[60, 54, 443.3325]
[60, 55, 443.175]
[60, 56, 442.98]
[60, 57, 442.7775]
[60, 58, 442.5525]
[60, 59, 442.3]
[60, 60, 442.025]
[60, 61, 441.7875]
[60, 62, 441.685]
[60, 63, 441.4725]
[60, 64, 441.18]
[60, 65, 440.9575]
[60, 66, 440.7375]
[60, 67, 440.4875]
[60, 68, 440.29]
[60, 69, 440.085]
[60, 70, 439.905]
[60, 71, 439.6475]
[60, 72, 439.39]
[60, 73, 439.165]
[60, 74, 439.0225]
[60, 75, 438.7525]
[60, 76, 438.42]
[60, 77, 438.1475]
[60, 78, 437.9525]
[60, 79, 437.6275]
[60, 80, 437.2425]
[60, 81, 436.8275]
[60, 82, 436.5075]
[60, 83, 436.1575]
[60, 84, 435.8025]
[60, 85, 435.465]
[60, 86, 435.095]
[60, 87, 434.7675]
[60, 88, 434.4625]
[60, 89, 434.1425]
[60, 90, 433.8875]
[60, 91, 433.5775]
[60, 92, 433.27]
[60, 93, 432.935]
[60, 94, 432.4775]
[60, 95, 432.0]
[60, 96, 431.55]
[60, 97, 431.61]
[60, 98, 431.9575]
[60, 99, 432.055]
[60, 100, 432.0025]
[60, 101, 431.88]
[60, 102, 431.72]
[60, 103, 431.545]
[60, 104, 431.3825]
[60, 105, 431.1325]
[60, 106, 431.025]
[60, 107, 431.2075]
[60, 108, 431.255]
[60, 109, 431.185]
[60, 110, 431.1275]
[60, 111, 431.015]
[60, 112, 430.9525]
[60, 113, 430.805]
[60, 114, 430.6775]
[60, 115, 430.645]
[60, 116, 430.5525]
[60, 117, 430.43]
[60, 118, 430.265]
[60, 119, 430.16]
[60, 120, 429.9975]
[60, 121, 429.3825]
[60, 122, 428.5]
[60, 123, 427.7475]
[60, 124, 427.525]
[60, 125, 428.1125]
[60, 126, 428.81]
[60, 127, 429.5475]
[60, 128, 429.9]
[60, 129, 430.0475]
[60, 130, 430.1475]
[60, 131, 430.1775]
[60, 132, 430.1975]
[60, 133, 430.14]
[60, 134, 430.04]
[60, 135, 429.9075]
[60, 136, 429.7875]
[60, 137, 429.64]
[60, 138, 429.475]
[60, 139, 429.285]
[60, 140, 429.0725]
[60, 141, 428.785]
[60, 142, 428.49]
[60, 143, 428.15]
[60, 144, 427.7625]
[60, 145, 427.5375]
[60, 146, 427.275]
[60, 147, 426.9625]
[60, 148, 426.85]
[60, 149, 426.7625]
[60, 150, 426.615]
[60, 151, 426.5025]
[60, 152, 426.3525]
[60, 153, 426.165]
[60, 154, 425.845]
[60, 155, 425.8075]
[60, 156, 425.6725]
[60, 157, 425.5075]
[60, 158, 425.1625]
[60, 159, 424.955]
[60, 160, 424.765]
[60, 161, 424.4225]
[60, 162, 424.295]
[60, 163, 424.0675]
[60, 164, 423.7575]
[60, 165, 423.4225]
[60, 166, 423.0425]
[60, 167, 422.5925]
[60, 168, 422.0575]
[60, 169, 421.75]
[60, 170, 422.035]
[60, 171, 422.105]
[60, 172, 422.055]
[60, 173, 422.065]
[60, 174, 422.0975]
[60, 175, 422.1225]
[60, 176, 422.08]
[60, 177, 422.0425]
[60, 178, 421.9625]
[60, 179, 421.8725]
[60, 180, 421.83]
[60, 181, 421.765]
[60, 182, 421.7275]
[60, 183, 421.6725]
[60, 184, 421.5675]
[60, 185, 421.2875]
[60, 186, 421.295]
[60, 187, 421.305]
[60, 188, 421.1325]
[60, 189, 420.95]
[60, 190, 420.9375]
[60, 191, 420.935]
[60, 192, 420.715]
[60, 193, 420.625]
[60, 194, 420.405]
[60, 195, 420.1075]
[60, 196, 419.88]
[60, 197, 419.69]
[60, 198, 419.8]
[60, 199, 419.935]
[60, 200, 420.0825]
[60, 201, 420.0375]
[60, 202, 419.735]
[60, 203, 419.4125]
[60, 204, 419.5125]
[60, 205, 419.6425]
[60, 206, 419.6775]
[60, 207, 419.6075]
[60, 208, 419.465]
[60, 209, 419.4075]
[60, 210, 419.31]
[60, 211, 419.22]
[60, 212, 419.165]
[60, 213, 419.0675]
[60, 214, 418.92]
[60, 215, 418.8]
[60, 216, 418.685]
[60, 217, 418.4175]
[60, 218, 418.4225]
[60, 219, 418.435]
[60, 220, 418.3625]
[60, 221, 418.2225]
[60, 222, 418.0475]
[60, 223, 418.0075]
[60, 224, 417.8575]
[60, 225, 417.74]
[60, 226, 417.6625]
[60, 227, 417.585]
[60, 228, 417.5175]
[60, 229, 417.6]
[60, 230, 417.56]
[60, 231, 417.36]
[60, 232, 416.99]
[60, 233, 416.9725]
[60, 234, 417.0925]
[60, 235, 417.0975]
[60, 236, 417.03]
[60, 237, 417.0225]
[60, 238, 417.06]
[60, 239, 417.065]
[60, 240, 416.9975]
[60, 241, 416.965]
[60, 242, 416.9]
[60, 243, 416.85]
[60, 244, 416.7775]
[60, 245, 416.68]
[60, 246, 416.5375]
[60, 247, 416.4225]
[60, 248, 416.3475]
[60, 249, 416.195]
[60, 250, 416.075]
[60, 251, 415.9475]
[60, 252, 415.6725]
[60, 253, 415.325]
[60, 254, 415.04]
[60, 255, 414.86]
[60, 256, 415.08]
[60, 257, 415.4025]
[60, 258, 415.5125]
[60, 259, 415.5325]
[60, 260, 415.4875]
[60, 261, 415.175]
[60, 262, 415.06]
[60, 263, 415.02]
[60, 264, 415.0625]
[60, 265, 415.41]
[60, 266, 415.5075]
[60, 267, 415.765]
[60, 268, 416.0125]
[60, 269, 416.1425]
[60, 270, 416.31]
[60, 271, 416.5075]
[60, 272, 416.7525]
[60, 273, 416.8175]
[60, 274, 416.97]
[60, 275, 417.1475]
[60, 276, 417.1625]
[60, 277, 417.2225]
[60, 278, 417.2175]
[60, 279, 417.1475]
[60, 280, 417.14]
[60, 281, 417.1525]
[60, 282, 417.2875]
[60, 283, 417.31]
[60, 284, 417.235]
[60, 285, 417.195]
[60, 286, 417.1025]
[60, 287, 417.08]
[60, 288, 417.0475]
[60, 289, 416.9775]
[60, 290, 416.975]
[60, 291, 416.985]
[60, 292, 416.985]
[60, 293, 416.9475]
[60, 294, 416.8475]
[60, 295, 416.84]
[60, 296, 416.78]
[60, 297, 416.7225]
[60, 298, 416.73]
[60, 299, 416.7]
[60, 300, 416.5975]
[60, 301, 416.5075]
[60, 302, 416.4]
[60, 303, 416.2725]
[60, 304, 416.07]
[60, 305, 415.8775]
[60, 306, 415.735]
[60, 307, 415.6575]
[60, 308, 415.55]
[60, 309, 415.4425]
[60, 310, 415.385]
[60, 311, 415.325]
[60, 312, 415.1075]
[60, 313, 415.0275]
[60, 314, 414.935]
[60, 315, 414.86]
[60, 316, 414.83]
[60, 317, 414.7275]
[60, 318, 414.5825]
[60, 319, 414.4675]
[60, 320, 414.365]
[60, 321, 414.2]
[60, 322, 414.02]
[60, 323, 413.9425]
[60, 324, 413.7953]
[60, 325, 413.7471]
[60, 326, 413.6026]
[60, 327, 413.4569]
[60, 328, 413.3243]
[60, 329, 413.2069]
[60, 330, 413.0747]
[60, 331, 412.9128]
[60, 332, 412.571]
[60, 333, 412.2791]
[60, 334, 412.0121]
[60, 335, 411.7946]
[60, 336, 411.5125]
[60, 337, 411.2388]
[60, 338, 411.0778]
[60, 339, 410.8673]
[60, 340, 410.6038]
[60, 341, 410.3609]
[60, 342, 410.034]
[60, 343, 409.6436]
[60, 344, 409.3388]
[60, 345, 409.0942]
[60, 346, 408.797]
[60, 347, 408.4893]
[60, 348, 408.1355]
[60, 349, 407.7246]
[60, 350, 407.3269]
[60, 351, 406.9208]
[60, 352, 406.5431]
[60, 353, 406.1871]
[60, 354, 405.8798]
[60, 355, 405.5068]
[60, 356, 405.0967]
[60, 357, 404.6702]
[60, 358, 404.1675]
[60, 359, 403.7958]
[60, 360, 403.4544]
[60, 361, 403.0431]
[60, 362, 402.6786]
[60, 363, 402.2122]
[60, 364, 401.9574]
[60, 365, 401.6744]
[60, 366, 401.3932]
[60, 367, 401.2243]
[60, 368, 401.045]
[60, 369, 400.8974]
[60, 370, 400.7515]
[60, 371, 400.5273]
[60, 372, 400.3252]
[60, 373, 400.1671]
[60, 374, 399.9798]
[60, 375, 399.8398]
[60, 376, 399.7623]
[60, 377, 399.667]
[60, 378, 399.6201]
[60, 379, 399.5075]
[60, 380, 399.47]
[60, 381, 399.3475]
[60, 382, 399.278]
[60, 383, 399.1885]
[60, 384, 399.1268]
[60, 385, 399.0474]
[60, 386, 398.9233]
[60, 387, 398.8407]
[60, 388, 398.6044]
[60, 389, 398.3766]
[60, 390, 398.135]
[60, 391, 397.8773]
[60, 392, 397.5948]
[60, 393, 397.2666]
[60, 394, 396.8439]
[60, 395, 396.402]
[60, 396, 395.9393]
[60, 397, 395.4548]
[60, 398, 395.0428]
[60, 399, 394.5892]
[60, 400, 394.0298]
[60, 401, 393.4783]
[60, 402, 393.0314]
[60, 403, 392.6272]
[60, 404, 392.2839]
[60, 405, 391.9549]
[60, 406, 391.6528]
[60, 407, 391.415]
[60, 408, 391.19]
[60, 409, 391.0716]
[60, 410, 390.8589]
[60, 411, 390.4853]
[60, 412, 390.2197]
[60, 413, 390.0288]
[60, 414, 389.7635]
[60, 415, 389.4371]
[60, 416, 389.1188]
[60, 417, 388.8842]
[60, 418, 388.5825]
[60, 419, 388.3175]
[60, 420, 388.2125]
[60, 421, 388.0273]
[60, 422, 387.7278]
[60, 423, 387.2873]
[60, 424, 387.1213]
[60, 425, 386.7259]
[60, 426, 386.2711]
[60, 427, 385.8919]
[60, 428, 385.5776]
[60, 429, 385.448]
[60, 430, 385.2447]
[60, 431, 384.7561]
[60, 432, 384.2801]
[60, 433, 383.9883]
[60, 434, 383.6022]
[60, 435, 383.1531]
[60, 436, 382.6136]
[60, 437, 381.9926]
[60, 438, 381.3623]
[60, 439, 380.9094]
[60, 440, 380.6148]
[60, 441, 380.296]
[60, 442, 379.9088]
[60, 443, 379.437]
[60, 444, 379.0185]
[60, 445, 378.6528]
[60, 446, 378.4094]
[60, 447, 378.0635]
[60, 448, 377.995]
[60, 449, 377.7914]
[60, 450, 377.4975]
[60, 451, 377.1763]
[60, 452, 376.905]
[60, 453, 376.6574]
[60, 454, 376.42]
[60, 455, 376.1825]
[60, 456, 375.975]
[60, 457, 375.7575]
[60, 458, 375.535]
[60, 459, 375.25]
[60, 460, 375.025]
[60, 461, 374.8376]
[60, 462, 374.5425]
[60, 463, 374.3025]
[60, 464, 374.18]
[60, 465, 374.03]
[60, 466, 373.8621]
[60, 467, 373.6125]
[60, 468, 373.42]
[60, 469, 373.2725]
[60, 470, 373.1425]
[60, 471, 372.9693]
[60, 472, 372.605]
[60, 473, 372.215]
[60, 474, 372.08]
[60, 475, 372.3015]
[60, 476, 372.6351]
[60, 477, 372.8325]
[60, 478, 372.91]
[60, 479, 372.8425]
[60, 480, 372.6008]
[60, 481, 372.385]
[60, 482, 372.29]
[60, 483, 372.1925]
[60, 484, 372.2825]
[60, 485, 372.26]
[60, 486, 372.1775]
[60, 487, 372.145]
[60, 488, 372.0925]
[60, 489, 372.0475]
[60, 490, 371.97]
[60, 491, 371.7975]
[60, 492, 371.8925]
[60, 493, 371.92]
[60, 494, 371.8175]
[60, 495, 371.6175]
[60, 496, 371.365]
[60, 497, 371.14]
[60, 498, 370.8893]
[60, 499, 370.6506]
[70, 499, 368.2853]
[70, 498, 368.4925]
[70, 497, 368.6318]
[70, 496, 368.7764]
[70, 495, 368.9727]
[70, 494, 369.089]
[70, 493, 369.2325]
[70, 492, 369.225]
[70, 491, 369.2525]
[70, 490, 369.38]
[70, 489, 369.4551]
[70, 488, 369.4823]
[70, 487, 369.6638]
[70, 486, 369.67]
[70, 485, 369.4282]
[70, 484, 369.1462]
[70, 483, 369.2174]
[70, 482, 369.564]
[70, 481, 369.7825]
[70, 480, 369.8308]
[70, 479, 369.4721]
[70, 478, 369.3588]
[70, 477, 369.6675]
[70, 476, 369.8275]
[70, 475, 369.98]
[70, 474, 370.2344]
[70, 473, 370.5071]
[70, 472, 370.7525]
[70, 471, 370.965]
[70, 470, 371.0825]
[70, 469, 371.165]
[70, 468, 371.2425]
[70, 467, 371.2625]
[70, 466, 371.3794]
[70, 465, 371.6938]
[70, 464, 371.9485]
[70, 463, 372.2323]
[70, 462, 372.6977]
[70, 461, 373.041]
[70, 460, 373.3533]
[70, 459, 373.4276]
[70, 458, 373.7705]
[70, 457, 374.0843]
[70, 456, 374.3473]
[70, 455, 374.525]
[70, 454, 374.6675]
[70, 453, 374.9367]
[70, 452, 375.105]
[70, 451, 375.155]
[70, 450, 375.3978]
[70, 449, 375.8877]
[70, 448, 376.2425]
[70, 447, 376.555]
[70, 446, 376.9166]
[70, 445, 377.3472]
[70, 444, 377.7025]
[70, 443, 378.1455]
[70, 442, 378.6674]
[70, 441, 379.2338]
[70, 440, 379.655]
[70, 439, 380.0972]
[70, 438, 380.4815]
[70, 437, 380.8144]
[70, 436, 381.1009]
[70, 435, 381.3692]
[70, 434, 381.6463]
[70, 433, 381.8898]
[70, 432, 382.0789]
[70, 431, 382.2712]
[70, 430, 382.7111]
[70, 429, 383.1373]
[70, 428, 383.3616]
[70, 427, 383.6468]
[70, 426, 383.9903]
[70, 425, 384.3596]
[70, 424, 384.4304]
[70, 423, 384.6168]
[70, 422, 384.7779]
[70, 421, 384.9475]
[70, 420, 385.2058]
[70, 419, 385.3775]
[70, 418, 385.46]
[70, 417, 385.5824]
[70, 416, 385.8079]
[70, 415, 385.955]
[70, 414, 386.09]
[70, 413, 386.3874]
[70, 412, 386.6516]
[70, 411, 386.8818]
[70, 410, 387.0465]
[70, 409, 387.1191]
[70, 408, 387.3322]
[70, 407, 387.5052]
[70, 406, 387.6471]
[70, 405, 387.7917]
[70, 404, 387.9824]
[70, 403, 388.3346]
[70, 402, 388.6163]
[70, 401, 388.8615]
[70, 400, 389.0725]
[70, 399, 389.4255]
[70, 398, 389.7545]
[70, 397, 389.9494]
[70, 396, 390.0754]
[70, 395, 390.1773]
[70, 394, 390.3963]
[70, 393, 390.6153]
[70, 392, 390.8724]
[70, 391, 390.8831]
[70, 390, 390.9713]
[70, 389, 391.0927]
[70, 388, 390.9871]
[70, 387, 391.1529]
[70, 386, 391.6613]
[70, 385, 392.0709]
[70, 384, 392.3535]
[70, 383, 392.5716]
[70, 382, 392.7581]
[70, 381, 392.8793]
[70, 380, 392.9153]
[70, 379, 393.0614]
[70, 378, 393.1622]
[70, 377, 393.2663]
[70, 376, 393.3564]
[70, 375, 393.4288]
[70, 374, 393.5224]
[70, 373, 393.6204]
[70, 372, 393.7074]
[70, 371, 393.8002]
[70, 370, 393.8566]
[70, 369, 393.9265]
[70, 368, 394.0426]
[70, 367, 394.1825]
[70, 366, 394.2667]
[70, 365, 394.3375]
[70, 364, 394.4525]
[70, 363, 394.5925]
[70, 362, 394.7325]
[70, 361, 394.8483]
[70, 360, 394.9661]
[70, 359, 395.075]
[70, 358, 395.1225]
[70, 357, 395.18]
[70, 356, 395.2725]
[70, 355, 395.3925]
[70, 354, 395.5594]
[70, 353, 395.7251]
[70, 352, 395.9541]
[70, 351, 396.2425]
[70, 350, 396.3532]
[70, 349, 396.7267]
[70, 348, 397.128]
[70, 347, 397.4307]
[70, 346, 397.7125]
[70, 345, 397.9904]
[70, 344, 398.174]
[70, 343, 398.3975]
[70, 342, 398.6625]
[70, 341, 398.9625]
[70, 340, 399.2346]
[70, 339, 399.5487]
[70, 338, 399.8506]
[70, 337, 400.0636]
[70, 336, 400.3039]
[70, 335, 400.6357]
[70, 334, 400.9836]
[70, 333, 401.3108]
[70, 332, 401.6618]
[70, 331, 402.0212]
[70, 330, 402.3878]
[70, 329, 402.5965]
[70, 328, 402.8038]
[70, 327, 403.1001]
[70, 326, 403.3845]
[70, 325, 403.6025]
[70, 324, 404.0325]
[70, 323, 404.3725]
[70, 322, 404.56]
[70, 321, 404.8025]
[70, 320, 405.1875]
[70, 319, 405.515]
[70, 318, 405.6025]
[70, 317, 405.8125]
[70, 316, 405.92]
[70, 315, 406.0725]
[70, 314, 406.4525]
[70, 313, 406.41]
[70, 312, 406.5175]
[70, 311, 406.7725]
[70, 310, 407.04]
[70, 309, 407.3275]
[70, 308, 407.6175]
[70, 307, 407.7475]
[70, 306, 407.755]
[70, 305, 407.9325]
[70, 304, 408.1825]
[70, 303, 408.3075]
[70, 302, 408.425]
[70, 301, 408.62]
[70, 300, 408.7925]
[70, 299, 408.93]
[70, 298, 409.155]
[70, 297, 409.3]
[70, 296, 409.5575]
[70, 295, 409.71]
[70, 294, 409.8375]
[70, 293, 409.9825]
[70, 292, 410.05]
[70, 291, 410.23]
[70, 290, 410.3]
[70, 289, 410.415]
[70, 288, 410.5825]
[70, 287, 410.715]
[70, 286, 410.84]
[70, 285, 410.88]
[70, 284, 410.7475]
[70, 283, 410.86]
[70, 282, 410.9475]
[70, 281, 410.8675]
[70, 280, 410.875]
[70, 279, 410.915]
[70, 278, 410.9225]
[70, 277, 410.8425]
[70, 276, 410.8575]
[70, 275, 410.775]
[70, 274, 410.4025]
[70, 273, 410.3275]
[70, 272, 410.2675]
[70, 271, 410.15]
[70, 270, 410.075]
[70, 269, 409.99]
[70, 268, 409.9375]
[70, 267, 409.92]
[70, 266, 410.0025]
[70, 265, 410.165]
[70, 264, 410.315]
[70, 263, 410.5]
[70, 262, 410.625]
[70, 261, 410.81]
[70, 260, 410.9625]
[70, 259, 410.8675]
[70, 258, 410.5075]
[70, 257, 410.34]
[70, 256, 410.6825]
[70, 255, 411.35]
[70, 254, 411.5675]
[70, 253, 411.5525]
[70, 252, 411.565]
[70, 251, 411.52]
[70, 250, 411.5175]
[70, 249, 411.4825]
[70, 248, 411.445]
[70, 247, 411.53]
[70, 246, 411.7025]
[70, 245, 411.96]
[70, 244, 412.09]
[70, 243, 412.25]
[70, 242, 412.395]
[70, 241, 412.3875]
[70, 240, 412.4475]
[70, 239, 412.535]
[70, 238, 412.61]
[70, 237, 412.795]
[70, 236, 412.92]
[70, 235, 412.9725]
[70, 234, 413.0225]
[70, 233, 413.0825]
[70, 232, 413.2225]
[70, 231, 413.37]
[70, 230, 413.505]
[70, 229, 413.6]
[70, 228, 413.5325]
[70, 227, 413.5475]
[70, 226, 413.74]
[70, 225, 413.9775]
[70, 224, 414.095]
[70, 223, 414.2075]
[70, 222, 414.2]
[70, 221, 414.28]
[70, 220, 414.505]
[70, 219, 414.6775]
[70, 218, 414.815]
[70, 217, 414.93]
[70, 216, 415.1375]
[70, 215, 415.365]
[70, 214, 415.5425]
[70, 213, 415.71]
[70, 212, 415.885]
[70, 211, 416.0875]
[70, 210, 416.325]
[70, 209, 416.4575]
[70, 208, 416.265]
[70, 207, 416.53]
[70, 206, 416.815]
[70, 205, 416.91]
[70, 204, 416.93]
[70, 203, 416.675]
[70, 202, 416.315]
[70, 201, 416.38]
[70, 200, 416.9675]
[70, 199, 417.295]
[70, 198, 417.4925]
[70, 197, 417.68]
[70, 196, 417.65]
[70, 195, 417.3125]
[70, 194, 417.975]
[70, 193, 418.27]
[70, 192, 418.4625]
[70, 191, 418.585]
[70, 190, 418.7275]
[70, 189, 418.6775]
[70, 188, 418.6475]
[70, 187, 418.6225]
[70, 186, 418.7975]
[70, 185, 419.035]
[70, 184, 419.1925]
[70, 183, 419.305]
[70, 182, 419.385]
[70, 181, 419.5075]
[70, 180, 419.605]
[70, 179, 419.68]
[70, 178, 419.7225]
[70, 177, 419.835]
[70, 176, 419.955]
[70, 175, 420.0875]
[70, 174, 420.1875]
[70, 173, 420.32]
[70, 172, 420.4425]
[70, 171, 420.53]
[70, 170, 420.6275]
[70, 169, 420.7]
[70, 168, 420.6925]
[70, 167, 420.7475]
[70, 166, 420.8125]
[70, 165, 420.8925]
[70, 164, 421.0075]
[70, 163, 421.0725]
[70, 162, 421.1825]
[70, 161, 421.2275]
[70, 160, 421.245]
[70, 159, 421.3475]
[70, 158, 421.4625]
[70, 157, 421.59]
[70, 156, 421.7975]
[70, 155, 422.0475]
[70, 154, 422.41]
[70, 153, 422.8825]
[70, 152, 423.39]
[70, 151, 423.8625]
[70, 150, 424.33]
[70, 149, 424.6775]
[70, 148, 425.0075]
[70, 147, 425.2875]
[70, 146, 425.5875]
[70, 145, 425.915]
[70, 144, 426.125]
[70, 143, 426.39]
[70, 142, 426.6675]
[70, 141, 426.86]
[70, 140, 427.04]
[70, 139, 427.2425]
[70, 138, 427.375]
[70, 137, 427.5475]
[70, 136, 427.69]
[70, 135, 427.75]
[70, 134, 427.8075]
[70, 133, 427.9075]
[70, 132, 428.01]
[70, 131, 428.0275]
[70, 130, 427.9975]
[70, 129, 427.97]
[70, 128, 427.915]
[70, 127, 427.805]
[70, 126, 427.585]
[70, 125, 427.105]
[70, 124, 426.23]
[70, 123, 425.2575]
[70, 122, 424.765]
[70, 121, 425.29]
[70, 120, 426.1825]
[70, 119, 427.0075]
[70, 118, 427.6775]
[70, 117, 427.9175]
[70, 116, 427.995]
[70, 115, 428.0275]
[70, 114, 428.01]
[70, 113, 428.075]
[70, 112, 428.19]
[70, 111, 428.245]
[70, 110, 428.18]
[70, 109, 427.94]
[70, 108, 427.5725]
[70, 107, 427.2475]
[70, 106, 427.215]
[70, 105, 427.57]
[70, 104, 427.8875]
[70, 103, 428.3125]
[70, 102, 428.74]
[70, 101, 429.0625]
[70, 100, 429.415]
[70, 99, 429.72]
[70, 98, 429.9925]
[70, 97, 430.2775]
[70, 96, 430.5425]
[70, 95, 430.7975]
[70, 94, 431.0575]
[70, 93, 431.24]
[70, 92, 431.45]
[70, 91, 431.6975]
[70, 90, 431.97]
[70, 89, 432.1875]
[70, 88, 432.4475]
[70, 87, 432.7225]
[70, 86, 433.0125]
[70, 85, 433.2825]
[70, 84, 433.5625]
[70, 83, 433.8225]
[70, 82, 434.115]
[70, 81, 434.4125]
[70, 80, 434.6675]
[70, 79, 434.9875]
[70, 78, 435.245]
[70, 77, 435.4275]
[70, 76, 435.64]
[70, 75, 435.93]
[70, 74, 436.185]
[70, 73, 436.405]
[70, 72, 436.64]
[70, 71, 436.8025]
[70, 70, 436.975]
[70, 69, 437.0725]
[70, 68, 437.26]
[70, 67, 437.46]
[70, 66, 437.63]
[70, 65, 437.815]
[70, 64, 438.0575]
[70, 63, 438.2325]
[70, 62, 438.3875]
[70, 61, 438.4675]
[70, 60, 438.66]
[70, 59, 438.8375]
[70, 58, 439.01]
[70, 57, 439.22]
[70, 56, 439.3475]
[70, 55, 439.5025]
[70, 54, 439.685]
[70, 53, 439.825]
[70, 52, 439.94]
[70, 51, 440.0825]
[70, 50, 440.1675]
[70, 49, 440.3275]
[70, 48, 440.5675]
[70, 47, 440.8275]
[70, 46, 441.055]
[70, 45, 441.3625]
[70, 44, 441.5975]
[70, 43, 441.8575]
[70, 42, 442.12]
[70, 41, 442.2975]
[70, 40, 442.515]
[70, 39, 442.705]
[70, 38, 442.995]
[70, 37, 443.2075]
[70, 36, 443.4]
[70, 35, 443.5625]
[70, 34, 443.7325]
[70, 33, 443.8975]
[70, 32, 444.04]
[70, 31, 444.19]
[70, 30, 444.335]
[70, 29, 444.5]
[70, 28, 444.6925]
[70, 27, 444.8325]
[70, 26, 444.995]
[70, 25, 445.195]
[70, 24, 445.3675]
[70, 23, 445.415]
[70, 22, 445.5275]
[70, 21, 445.655]
[70, 20, 445.9425]
[70, 19, 446.12]
[70, 18, 446.245]
[70, 17, 446.3725]
[70, 16, 446.57]
[70, 15, 446.7125]
[70, 14, 446.8125]
[70, 13, 446.9325]
[70, 12, 447.0625]
[70, 11, 447.2025]
[70, 10, 447.3575]
[70, 9, 447.52]
[70, 8, 447.66]
[70, 7, 447.8575]
[70, 6, 448.02]
[70, 5, 448.2075]
[70, 4, 448.4475]
[70, 3, 448.67]
[70, 2, 448.9125]
[70, 1, 449.1175]
[70, 0, 449.36]
[80, 0, 446.65]
[80, 1, 446.55]
[80, 2, 446.3375]
[80, 3, 446.1575]
[80, 4, 445.9925]
[80, 5, 445.8475]
[80, 6, 445.755]
[80, 7, 445.6275]
[80, 8, 445.5]
[80, 9, 445.35]
[80, 10, 445.2]
[80, 11, 445.0725]
[80, 12, 444.9525]
[80, 13, 444.81]
[80, 14, 444.635]
[80, 15, 444.4575]
[80, 16, 444.3275]
[80, 17, 444.125]
[80, 18, 443.8625]
[80, 19, 443.645]
[80, 20, 443.505]
[80, 21, 443.305]
[80, 22, 443.07]
[80, 23, 442.875]
[80, 24, 442.6975]
[80, 25, 442.5425]
[80, 26, 442.3625]
[80, 27, 442.2075]
[80, 28, 441.875]
[80, 29, 441.695]
[80, 30, 441.43]
[80, 31, 441.18]
[80, 32, 440.9525]
[80, 33, 440.7475]
[80, 34, 440.6]
[80, 35, 440.4425]
[80, 36, 440.265]
[80, 37, 440.0725]
[80, 38, 439.8775]
[80, 39, 439.64]
[80, 40, 439.4625]
[80, 41, 439.35]
[80, 42, 439.1975]
[80, 43, 439.0125]
[80, 44, 438.8525]
[80, 45, 438.6725]
[80, 46, 438.5175]
[80, 47, 438.3075]
[80, 48, 438.1]
[80, 49, 437.8675]
[80, 50, 437.61]
[80, 51, 437.3475]
[80, 52, 437.085]
[80, 53, 436.8125]
[80, 54, 436.5625]
[80, 55, 436.305]
[80, 56, 436.0925]
[80, 57, 435.89]
[80, 58, 435.7175]
[80, 59, 435.5475]
[80, 60, 435.4125]
[80, 61, 435.26]
[80, 62, 435.1525]
[80, 63, 435.0625]
[80, 64, 434.9625]
[80, 65, 434.815]
[80, 66, 434.6275]
[80, 67, 434.5125]
[80, 68, 434.3875]
[80, 69, 434.21]
[80, 70, 433.9975]
[80, 71, 433.7925]
[80, 72, 433.595]
[80, 73, 433.4175]
[80, 74, 433.2325]
[80, 75, 433.065]
[80, 76, 432.8525]
[80, 77, 432.6275]
[80, 78, 432.385]
[80, 79, 432.145]
[80, 80, 431.835]
[80, 81, 431.55]
[80, 82, 431.295]
[80, 83, 431.0175]
[80, 84, 430.785]
[80, 85, 430.5225]
[80, 86, 430.2875]
[80, 87, 430.04]
[80, 88, 429.7875]
[80, 89, 429.4925]
[80, 90, 429.2225]
[80, 91, 428.905]
[80, 92, 428.59]
[80, 93, 428.285]
[80, 94, 427.9575]
[80, 95, 427.6825]
[80, 96, 427.365]
[80, 97, 427.1575]
[80, 98, 426.9275]
[80, 99, 426.685]
[80, 100, 426.4625]
[80, 101, 426.345]
[80, 102, 426.2625]
[80, 103, 426.19]
[80, 104, 426.1]
[80, 105, 425.995]
[80, 106, 425.79]
[80, 107, 425.465]
[80, 108, 425.02]
[80, 109, 424.4775]
[80, 110, 423.7775]
[80, 111, 423.6275]
[80, 112, 423.9275]
[80, 113, 424.3825]
[80, 114, 424.665]
[80, 115, 424.6475]
[80, 116, 424.48]
[80, 117, 424.2225]
[80, 118, 423.795]
[80, 119, 423.295]
[80, 120, 422.545]
[80, 121, 421.5875]
[80, 122, 421.6175]
[80, 123, 422.54]
[80, 124, 423.9425]
[80, 125, 424.9825]
[80, 126, 425.265]
[80, 127, 425.3525]
[80, 128, 425.3675]
[80, 129, 425.33]
[80, 130, 425.2625]
[80, 131, 425.1875]
[80, 132, 425.06]
[80, 133, 424.9475]
[80, 134, 424.8275]
[80, 135, 424.695]
[80, 136, 424.5525]
[80, 137, 424.395]
[80, 138, 424.285]
[80, 139, 424.205]
[80, 140, 424.095]
[80, 141, 423.9575]
[80, 142, 423.8025]
[80, 143, 423.625]
[80, 144, 423.47]
[80, 145, 423.3275]
[80, 146, 423.1725]
[80, 147, 423.0225]
[80, 148, 422.8425]
[80, 149, 422.63]
[80, 150, 422.3275]
[80, 151, 421.9975]
[80, 152, 421.7075]
[80, 153, 421.44]
[80, 154, 421.1475]
[80, 155, 420.7975]
[80, 156, 420.4525]
[80, 157, 420.1175]
[80, 158, 419.775]
[80, 159, 419.505]
[80, 160, 419.27]
[80, 161, 419.11]
[80, 162, 419.09]
[80, 163, 419.0325]
[80, 164, 419.025]
[80, 165, 419.0]
[80, 166, 418.9025]
[80, 167, 418.87]
[80, 168, 418.815]
[80, 169, 418.805]
[80, 170, 418.695]
[80, 171, 418.6425]
[80, 172, 418.5825]
[80, 173, 418.31]
[80, 174, 418.22]
[80, 175, 418.2575]
[80, 176, 418.11]
[80, 177, 417.9525]
[80, 178, 417.7675]
[80, 179, 417.5425]
[80, 180, 417.3]
[80, 181, 417.1525]
[80, 182, 417.0725]
[80, 183, 416.92]
[80, 184, 416.6975]
[80, 185, 416.5175]
[80, 186, 416.4775]
[80, 187, 416.35]
[80, 188, 416.275]
[80, 189, 416.2675]
[80, 190, 416.1]
[80, 191, 415.735]
[80, 192, 415.4025]
[80, 193, 415.125]
[80, 194, 415.2575]
[80, 195, 415.3975]
[80, 196, 415.1875]
[80, 197, 414.7875]
[80, 198, 414.3575]
[80, 199, 413.9475]
[80, 200, 414.0225]
[80, 201, 414.0175]
[80, 202, 413.8425]
[80, 203, 413.67]
[80, 204, 413.665]
[80, 205, 413.5225]
[80, 206, 413.0025]
[80, 207, 412.8575]
[80, 208, 412.9075]
[80, 209, 412.88]
[80, 210, 412.7775]
[80, 211, 412.5625]
[80, 212, 412.1725]
[80, 213, 411.7875]
[80, 214, 411.895]
[80, 215, 411.8625]
[80, 216, 411.725]
[80, 217, 411.5475]
[80, 218, 411.3775]
[80, 219, 411.235]
[80, 220, 411.125]
[80, 221, 410.84]
[80, 222, 410.535]
[80, 223, 410.2175]
[80, 224, 410.035]
[80, 225, 409.905]
[80, 226, 409.9]
[80, 227, 409.9125]
[80, 228, 409.8475]
[80, 229, 409.5975]
[80, 230, 409.675]
[80, 231, 409.69]
[80, 232, 409.65]
[80, 233, 409.5675]
[80, 234, 409.4775]
[80, 235, 409.3575]
[80, 236, 409.175]
[80, 237, 409.0875]
[80, 238, 408.9925]
[80, 239, 408.78]
[80, 240, 408.4625]
[80, 241, 408.28]
[80, 242, 408.2125]
[80, 243, 408.0475]
[80, 244, 407.8775]
[80, 245, 407.7275]
[80, 246, 407.44]
[80, 247, 407.28]
[80, 248, 407.0925]
[80, 249, 406.9075]
[80, 250, 406.9575]
[80, 251, 406.845]
[80, 252, 406.6325]
[80, 253, 406.475]
[80, 254, 406.2725]
[80, 255, 406.1425]
[80, 256, 406.03]
[80, 257, 406.04]
[80, 258, 405.9875]
[80, 259, 405.855]
[80, 260, 405.525]
[80, 261, 405.355]
[80, 262, 405.3375]
[80, 263, 405.725]
[80, 264, 405.945]
[80, 265, 405.825]
[80, 266, 405.575]
[80, 267, 405.255]
[80, 268, 404.7375]
[80, 269, 404.5525]
[80, 270, 404.68]
[80, 271, 404.695]
[80, 272, 404.5075]
[80, 273, 404.34]
[80, 274, 404.1025]
[80, 275, 404.08]
[80, 276, 404.01]
[80, 277, 403.915]
[80, 278, 403.785]
[80, 279, 403.5325]
[80, 280, 403.28]
[80, 281, 403.085]
[80, 282, 403.0275]
[80, 283, 402.8425]
[80, 284, 402.65]
[80, 285, 402.5625]
[80, 286, 402.43]
[80, 287, 402.2825]
[80, 288, 402.2]
[80, 289, 402.0975]
[80, 290, 401.8875]
[80, 291, 401.615]
[80, 292, 401.5325]
[80, 293, 401.2375]
[80, 294, 400.95]
[80, 295, 400.74]
[80, 296, 400.575]
[80, 297, 400.4325]
[80, 298, 400.15]
[80, 299, 399.87]
[80, 300, 399.495]
[80, 301, 399.21]
[80, 302, 399.0525]
[80, 303, 399.0675]
[80, 304, 398.9425]
[80, 305, 398.715]
[80, 306, 398.595]
[80, 307, 398.535]
[80, 308, 398.44]
[80, 309, 398.29]
[80, 310, 398.1425]
[80, 311, 397.9975]
[80, 312, 397.8175]
[80, 313, 397.6025]
[80, 314, 397.13]
[80, 315, 396.8275]
[80, 316, 396.385]
[80, 317, 395.87]
[80, 318, 395.4475]
[80, 319, 395.26]
[80, 320, 394.8475]
[80, 321, 394.6225]
[80, 322, 394.54]
[80, 323, 394.3325]
[80, 324, 394.31]
[80, 325, 394.2225]
[80, 326, 394.0625]
[80, 327, 393.8925]
[80, 328, 393.7861]
[80, 329, 393.7473]
[80, 330, 393.6423]
[80, 331, 393.5023]
[80, 332, 393.5709]
[80, 333, 393.5708]
[80, 334, 393.612]
[80, 335, 393.579]
[80, 336, 393.6193]
[80, 337, 393.5965]
[80, 338, 393.4615]
[80, 339, 393.2957]
[80, 340, 393.37]
[80, 341, 393.3742]
[80, 342, 393.3002]
[80, 343, 393.215]
[80, 344, 393.1425]
[80, 345, 393.0275]
[80, 346, 392.8488]
[80, 347, 392.715]
[80, 348, 392.6614]
[80, 349, 392.5825]
[80, 350, 392.5]
[80, 351, 392.4923]
[80, 352, 392.2674]
[80, 353, 392.2175]
[80, 354, 392.1677]
[80, 355, 392.01]
[80, 356, 391.9196]
[80, 357, 391.7296]
[80, 358, 391.645]
[80, 359, 391.6872]
[80, 360, 391.5853]
[80, 361, 391.4925]
[80, 362, 391.4026]
[80, 363, 391.285]
[80, 364, 391.1675]
[80, 365, 391.075]
[80, 366, 390.99]
[80, 367, 390.91]
[80, 368, 390.8075]
[80, 369, 390.81]
[80, 370, 390.7525]
[80, 371, 390.65]
[80, 372, 390.5625]
[80, 373, 390.5325]
[80, 374, 390.475]
[80, 375, 390.45]
[80, 376, 390.425]
[80, 377, 390.39]
[80, 378, 390.34]
[80, 379, 390.285]
[80, 380, 390.21]
[80, 381, 390.0875]
[80, 382, 390.0225]
[80, 383, 389.9125]
[80, 384, 389.7925]
[80, 385, 389.605]
[80, 386, 389.3946]
[80, 387, 389.155]
[80, 388, 388.925]
[80, 389, 388.7172]
[80, 390, 388.6199]
[80, 391, 388.3697]
[80, 392, 388.0984]
[80, 393, 387.829]
[80, 394, 387.4819]
[80, 395, 387.1195]
[80, 396, 386.5271]
[80, 397, 385.8798]
[80, 398, 385.4953]
[80, 399, 385.4152]
[80, 400, 385.4257]
[80, 401, 385.3795]
[80, 402, 385.2493]
[80, 403, 385.0452]
[80, 404, 384.7061]
[80, 405, 384.3233]
[80, 406, 384.1021]
[80, 407, 384.1959]
[80, 408, 384.0726]
[80, 409, 383.8023]
[80, 410, 383.5995]
[80, 411, 383.44]
[80, 412, 383.2591]
[80, 413, 382.9956]
[80, 414, 382.5401]
[80, 415, 382.4484]
[80, 416, 382.171]
[80, 417, 381.7944]
[80, 418, 381.5401]
[80, 419, 381.3274]
[80, 420, 381.3396]
[80, 421, 381.1057]
[80, 422, 380.8292]
[80, 423, 380.4812]
[80, 424, 380.1528]
[80, 425, 379.8678]
[80, 426, 379.5879]
[80, 427, 379.3005]
[80, 428, 379.1138]
[80, 429, 379.0903]
[80, 430, 379.0103]
[80, 431, 378.7253]
[80, 432, 378.3276]
[80, 433, 377.9998]
[80, 434, 377.6233]
[80, 435, 377.2084]
[80, 436, 376.9538]
[80, 437, 376.7099]
[80, 438, 376.5736]
[80, 439, 376.3591]
[80, 440, 376.1376]
[80, 441, 375.8138]
[80, 442, 375.4397]
[80, 443, 375.2118]
[80, 444, 375.0517]
[80, 445, 374.7227]
[80, 446, 374.2745]
[80, 447, 373.9096]
[80, 448, 373.6338]
[80, 449, 373.4174]
[80, 450, 373.1696]
[80, 451, 372.9062]
[80, 452, 372.6227]
[80, 453, 372.3053]
[80, 454, 372.0376]
[80, 455, 371.6373]
[80, 456, 371.1363]
[80, 457, 370.7794]
[80, 458, 370.4441]
[80, 459, 370.2543]
[80, 460, 370.0588]
[80, 461, 369.849]
[80, 462, 369.7898]
[80, 463, 369.766]
[80, 464, 369.5701]
[80, 465, 369.3032]
[80, 466, 369.1661]
[80, 467, 369.1181]
[80, 468, 368.995]
[80, 469, 368.6776]
[80, 470, 368.3483]
[80, 471, 368.2344]
[80, 472, 368.2182]
[80, 473, 368.0932]
[80, 474, 367.806]
[80, 475, 367.4894]
[80, 476, 367.1893]
[80, 477, 366.93]
[80, 478, 366.6232]
[80, 479, 366.5627]
[80, 480, 366.4129]
[80, 481, 366.16]
[80, 482, 365.9449]
[80, 483, 365.7475]
[80, 484, 365.93]
[80, 485, 366.1976]
[80, 486, 366.2915]
[80, 487, 366.3274]
[80, 488, 366.3166]
[80, 489, 366.216]
[80, 490, 366.0761]
[80, 491, 365.9211]
[80, 492, 365.9364]
[80, 493, 365.8288]
[80, 494, 365.6495]
[80, 495, 365.5425]
[80, 496, 365.5375]
[80, 497, 365.444]
[80, 498, 365.0536]
[80, 499, 364.8222]
[90, 499, 362.1965]
[90, 498, 362.328]
[90, 497, 362.4941]
[90, 496, 362.5148]
[90, 495, 362.5225]
[90, 494, 362.4775]
[90, 493, 362.56]
[90, 492, 362.75]
[90, 491, 362.9675]
[90, 490, 363.0025]
[90, 489, 363.0634]
[90, 488, 363.0388]
[90, 487, 363.0]
[90, 486, 362.9292]
[90, 485, 362.7725]
[90, 484, 362.8678]
[90, 483, 363.2564]
[90, 482, 363.5675]
[90, 481, 363.565]
[90, 480, 363.7094]
[90, 479, 363.8647]
[90, 478, 364.0098]
[90, 477, 364.1465]
[90, 476, 364.3168]
[90, 475, 364.5901]
[90, 474, 364.8241]
[90, 473, 364.9617]
[90, 472, 365.1536]
[90, 471, 365.3061]
[90, 470, 365.3745]
[90, 469, 365.3807]
[90, 468, 365.2625]
[90, 467, 365.6117]
[90, 466, 365.9326]
[90, 465, 366.3223]
[90, 464, 366.5078]
[90, 463, 366.6134]
[90, 462, 366.6596]
[90, 461, 366.502]
[90, 460, 366.3471]
[90, 459, 366.3845]
[90, 458, 366.715]
[90, 457, 367.0418]
[90, 456, 367.4533]
[90, 455, 367.816]
[90, 454, 368.1867]
[90, 453, 368.4489]
[90, 452, 368.6985]
[90, 451, 368.9528]
[90, 450, 369.2236]
[90, 449, 369.4412]
[90, 448, 369.5603]
[90, 447, 369.7725]
[90, 446, 370.0025]
[90, 445, 370.1575]
[90, 444, 370.3425]
[90, 443, 370.5152]
[90, 442, 370.7939]
[90, 441, 371.0536]
[90, 440, 371.2433]
[90, 439, 371.4133]
[90, 438, 371.6301]
[90, 437, 371.8375]
[90, 436, 372.0718]
[90, 435, 372.2939]
[90, 434, 372.516]
[90, 433, 372.6298]
[90, 432, 372.9297]
[90, 431, 373.276]
[90, 430, 373.7431]
[90, 429, 374.3045]
[90, 428, 374.7366]
[90, 427, 375.1565]
[90, 426, 375.7082]
[90, 425, 376.1158]
[90, 424, 376.4708]
[90, 423, 376.8638]
[90, 422, 377.3264]
[90, 421, 377.6324]
[90, 420, 377.732]
[90, 419, 378.0231]
[90, 418, 378.4413]
[90, 417, 378.8428]
[90, 416, 379.1306]
[90, 415, 379.3733]
[90, 414, 379.5047]
[90, 413, 379.3933]
[90, 412, 379.4923]
[90, 411, 379.5467]
[90, 410, 379.5106]
[90, 409, 379.8128]
[90, 408, 380.3116]
[90, 407, 380.6891]
[90, 406, 381.2878]
[90, 405, 381.5579]
[90, 404, 381.7925]
[90, 403, 382.0919]
[90, 402, 382.4257]
[90, 401, 382.8239]
[90, 400, 383.2361]
[90, 399, 383.5887]
[90, 398, 383.8324]
[90, 397, 384.0833]
[90, 396, 384.415]
[90, 395, 384.6897]
[90, 394, 385.0313]
[90, 393, 385.3131]
[90, 392, 385.6294]
[90, 391, 385.9362]
[90, 390, 386.2397]
[90, 389, 386.4936]
[90, 388, 386.6822]
[90, 387, 386.8792]
[90, 386, 387.1441]
[90, 385, 387.3903]
[90, 384, 387.5724]
[90, 383, 387.645]
[90, 382, 387.7475]
[90, 381, 387.8075]
[90, 380, 387.8625]
[90, 379, 387.945]
[90, 378, 388.0375]
[90, 377, 388.0675]
[90, 376, 388.0725]
[90, 375, 388.075]
[90, 374, 388.07]
[90, 373, 388.02]
[90, 372, 388.135]
[90, 371, 388.2275]
[90, 370, 388.235]
[90, 369, 388.3025]
[90, 368, 388.3725]
[90, 367, 388.3538]
[90, 366, 388.274]
[90, 365, 388.3875]
[90, 364, 388.4708]
[90, 363, 388.4193]
[90, 362, 388.4488]
[90, 361, 388.6689]
[90, 360, 388.6981]
[90, 359, 388.8603]
[90, 358, 388.7919]
[90, 357, 388.6869]
[90, 356, 388.7625]
[90, 355, 388.7941]
[90, 354, 388.9547]
[90, 353, 389.3509]
[90, 352, 389.5528]
[90, 351, 389.5458]
[90, 350, 389.558]
[90, 349, 389.5616]
[90, 348, 389.6864]
[90, 347, 389.8433]
[90, 346, 389.8772]
[90, 345, 389.9166]
[90, 344, 390.0027]
[90, 343, 390.0576]
[90, 342, 390.0867]
[90, 341, 390.1325]
[90, 340, 390.1532]
[90, 339, 390.1624]
[90, 338, 390.1238]
[90, 337, 390.1796]
[90, 336, 390.3038]
[90, 335, 390.4065]
[90, 334, 390.47]
[90, 333, 390.559]
[90, 332, 390.643]
[90, 331, 390.6831]
[90, 330, 390.636]
[90, 329, 390.6455]
[90, 328, 390.58]
[90, 327, 390.79]
[90, 326, 390.87]
[90, 325, 390.9275]
[90, 324, 390.8825]
[90, 323, 391.0375]
[90, 322, 391.3075]
[90, 321, 391.2075]
[90, 320, 391.14]
[90, 319, 391.245]
[90, 318, 391.5425]
[90, 317, 391.89]
[90, 316, 392.1175]
[90, 315, 392.3]
[90, 314, 392.4275]
[90, 313, 392.5175]
[90, 312, 392.6275]
[90, 311, 392.785]
[90, 310, 392.935]
[90, 309, 393.1225]
[90, 308, 393.2125]
[90, 307, 393.26]
[90, 306, 393.35]
[90, 305, 393.4675]
[90, 304, 393.58]
[90, 303, 393.715]
[90, 302, 393.8425]
[90, 301, 393.9775]
[90, 300, 394.125]
[90, 299, 394.24]
[90, 298, 394.385]
[90, 297, 394.58]
[90, 296, 394.695]
[90, 295, 394.83]
[90, 294, 394.9975]
[90, 293, 395.26]
[90, 292, 395.48]
[90, 291, 395.7975]
[90, 290, 396.0675]
[90, 289, 396.33]
[90, 288, 396.575]
[90, 287, 396.9025]
[90, 286, 397.1375]
[90, 285, 397.37]
[90, 284, 397.595]
[90, 283, 397.7625]
[90, 282, 397.925]
[90, 281, 398.07]
[90, 280, 398.0875]
[90, 279, 398.1875]
[90, 278, 398.205]
[90, 277, 398.4675]
[90, 276, 398.955]
[90, 275, 399.4325]
[90, 274, 399.5225]
[90, 273, 399.405]
[90, 272, 399.1475]
[90, 271, 399.31]
[90, 270, 399.77]
[90, 269, 400.1975]
[90, 268, 400.325]
[90, 267, 400.3625]
[90, 266, 400.4625]
[90, 265, 400.7125]
[90, 264, 400.86]
[90, 263, 401.0875]
[90, 262, 401.2325]
[90, 261, 401.4625]
[90, 260, 401.81]
[90, 259, 402.0175]
[90, 258, 402.125]
[90, 257, 402.2075]
[90, 256, 402.3275]
[90, 255, 402.415]
[90, 254, 402.43]
[90, 253, 402.4475]
[90, 252, 402.52]
[90, 251, 402.675]
[90, 250, 402.7525]
[90, 249, 402.7475]
[90, 248, 402.755]
[90, 247, 402.745]
[90, 246, 402.87]
[90, 245, 403.075]
[90, 244, 403.1625]
[90, 243, 403.26]
[90, 242, 403.4075]
[90, 241, 403.535]
[90, 240, 403.8675]
[90, 239, 404.085]
[90, 238, 404.19]
[90, 237, 404.465]
[90, 236, 404.7725]
[90, 235, 405.0975]
[90, 234, 405.3325]
[90, 233, 405.565]
[90, 232, 405.695]
[90, 231, 406.1075]
[90, 230, 406.3525]
[90, 229, 406.5875]
[90, 228, 406.8125]
[90, 227, 407.065]
[90, 226, 407.2875]
[90, 225, 407.4575]
[90, 224, 407.605]
[90, 223, 407.695]
[90, 222, 407.77]
[90, 221, 407.655]
[90, 220, 407.6225]
[90, 219, 407.625]
[90, 218, 407.6725]
[90, 217, 407.9225]
[90, 216, 408.37]
[90, 215, 408.705]
[90, 214, 408.94]
[90, 213, 409.085]
[90, 212, 409.19]
[90, 211, 409.455]
[90, 210, 409.6175]
[90, 209, 409.7975]
[90, 208, 409.9975]
[90, 207, 410.2375]
[90, 206, 410.47]
[90, 205, 410.7625]
[90, 204, 410.87]
[90, 203, 410.7]
[90, 202, 410.95]
[90, 201, 411.0725]
[90, 200, 411.085]
[90, 199, 411.105]
[90, 198, 411.125]
[90, 197, 411.24]
[90, 196, 411.405]
[90, 195, 411.5625]
[90, 194, 411.805]
[90, 193, 411.9975]
[90, 192, 412.28]
[90, 191, 412.5675]
[90, 190, 412.83]
[90, 189, 413.0975]
[90, 188, 413.2575]
[90, 187, 413.1175]
[90, 186, 413.2875]
[90, 185, 413.81]
[90, 184, 414.1475]
[90, 183, 414.3375]
[90, 182, 414.53]
[90, 181, 414.7175]
[90, 180, 414.8925]
[90, 179, 415.045]
[90, 178, 414.8275]
[90, 177, 414.715]
[90, 176, 415.2075]
[90, 175, 415.545]
[90, 174, 415.5925]
[90, 173, 415.5775]
[90, 172, 415.64]
[90, 171, 415.845]
[90, 170, 416.075]
[90, 169, 416.215]
[90, 168, 416.385]
[90, 167, 416.4875]
[90, 166, 416.62]
[90, 165, 416.81]
[90, 164, 416.925]
[90, 163, 417.045]
[90, 162, 417.1525]
[90, 161, 417.2775]
[90, 160, 417.4575]
[90, 159, 417.6625]
[90, 158, 417.7975]
[90, 157, 417.965]
[90, 156, 418.17]
[90, 155, 418.3475]
[90, 154, 418.605]
[90, 153, 418.8975]
[90, 152, 419.18]
[90, 151, 419.425]
[90, 150, 419.675]
[90, 149, 419.8725]
[90, 148, 420.0975]
[90, 147, 420.295]
[90, 146, 420.3875]
[90, 145, 420.48]
[90, 144, 420.5675]
[90, 143, 420.6725]
[90, 142, 420.7725]
[90, 141, 420.8625]
[90, 140, 420.955]
[90, 139, 421.0625]
[90, 138, 421.1725]
[90, 137, 421.2625]
[90, 136, 421.35]
[90, 135, 421.4625]
[90, 134, 421.53]
[90, 133, 421.6]
[90, 132, 421.635]
[90, 131, 421.535]
[90, 130, 421.33]
[90, 129, 421.02]
[90, 128, 420.55]
[90, 127, 419.955]
[90, 126, 419.21]
[90, 125, 418.4]
[90, 124, 417.4775]
[90, 123, 416.95]
[90, 122, 417.0375]
[90, 121, 417.4525]
[90, 120, 417.79]
[90, 119, 418.445]
[90, 118, 419.275]
[90, 117, 420.035]
[90, 116, 420.6625]
[90, 115, 421.2225]
[90, 114, 421.7475]
[90, 113, 422.1425]
[90, 112, 422.2775]
[90, 111, 422.4075]
[90, 110, 422.505]
[90, 109, 422.595]
[90, 108, 422.7025]
[90, 107, 422.78]
[90, 106, 422.925]
[90, 105, 423.085]
[90, 104, 423.265]
[90, 103, 423.4625]
[90, 102, 423.5925]
[90, 101, 423.7575]
[90, 100, 423.98]
[90, 99, 424.1325]
[90, 98, 424.2975]
[90, 97, 424.4725]
[90, 96, 424.6475]
[90, 95, 424.7825]
[90, 94, 424.985]
[90, 93, 425.14]
[90, 92, 425.3275]
[90, 91, 425.4975]
[90, 90, 425.7325]
[90, 89, 425.965]
[90, 88, 426.2125]
[90, 87, 426.385]
[90, 86, 426.625]
[90, 85, 426.8125]
[90, 84, 427.035]
[90, 83, 427.2125]
[90, 82, 427.43]
[90, 81, 427.6925]
[90, 80, 427.975]
[90, 79, 428.255]
[90, 78, 428.54]
[90, 77, 428.855]
[90, 76, 429.1125]
[90, 75, 429.4875]
[90, 74, 429.8925]
[90, 73, 430.2375]
[90, 72, 430.53]
[90, 71, 430.8325]
[90, 70, 431.125]
[90, 69, 431.375]
[90, 68, 431.6275]
[90, 67, 431.87]
[90, 66, 432.1]
[90, 65, 432.2775]
[90, 64, 432.5025]
[90, 63, 432.6975]
[90, 62, 432.8425]
[90, 61, 433.0325]
[90, 60, 433.2225]
[90, 59, 433.39]
[90, 58, 433.59]
[90, 57, 433.785]
[90, 56, 433.9625]
[90, 55, 434.1625]
[90, 54, 434.28]
[90, 53, 434.445]
[90, 52, 434.6225]
[90, 51, 434.7825]
[90, 50, 434.975]
[90, 49, 435.125]
[90, 48, 435.34]
[90, 47, 435.5375]
[90, 46, 435.7425]
[90, 45, 435.865]
[90, 44, 436.045]
[90, 43, 436.195]
[90, 42, 436.4175]
[90, 41, 436.61]
[90, 40, 436.81]
[90, 39, 437.03]
[90, 38, 437.2025]
[90, 37, 437.4125]
[90, 36, 437.6075]
[90, 35, 437.7875]
[90, 34, 437.91]
[90, 33, 438.1325]
[90, 32, 438.37]
[90, 31, 438.6125]
[90, 30, 438.8525]
[90, 29, 439.0]
[90, 28, 439.225]
[90, 27, 439.5075]
[90, 26, 439.785]
[90, 25, 440.04]
[90, 24, 440.26]
[90, 23, 440.3975]
[90, 22, 440.6325]
[90, 21, 440.935]
[90, 20, 441.1625]
[90, 19, 441.37]
[90, 18, 441.5575]
[90, 17, 441.7425]
[90, 16, 441.97]
[90, 15, 442.1475]
[90, 14, 442.305]
[90, 13, 442.44]
[90, 12, 442.5275]
[90, 11, 442.5525]
[90, 10, 442.5275]
[90, 9, 442.505]
[90, 8, 442.2775]
[90, 7, 442.235]
[90, 6, 442.4]
[90, 5, 443.125]
[90, 4, 443.7075]
[90, 3, 444.0125]
[90, 2, 444.1875]
[90, 1, 444.3775]
[90, 0, 444.5425]
[100, 0, 443.4475]
[100, 1, 443.1475]
[100, 2, 442.8575]
[100, 3, 442.57]
[100, 4, 442.25]
[100, 5, 441.895]
[100, 6, 441.515]
[100, 7, 441.205]
[100, 8, 440.86]
[100, 9, 440.55]
[100, 10, 440.3275]
[100, 11, 440.1325]
[100, 12, 439.8575]
[100, 13, 439.5475]
[100, 14, 439.1925]
[100, 15, 438.5775]
[100, 16, 438.0225]
[100, 17, 437.955]
[100, 18, 438.595]
[100, 19, 438.795]
[100, 20, 438.59]
[100, 21, 438.34]
[100, 22, 438.1575]
[100, 23, 437.975]
[100, 24, 437.81]
[100, 25, 437.705]
[100, 26, 437.5325]
[100, 27, 437.26]
[100, 28, 437.0]
[100, 29, 436.775]
[100, 30, 436.54]
[100, 31, 436.2975]
[100, 32, 436.0375]
[100, 33, 435.7125]
[100, 34, 435.3525]
[100, 35, 435.075]
[100, 36, 434.825]
[100, 37, 434.5225]
[100, 38, 434.3]
[100, 39, 434.0825]
[100, 40, 433.8875]
[100, 41, 433.695]
[100, 42, 433.525]
[100, 43, 433.3525]
[100, 44, 433.14]
[100, 45, 433.005]
[100, 46, 432.8775]
[100, 47, 432.8075]
[100, 48, 432.695]
[100, 49, 432.5425]
[100, 50, 432.4025]
[100, 51, 432.265]
[100, 52, 432.1]
[100, 53, 431.8725]
[100, 54, 431.765]
[100, 55, 431.595]
[100, 56, 431.335]
[100, 57, 431.15]
[100, 58, 430.9475]
[100, 59, 430.7]
[100, 60, 430.47]
[100, 61, 430.145]
[100, 62, 429.9625]
[100, 63, 429.8175]
[100, 64, 429.4425]
[100, 65, 429.1575]
[100, 66, 428.9025]
[100, 67, 428.5925]
[100, 68, 428.2925]
[100, 69, 427.9675]
[100, 70, 427.6125]
[100, 71, 427.23]
[100, 72, 426.9325]
[100, 73, 426.635]
[100, 74, 426.33]
[100, 75, 426.04]
[100, 76, 425.765]
[100, 77, 425.49]
[100, 78, 425.245]
[100, 79, 425.0025]
[100, 80, 424.7075]
[100, 81, 424.38]
[100, 82, 424.02]
[100, 83, 423.8025]
[100, 84, 423.56]
[100, 85, 423.2825]
[100, 86, 423.09]
[100, 87, 422.84]
[100, 88, 422.5825]
[100, 89, 422.3675]
[100, 90, 422.145]
[100, 91, 421.94]
[100, 92, 421.73]
[100, 93, 421.4825]
[100, 94, 421.295]
[100, 95, 421.1275]
[100, 96, 420.965]
[100, 97, 420.8175]
[100, 98, 420.635]
[100, 99, 420.4625]
[100, 100, 420.39]
[100, 101, 420.2775]
[100, 102, 420.165]
[100, 103, 420.0425]
[100, 104, 419.96]
[100, 105, 419.8875]
[100, 106, 419.8525]
[100, 107, 419.7625]
[100, 108, 419.7025]
[100, 109, 419.6075]
[100, 110, 419.5075]
[100, 111, 419.4125]
[100, 112, 419.355]
[100, 113, 419.235]
[100, 114, 419.0875]
[100, 115, 418.9725]
[100, 116, 418.84]
[100, 117, 418.6225]
[100, 118, 418.485]
[100, 119, 418.2375]
[100, 120, 417.9825]
[100, 121, 417.48]
[100, 122, 416.825]
[100, 123, 416.0325]
[100, 124, 414.865]
[100, 125, 413.5725]
[100, 126, 412.6575]
[100, 127, 412.43]
[100, 128, 412.3375]
[100, 129, 413.6925]
[100, 130, 414.9125]
[100, 131, 415.735]
[100, 132, 416.3475]
[100, 133, 416.79]
[100, 134, 416.9975]
[100, 135, 417.105]
[100, 136, 417.09]
[100, 137, 417.085]
[100, 138, 416.9675]
[100, 139, 416.88]
[100, 140, 416.7575]
[100, 141, 416.5825]
[100, 142, 416.4675]
[100, 143, 416.3775]
[100, 144, 416.23]
[100, 145, 416.11]
[100, 146, 416.035]
[100, 147, 415.8875]
[100, 148, 415.7575]
[100, 149, 415.6525]
[100, 150, 415.5875]
[100, 151, 415.4725]
[100, 152, 415.2825]
[100, 153, 415.1625]
[100, 154, 415.0975]
[100, 155, 415.0425]
[100, 156, 414.9925]
[100, 157, 414.9175]
[100, 158, 414.81]
[100, 159, 414.7775]
[100, 160, 414.7375]
[100, 161, 414.62]
[100, 162, 414.425]
[100, 163, 414.2475]
[100, 164, 414.0875]
[100, 165, 413.9275]
[100, 166, 413.755]
[100, 167, 413.505]
[100, 168, 413.19]
[100, 169, 412.9825]
[100, 170, 412.7975]
[100, 171, 412.6375]
[100, 172, 412.5225]
[100, 173, 412.3825]
[100, 174, 412.2075]
[100, 175, 411.985]
[100, 176, 411.7175]
[100, 177, 411.805]
[100, 178, 411.66]
[100, 179, 411.3375]
[100, 180, 410.77]
[100, 181, 410.005]
[100, 182, 409.3525]
[100, 183, 408.7625]
[100, 184, 408.5175]
[100, 185, 408.39]
[100, 186, 408.2075]
[100, 187, 408.115]
[100, 188, 407.9775]
[100, 189, 407.76]
[100, 190, 407.83]
[100, 191, 407.825]
[100, 192, 407.8]
[100, 193, 407.815]
[100, 194, 408.08]
[100, 195, 408.0975]
[100, 196, 407.935]
[100, 197, 407.9975]
[100, 198, 408.29]
[100, 199, 408.3325]
[100, 200, 408.05]
[100, 201, 408.2]
[100, 202, 408.4325]
[100, 203, 408.2775]
[100, 204, 407.9775]
[100, 205, 407.8625]
[100, 206, 407.7725]
[100, 207, 407.64]
[100, 208, 407.7025]
[100, 209, 407.7475]
[100, 210, 407.58]
[100, 211, 407.32]
[100, 212, 407.1825]
[100, 213, 407.05]
[100, 214, 406.9]
[100, 215, 406.735]
[100, 216, 406.55]
[100, 217, 406.4175]
[100, 218, 406.2675]
[100, 219, 406.0175]
[100, 220, 405.7575]
[100, 221, 405.5325]
[100, 222, 405.14]
[100, 223, 404.605]
[100, 224, 404.22]
[100, 225, 403.995]
[100, 226, 403.91]
[100, 227, 403.99]
[100, 228, 403.8]
[100, 229, 403.4775]
[100, 230, 403.1725]
[100, 231, 403.0025]
[100, 232, 402.9325]
[100, 233, 402.745]
[100, 234, 402.5125]
[100, 235, 402.1375]
[100, 236, 401.925]
[100, 237, 401.8125]
[100, 238, 401.665]
[100, 239, 401.4775]
[100, 240, 401.225]
[100, 241, 401.06]
[100, 242, 401.2025]
[100, 243, 401.255]
[100, 244, 401.12]
[100, 245, 400.89]
[100, 246, 400.6125]
[100, 247, 400.38]
[100, 248, 400.2925]
[100, 249, 400.09]
[100, 250, 400.0]
[100, 251, 399.955]
[100, 252, 399.8275]
[100, 253, 399.57]
[100, 254, 399.455]
[100, 255, 399.27]
[100, 256, 399.0275]
[100, 257, 398.91]
[100, 258, 398.905]
[100, 259, 398.8225]
[100, 260, 398.6225]
[100, 261, 398.4]
[100, 262, 398.2275]
[100, 263, 398.1275]
[100, 264, 397.92]
[100, 265, 397.6525]
[100, 266, 397.3425]
[100, 267, 396.9725]
[100, 268, 396.595]
[100, 269, 396.1875]
[100, 270, 396.3375]
[100, 271, 396.59]
[100, 272, 396.4825]
[100, 273, 396.245]
[100, 274, 395.8875]
[100, 275, 395.3875]
[100, 276, 395.0425]
[100, 277, 394.9025]
[100, 278, 394.755]
[100, 279, 394.56]
[100, 280, 394.2975]
[100, 281, 393.97]
[100, 282, 393.6775]
[100, 283, 393.4175]
[100, 284, 393.2175]
[100, 285, 393.235]
[100, 286, 393.2725]
[100, 287, 393.1675]
[100, 288, 393.025]
[100, 289, 392.8675]
[100, 290, 392.65]
[100, 291, 392.4525]
[100, 292, 392.2375]
[100, 293, 392.035]
[100, 294, 391.91]
[100, 295, 391.76]
[100, 296, 391.78]
[100, 297, 391.7025]
[100, 298, 391.4725]
[100, 299, 391.175]
[100, 300, 391.0625]
[100, 301, 390.9625]
[100, 302, 391.0775]
[100, 303, 391.025]
[100, 304, 390.8475]
[100, 305, 390.8325]
[100, 306, 390.7575]
[100, 307, 390.63]
[100, 308, 390.4375]
[100, 309, 390.2725]
[100, 310, 390.0325]
[100, 311, 389.965]
[100, 312, 389.8375]
[100, 313, 389.6525]
[100, 314, 389.435]
[100, 315, 389.0875]
[100, 316, 388.985]
[100, 317, 388.895]
[100, 318, 388.86]
[100, 319, 388.75]
[100, 320, 388.68]
[100, 321, 388.3625]
[100, 322, 388.0175]
[100, 323, 387.9325]
[100, 324, 388.0525]
[100, 325, 387.9025]
[100, 326, 387.6225]
[100, 327, 387.175]
[100, 328, 387.07]
[100, 329, 387.4475]
[100, 330, 387.6661]
[100, 331, 387.6059]
[100, 332, 387.4452]
[100, 333, 387.3653]
[100, 334, 387.3488]
[100, 335, 387.3403]
[100, 336, 387.3019]
[100, 337, 387.2572]
[100, 338, 387.1506]
[100, 339, 387.0372]
[100, 340, 386.9458]
[100, 341, 386.8867]
[100, 342, 386.791]
[100, 343, 386.6883]
[100, 344, 386.6327]
[100, 345, 386.5284]
[100, 346, 386.4175]
[100, 347, 386.3675]
[100, 348, 386.2725]
[100, 349, 386.21]
[100, 350, 386.19]
[100, 351, 386.1475]
[100, 352, 386.1275]
[100, 353, 386.11]
[100, 354, 386.085]
[100, 355, 386.04]
[100, 356, 386.0575]
[100, 357, 386.11]
[100, 358, 386.1725]
[100, 359, 386.2075]
[100, 360, 386.1825]
[100, 361, 386.0875]
[100, 362, 385.885]
[100, 363, 385.7125]
[100, 364, 385.5871]
[100, 365, 385.5282]
[100, 366, 385.451]
[100, 367, 385.385]
[100, 368, 385.41]
[100, 369, 385.5714]
[100, 370, 385.61]
[100, 371, 385.5925]
[100, 372, 385.515]
[100, 373, 385.4025]
[100, 374, 385.41]
[100, 375, 385.33]
[100, 376, 385.295]
[100, 377, 385.2225]
[100, 378, 385.1592]
[100, 379, 385.0527]
[100, 380, 384.9089]
[100, 381, 384.8124]
[100, 382, 384.7289]
[100, 383, 384.556]
[100, 384, 384.3463]
[100, 385, 384.1725]
[100, 386, 383.9266]
[100, 387, 383.6755]
[100, 388, 383.3875]
[100, 389, 383.1433]
[100, 390, 382.8984]
[100, 391, 382.6375]
[100, 392, 382.34]
[100, 393, 382.055]
[100, 394, 381.6601]
[100, 395, 381.3416]
[100, 396, 380.9422]
[100, 397, 380.5976]
[100, 398, 380.0798]
[100, 399, 379.6278]
[100, 400, 379.1808]
[100, 401, 378.7206]
[100, 402, 378.2161]
[100, 403, 377.7054]
[100, 404, 377.1889]
[100, 405, 376.7342]
[100, 406, 376.3913]
[100, 407, 376.0909]
[100, 408, 375.6675]
[100, 409, 375.2146]
[100, 410, 374.7738]
[100, 411, 374.2297]
[100, 412, 373.7593]
[100, 413, 373.131]
[100, 414, 372.7389]
[100, 415, 372.4764]
[100, 416, 372.6343]
[100, 417, 372.7001]
[100, 418, 372.4366]
[100, 419, 372.0602]
[100, 420, 371.6581]
[100, 421, 371.2515]
[100, 422, 370.8999]
[100, 423, 370.6054]
[100, 424, 370.3092]
[100, 425, 369.9756]
[100, 426, 369.605]
[100, 427, 369.3857]
[100, 428, 369.1279]
[100, 429, 368.8623]
[100, 430, 368.6122]
[100, 431, 368.5743]
[100, 432, 368.3709]
[100, 433, 368.1345]
[100, 434, 367.9243]
[100, 435, 367.7023]
[100, 436, 367.5524]
[100, 437, 367.4266]
[100, 438, 367.3399]
[100, 439, 367.2055]
[100, 440, 367.0978]
[100, 441, 366.8845]
[100, 442, 366.5374]
[100, 443, 366.4107]
[100, 444, 366.0833]
[100, 445, 365.7583]
[100, 446, 365.3904]
[100, 447, 365.2561]
[100, 448, 365.372]
[100, 449, 365.229]
[100, 450, 365.0381]
[100, 451, 364.6848]
[100, 452, 364.7011]
[100, 453, 364.6125]
[100, 454, 364.5525]
[100, 455, 364.4582]
[100, 456, 364.3225]
[100, 457, 364.32]
[100, 458, 364.1704]
[100, 459, 363.8788]
[100, 460, 363.3796]
[100, 461, 362.9703]
[100, 462, 362.7418]
[100, 463, 362.668]
[100, 464, 362.728]
[100, 465, 362.7089]
[100, 466, 362.335]
[100, 467, 362.2041]
[100, 468, 362.3121]
[100, 469, 362.418]
[100, 470, 362.4981]
[100, 471, 362.4594]
[100, 472, 362.3068]
[100, 473, 362.1565]
[100, 474, 361.8906]
[100, 475, 361.5991]
[100, 476, 361.4263]
[100, 477, 361.23]
[100, 478, 361.0811]
[100, 479, 360.9209]
[100, 480, 360.7812]
[100, 481, 360.7446]
[100, 482, 360.6461]
[100, 483, 360.53]
[100, 484, 360.465]
[100, 485, 360.2325]
[100, 486, 359.7775]
[100, 487, 359.274]
[100, 488, 359.4758]
[100, 489, 359.7473]
[100, 490, 360.1725]
[100, 491, 360.0513]
[100, 492, 359.9525]
[100, 493, 359.955]
[100, 494, 359.865]
[100, 495, 359.715]
[100, 496, 359.545]
[100, 497, 359.355]
[100, 498, 359.1579]
[100, 499, 358.8586]
[110, 499, 356.0466]
[110, 498, 356.16]
[110, 497, 356.265]
[110, 496, 356.4696]
[110, 495, 356.648]
[110, 494, 356.7574]
[110, 493, 356.7556]
[110, 492, 356.7638]
[110, 491, 356.8574]
[110, 490, 356.9575]
[110, 489, 356.9161]
[110, 488, 356.9384]
[110, 487, 357.2856]
[110, 486, 357.5976]
[110, 485, 357.6004]
[110, 484, 357.5201]
[110, 483, 357.6]
[110, 482, 357.5201]
[110, 481, 357.3707]
[110, 480, 357.3411]
[110, 479, 357.345]
[110, 478, 357.3439]
[110, 477, 357.2793]
[110, 476, 357.5327]
[110, 475, 357.71]
[110, 474, 357.8425]
[110, 473, 357.875]
[110, 472, 358.0692]
[110, 471, 358.2475]
[110, 470, 358.1425]
[110, 469, 358.1845]
[110, 468, 358.4846]
[110, 467, 358.7913]
[110, 466, 359.0125]
[110, 465, 359.0771]
[110, 464, 359.0537]
[110, 463, 359.3808]
[110, 462, 359.9807]
[110, 461, 360.4798]
[110, 460, 360.7856]
[110, 459, 361.0456]
[110, 458, 361.185]
[110, 457, 361.394]
[110, 456, 361.6425]
[110, 455, 361.6525]
[110, 454, 361.6892]
[110, 453, 361.639]
[110, 452, 361.6535]
[110, 451, 361.8455]
[110, 450, 362.159]
[110, 449, 362.324]
[110, 448, 362.3766]
[110, 447, 362.4587]
[110, 446, 362.5145]
[110, 445, 362.567]
[110, 444, 362.9127]
[110, 443, 363.3277]
[110, 442, 363.5161]
[110, 441, 363.7105]
[110, 440, 363.8983]
[110, 439, 363.9414]
[110, 438, 363.8482]
[110, 437, 363.9654]
[110, 436, 364.1301]
[110, 435, 364.5615]
[110, 434, 365.0309]
[110, 433, 365.2783]
[110, 432, 365.5462]
[110, 431, 365.7459]
[110, 430, 365.9852]
[110, 429, 366.1517]
[110, 428, 366.2518]
[110, 427, 366.3738]
[110, 426, 366.4916]
[110, 425, 366.5639]
[110, 424, 366.8248]
[110, 423, 367.0791]
[110, 422, 367.3893]
[110, 421, 367.7501]
[110, 420, 368.0844]
[110, 419, 368.4551]
[110, 418, 368.8213]
[110, 417, 368.8915]
[110, 416, 369.0581]
[110, 415, 369.594]
[110, 414, 369.9978]
[110, 413, 370.3875]
[110, 412, 370.7498]
[110, 411, 370.9975]
[110, 410, 371.2016]
[110, 409, 371.4171]
[110, 408, 371.7859]
[110, 407, 372.1598]
[110, 406, 372.4658]
[110, 405, 372.765]
[110, 404, 373.1289]
[110, 403, 373.431]
[110, 402, 373.7364]
[110, 401, 374.0582]
[110, 400, 374.4918]
[110, 399, 374.8855]
[110, 398, 375.2538]
[110, 397, 375.6361]
[110, 396, 376.0103]
[110, 395, 376.3823]
[110, 394, 376.7036]
[110, 393, 376.9793]
[110, 392, 377.2854]
[110, 391, 377.6175]
[110, 390, 377.9425]
[110, 389, 378.2259]
[110, 388, 378.4963]
[110, 387, 378.7896]
[110, 386, 379.0775]
[110, 385, 379.4022]
[110, 384, 379.6725]
[110, 383, 379.93]
[110, 382, 380.1925]
[110, 381, 380.4138]
[110, 380, 380.5874]
[110, 379, 380.7044]
[110, 378, 381.0137]
[110, 377, 381.2007]
[110, 376, 381.1928]
[110, 375, 381.2369]
[110, 374, 381.403]
[110, 373, 381.6759]
[110, 372, 381.9122]
[110, 371, 382.0623]
[110, 370, 382.0296]
[110, 369, 381.8669]
[110, 368, 381.6782]
[110, 367, 382.076]
[110, 366, 382.4413]
[110, 365, 382.4999]
[110, 364, 382.4933]
[110, 363, 382.6318]
[110, 362, 382.6936]
[110, 361, 382.7248]
[110, 360, 382.813]
[110, 359, 382.9759]
[110, 358, 383.0711]
[110, 357, 383.1]
[110, 356, 383.055]
[110, 355, 383.0493]
[110, 354, 383.1487]
[110, 353, 383.1788]
[110, 352, 382.9657]
[110, 351, 382.849]
[110, 350, 382.9503]
[110, 349, 383.2575]
[110, 348, 383.4125]
[110, 347, 383.4317]
[110, 346, 383.4933]
[110, 345, 383.5477]
[110, 344, 383.5565]
[110, 343, 383.6655]
[110, 342, 383.7625]
[110, 341, 383.8029]
[110, 340, 383.8658]
[110, 339, 383.8883]
[110, 338, 383.8858]
[110, 337, 383.9299]
[110, 336, 383.8807]
[110, 335, 383.7122]
[110, 334, 383.6843]
[110, 333, 383.6265]
[110, 332, 384.1447]
[110, 331, 384.4575]
[110, 330, 384.6175]
[110, 329, 384.8925]
[110, 328, 385.125]
[110, 327, 385.03]
[110, 326, 384.8625]
[110, 325, 384.6825]
[110, 324, 384.3525]
[110, 323, 384.2]
[110, 322, 384.5925]
[110, 321, 384.95]
[110, 320, 385.15]
[110, 319, 385.17]
[110, 318, 385.35]
[110, 317, 385.5075]
[110, 316, 385.6025]
[110, 315, 385.595]
[110, 314, 385.785]
[110, 313, 385.8025]
[110, 312, 385.925]
[110, 311, 386.065]
[110, 310, 386.1125]
[110, 309, 386.1725]
[110, 308, 386.5]
[110, 307, 386.7425]
[110, 306, 387.075]
[110, 305, 387.34]
[110, 304, 387.63]
[110, 303, 387.9525]
[110, 302, 388.075]
[110, 301, 388.1525]
[110, 300, 388.3025]
[110, 299, 388.61]
[110, 298, 388.845]
[110, 297, 388.865]
[110, 296, 388.735]
[110, 295, 388.65]
[110, 294, 388.7825]
[110, 293, 388.9225]
[110, 292, 389.0175]
[110, 291, 389.0725]
[110, 290, 389.25]
[110, 289, 389.5525]
[110, 288, 389.86]
[110, 287, 390.1125]
[110, 286, 390.38]
[110, 285, 390.66]
[110, 284, 390.965]
[110, 283, 390.9725]
[110, 282, 390.9725]
[110, 281, 391.3525]
[110, 280, 391.68]
[110, 279, 391.8275]
[110, 278, 391.9875]
[110, 277, 392.1625]
[110, 276, 392.3]
[110, 275, 392.31]
[110, 274, 392.1375]
[110, 273, 392.165]
[110, 272, 392.5575]
[110, 271, 392.905]
[110, 270, 393.1075]
[110, 269, 393.27]
[110, 268, 393.5475]
[110, 267, 393.625]
[110, 266, 393.685]
[110, 265, 393.8025]
[110, 264, 393.92]
[110, 263, 393.9925]
[110, 262, 394.0275]
[110, 261, 394.12]
[110, 260, 394.2925]
[110, 259, 394.35]
[110, 258, 394.525]
[110, 257, 394.7925]
[110, 256, 395.0125]
[110, 255, 395.1725]
[110, 254, 395.28]
[110, 253, 395.3525]
[110, 252, 395.44]
[110, 251, 395.735]
[110, 250, 395.9725]
[110, 249, 396.245]
[110, 248, 396.4225]
[110, 247, 396.63]
[110, 246, 396.7525]
[110, 245, 396.8475]
[110, 244, 396.9775]
[110, 243, 397.0325]
[110, 242, 397.26]
[110, 241, 397.935]
[110, 240, 398.5825]
[110, 239, 398.9225]
[110, 238, 399.245]
[110, 237, 399.535]
[110, 236, 399.7675]
[110, 235, 399.9875]
[110, 234, 400.0475]
[110, 233, 399.9375]
[110, 232, 399.7975]
[110, 231, 399.82]
[110, 230, 400.2275]
[110, 229, 400.6725]
[110, 228, 401.0675]
[110, 227, 401.2575]
[110, 226, 401.41]
[110, 225, 401.6525]
[110, 224, 401.955]
[110, 223, 402.23]
[110, 222, 402.295]
[110, 221, 402.5625]
[110, 220, 402.825]
[110, 219, 403.0175]
[110, 218, 403.17]
[110, 217, 403.3525]
[110, 216, 403.495]
[110, 215, 403.6775]
[110, 214, 403.76]
[110, 213, 403.805]
[110, 212, 403.8675]
[110, 211, 403.92]
[110, 210, 403.945]
[110, 209, 404.0275]
[110, 208, 404.1875]
[110, 207, 404.1225]
[110, 206, 404.0725]
[110, 205, 404.0275]
[110, 204, 403.97]
[110, 203, 403.975]
[110, 202, 403.845]
[110, 201, 403.6225]
[110, 200, 403.35]
[110, 199, 403.145]
[110, 198, 402.8375]
[110, 197, 402.725]
[110, 196, 402.5975]
[110, 195, 402.3675]
[110, 194, 402.305]
[110, 193, 402.47]
[110, 192, 402.735]
[110, 191, 403.01]
[110, 190, 403.22]
[110, 189, 403.44]
[110, 188, 403.6275]
[110, 187, 403.955]
[110, 186, 404.42]
[110, 185, 404.735]
[110, 184, 405.1725]
[110, 183, 405.675]
[110, 182, 406.1425]
[110, 181, 406.565]
[110, 180, 406.9175]
[110, 179, 407.2125]
[110, 178, 407.4675]
[110, 177, 407.69]
[110, 176, 407.895]
[110, 175, 407.94]
[110, 174, 407.96]
[110, 173, 407.975]
[110, 172, 408.0075]
[110, 171, 408.01]
[110, 170, 407.985]
[110, 169, 408.03]
[110, 168, 408.1875]
[110, 167, 408.385]
[110, 166, 408.5625]
[110, 165, 408.7875]
[110, 164, 409.0275]
[110, 163, 409.145]
[110, 162, 409.22]
[110, 161, 409.2875]
[110, 160, 409.285]
[110, 159, 409.3075]
[110, 158, 409.41]
[110, 157, 409.5175]
[110, 156, 409.66]
[110, 155, 409.7725]
[110, 154, 409.9125]
[110, 153, 410.0575]
[110, 152, 410.195]
[110, 151, 410.29]
[110, 150, 410.3725]
[110, 149, 410.4875]
[110, 148, 410.58]
[110, 147, 410.7025]
[110, 146, 410.75]
[110, 145, 410.8475]
[110, 144, 410.8475]
[110, 143, 410.855]
[110, 142, 410.905]
[110, 141, 410.9575]
[110, 140, 410.965]
[110, 139, 411.0375]
[110, 138, 411.0675]
[110, 137, 411.0875]
[110, 136, 411.0025]
[110, 135, 410.7425]
[110, 134, 410.305]
[110, 133, 409.7825]
[110, 132, 409.22]
[110, 131, 408.415]
[110, 130, 407.4475]
[110, 129, 406.7525]
[110, 128, 406.475]
[110, 127, 407.37]
[110, 126, 408.7825]
[110, 125, 410.1925]
[110, 124, 411.18]
[110, 123, 411.755]
[110, 122, 412.255]
[110, 121, 412.68]
[110, 120, 413.0825]
[110, 119, 413.475]
[110, 118, 413.9]
[110, 117, 414.2825]
[110, 116, 414.66]
[110, 115, 414.955]
[110, 114, 415.29]
[110, 113, 415.5125]
[110, 112, 415.7425]
[110, 111, 415.9425]
[110, 110, 416.13]
[110, 109, 416.265]
[110, 108, 416.385]
[110, 107, 416.5]
[110, 106, 416.5825]
[110, 105, 416.685]
[110, 104, 416.765]
[110, 103, 416.805]
[110, 102, 416.885]
[110, 101, 416.9975]
[110, 100, 417.085]
[110, 99, 417.1525]
[110, 98, 417.22]
[110, 97, 417.33]
[110, 96, 417.4775]
[110, 95, 417.575]
[110, 94, 417.79]
[110, 93, 418.0025]
[110, 92, 418.2025]
[110, 91, 418.485]
[110, 90, 418.69]
[110, 89, 418.885]
[110, 88, 419.145]
[110, 87, 419.345]
[110, 86, 419.585]
[110, 85, 419.86]
[110, 84, 420.165]
[110, 83, 420.44]
[110, 82, 420.7075]
[110, 81, 420.9625]
[110, 80, 421.23]
[110, 79, 421.4275]
[110, 78, 421.645]
[110, 77, 421.9525]
[110, 76, 422.2725]
[110, 75, 422.6275]
[110, 74, 422.93]
[110, 73, 423.2375]
[110, 72, 423.4975]
[110, 71, 423.81]
[110, 70, 424.1675]
[110, 69, 424.6]
[110, 68, 425.0175]
[110, 67, 425.395]
[110, 66, 425.725]
[110, 65, 425.965]
[110, 64, 426.15]
[110, 63, 426.4525]
[110, 62, 426.945]
[110, 61, 427.33]
[110, 60, 427.555]
[110, 59, 427.7075]
[110, 58, 427.84]
[110, 57, 428.02]
[110, 56, 428.1625]
[110, 55, 428.295]
[110, 54, 428.47]
[110, 53, 428.6325]
[110, 52, 428.7975]
[110, 51, 428.99]
[110, 50, 429.205]
[110, 49, 429.4725]
[110, 48, 429.725]
[110, 47, 429.955]
[110, 46, 430.2175]
[110, 45, 430.46]
[110, 44, 430.74]
[110, 43, 430.9675]
[110, 42, 431.2]
[110, 41, 431.34]
[110, 40, 431.4725]
[110, 39, 431.6075]
[110, 38, 431.8575]
[110, 37, 432.08]
[110, 36, 432.31]
[110, 35, 432.5725]
[110, 34, 432.6775]
[110, 33, 432.6225]
[110, 32, 432.5975]
[110, 31, 432.57]
[110, 30, 432.3725]
[110, 29, 432.4575]
[110, 28, 432.72]
[110, 27, 432.865]
[110, 26, 432.885]
[110, 25, 432.57]
[110, 24, 431.6925]
[110, 23, 431.6775]
[110, 22, 432.485]
[110, 21, 433.22]
[110, 20, 433.9575]
[110, 19, 434.6]
[110, 18, 434.9675]
[110, 17, 435.275]
[110, 16, 435.45]
[110, 15, 435.53]
[110, 14, 435.5675]
[110, 13, 435.34]
[110, 12, 435.205]
[110, 11, 435.1275]
[110, 10, 435.1175]
[110, 9, 435.3075]
[110, 8, 435.495]
[110, 7, 435.65]
[110, 6, 435.9175]
[110, 5, 436.1525]
[110, 4, 436.4825]
[110, 3, 436.83]
[110, 2, 437.3925]
[110, 1, 438.7625]
[110, 0, 440.29]
[120, 0, 439.91]
[120, 1, 439.54]
[120, 2, 439.2325]
[120, 3, 438.875]
[120, 4, 438.5325]
[120, 5, 438.1775]
[120, 6, 437.865]
[120, 7, 437.585]
[120, 8, 437.2775]
[120, 9, 437.0175]
[120, 10, 436.7525]
[120, 11, 436.585]
[120, 12, 436.41]
[120, 13, 436.2075]
[120, 14, 436.0275]
[120, 15, 435.8525]
[120, 16, 435.665]
[120, 17, 435.455]
[120, 18, 435.185]
[120, 19, 434.95]
[120, 20, 434.67]
[120, 21, 434.4375]
[120, 22, 434.23]
[120, 23, 433.9475]
[120, 24, 433.6425]
[120, 25, 433.375]
[120, 26, 433.01]
[120, 27, 432.6425]
[120, 28, 432.2875]
[120, 29, 431.9575]
[120, 30, 431.455]
[120, 31, 430.97]
[120, 32, 430.4425]
[120, 33, 429.835]
[120, 34, 429.3]
[120, 35, 428.655]
[120, 36, 427.5375]
[120, 37, 426.0375]
[120, 38, 424.94]
[120, 39, 424.3425]
[120, 40, 423.5]
[120, 41, 423.77]
[120, 42, 424.895]
[120, 43, 426.1375]
[120, 44, 426.9025]
[120, 45, 427.4175]
[120, 46, 427.765]
[120, 47, 427.7175]
[120, 48, 427.555]
[120, 49, 427.51]
[120, 50, 427.2875]
[120, 51, 426.95]
[120, 52, 426.7225]
[120, 53, 426.475]
[120, 54, 426.175]
[120, 55, 425.8375]
[120, 56, 425.6225]
[120, 57, 425.385]
[120, 58, 425.0625]
[120, 59, 424.77]
[120, 60, 424.465]
[120, 61, 424.0675]
[120, 62, 423.5975]
[120, 63, 423.225]
[120, 64, 422.825]
[120, 65, 422.505]
[120, 66, 422.195]
[120, 67, 421.8975]
[120, 68, 421.59]
[120, 69, 421.3125]
[120, 70, 421.045]
[120, 71, 420.7825]
[120, 72, 420.515]
[120, 73, 420.2775]
[120, 74, 420.0975]
[120, 75, 419.8675]
[120, 76, 419.64]
[120, 77, 419.4325]
[120, 78, 419.285]
[120, 79, 419.0075]
[120, 80, 418.85]
[120, 81, 418.7225]
[120, 82, 418.5325]
[120, 83, 418.405]
[120, 84, 418.205]
[120, 85, 417.9875]
[120, 86, 417.7475]
[120, 87, 417.5225]
[120, 88, 417.33]
[120, 89, 417.205]
[120, 90, 417.0425]
[120, 91, 416.8525]
[120, 92, 416.64]
[120, 93, 416.3775]
[120, 94, 416.2425]
[120, 95, 416.14]
[120, 96, 415.9175]
[120, 97, 415.6325]
[120, 98, 415.3075]
[120, 99, 414.985]
[120, 100, 414.56]
[120, 101, 414.1425]
[120, 102, 413.7125]
[120, 103, 413.36]
[120, 104, 412.97]
[120, 105, 412.655]
[120, 106, 412.3925]
[120, 107, 412.1375]
[120, 108, 411.9425]
[120, 109, 411.7325]
[120, 110, 411.38]
[120, 111, 410.9175]
[120, 112, 410.655]
[120, 113, 410.56]
[120, 114, 410.415]
[120, 115, 410.1475]
[120, 116, 409.915]
[120, 117, 409.6675]
[120, 118, 409.4975]
[120, 119, 409.225]
[120, 120, 408.9825]
[120, 121, 408.73]
[120, 122, 408.4975]
[120, 123, 408.305]
[120, 124, 408.01]
[120, 125, 407.595]
[120, 126, 407.165]
[120, 127, 406.5725]
[120, 128, 405.9175]
[120, 129, 405.065]
[120, 130, 403.685]
[120, 131, 402.3225]
[120, 132, 401.6525]
[120, 133, 401.7025]
[120, 134, 401.925]
[120, 135, 402.6775]
[120, 136, 404.0375]
[120, 137, 405.48]
[120, 138, 406.1425]
[120, 139, 406.1475]
[120, 140, 406.095]
[120, 141, 406.0725]
[120, 142, 406.0425]
[120, 143, 406.01]
[120, 144, 405.975]
[120, 145, 405.9175]
[120, 146, 405.8625]
[120, 147, 405.755]
[120, 148, 405.6325]
[120, 149, 405.5375]
[120, 150, 405.435]
[120, 151, 405.2]
[120, 152, 405.025]
[120, 153, 404.8725]
[120, 154, 404.635]
[120, 155, 404.3875]
[120, 156, 404.215]
[120, 157, 404.07]
[120, 158, 403.9325]
[120, 159, 403.815]
[120, 160, 403.6975]
[120, 161, 403.6575]
[120, 162, 403.6825]
[120, 163, 403.7175]
[120, 164, 403.735]
[120, 165, 403.7325]
[120, 166, 403.6825]
[120, 167, 403.5975]
[120, 168, 403.5]
[120, 169, 403.4225]
[120, 170, 403.2775]
[120, 171, 403.1275]
[120, 172, 402.895]
[120, 173, 402.7175]
[120, 174, 402.5275]
[120, 175, 402.3575]
[120, 176, 402.2475]
[120, 177, 402.1425]
[120, 178, 402.0425]
[120, 179, 401.945]
[120, 180, 401.7925]
[120, 181, 401.6375]
[120, 182, 401.545]
[120, 183, 401.4725]
[120, 184, 401.42]
[120, 185, 401.15]
[120, 186, 400.9425]
[120, 187, 400.7075]
[120, 188, 400.4025]
[120, 189, 400.055]
[120, 190, 399.725]
[120, 191, 399.3675]
[120, 192, 399.0975]
[120, 193, 398.6475]
[120, 194, 398.155]
[120, 195, 397.7525]
[120, 196, 397.7425]
[120, 197, 397.8925]
[120, 198, 398.3375]
[120, 199, 398.5575]
[120, 200, 398.675]
[120, 201, 398.7075]
[120, 202, 398.9175]
[120, 203, 399.2275]
[120, 204, 399.5075]
[120, 205, 399.705]
[120, 206, 399.8025]
[120, 207, 399.9625]
[120, 208, 399.92]
[120, 209, 399.9925]
[120, 210, 400.0575]
[120, 211, 400.0575]
[120, 212, 399.9675]
[120, 213, 399.695]
[120, 214, 399.655]
[120, 215, 399.6125]
[120, 216, 399.5525]
[120, 217, 399.4975]
[120, 218, 399.3825]
[120, 219, 399.245]
[120, 220, 399.1]
[120, 221, 398.8425]
[120, 222, 398.5975]
[120, 223, 398.405]
[120, 224, 398.1025]
[120, 225, 397.785]
[120, 226, 397.63]
[120, 227, 397.5925]
[120, 228, 397.4275]
[120, 229, 397.195]
[120, 230, 397.035]
[120, 231, 397.06]
[120, 232, 396.895]
[120, 233, 396.6375]
[120, 234, 396.39]
[120, 235, 396.0775]
[120, 236, 395.615]
[120, 237, 395.005]
[120, 238, 394.305]
[120, 239, 393.76]
[120, 240, 393.725]
[120, 241, 393.47]
[120, 242, 393.2975]
[120, 243, 393.1525]
[120, 244, 392.81]
[120, 245, 392.48]
[120, 246, 392.5075]
[120, 247, 392.4375]
[120, 248, 392.23]
[120, 249, 392.18]
[120, 250, 392.3525]
[120, 251, 392.5525]
[120, 252, 392.625]
[120, 253, 392.6275]
[120, 254, 392.5875]
[120, 255, 392.3875]
[120, 256, 392.2325]
[120, 257, 392.095]
[120, 258, 391.9775]
[120, 259, 391.74]
[120, 260, 391.3375]
[120, 261, 391.0725]
[120, 262, 390.8725]
[120, 263, 390.875]
[120, 264, 390.77]
[120, 265, 390.6325]
[120, 266, 390.5425]
[120, 267, 390.2925]
[120, 268, 390.0625]
[120, 269, 389.925]
[120, 270, 389.8675]
[120, 271, 389.835]
[120, 272, 389.7325]
[120, 273, 389.6575]
[120, 274, 389.4425]
[120, 275, 389.235]
[120, 276, 389.1175]
[120, 277, 389.0025]
[120, 278, 388.6725]
[120, 279, 388.45]
[120, 280, 388.1925]
[120, 281, 388.14]
[120, 282, 388.0975]
[120, 283, 388.11]
[120, 284, 388.005]
[120, 285, 387.7775]
[120, 286, 387.4025]
[120, 287, 387.465]
[120, 288, 387.51]
[120, 289, 387.3975]
[120, 290, 387.2325]
[120, 291, 387.125]
[120, 292, 386.9525]
[120, 293, 386.655]
[120, 294, 386.3575]
[120, 295, 386.0175]
[120, 296, 385.7]
[120, 297, 385.2525]
[120, 298, 384.9575]
[120, 299, 384.62]
[120, 300, 384.3525]
[120, 301, 384.2325]
[120, 302, 384.0225]
[120, 303, 383.8075]
[120, 304, 383.6525]
[120, 305, 383.605]
[120, 306, 383.5925]
[120, 307, 383.585]
[120, 308, 383.52]
[120, 309, 383.4075]
[120, 310, 383.2925]
[120, 311, 383.145]
[120, 312, 382.885]
[120, 313, 382.96]
[120, 314, 383.145]
[120, 315, 383.1575]
[120, 316, 383.0675]
[120, 317, 382.92]
[120, 318, 382.77]
[120, 319, 382.615]
[120, 320, 382.385]
[120, 321, 382.1875]
[120, 322, 381.99]
[120, 323, 381.6525]
[120, 324, 381.0675]
[120, 325, 380.7275]
[120, 326, 381.1]
[120, 327, 381.3675]
[120, 328, 381.26]
[120, 329, 381.0125]
[120, 330, 380.8175]
[120, 331, 380.7775]
[120, 332, 380.9254]
[120, 333, 381.1775]
[120, 334, 381.2091]
[120, 335, 381.0984]
[120, 336, 380.7631]
[120, 337, 380.3056]
[120, 338, 380.3672]
[120, 339, 380.6587]
[120, 340, 380.5919]
[120, 341, 380.5832]
[120, 342, 380.6974]
[120, 343, 380.619]
[120, 344, 380.4943]
[120, 345, 380.258]
[120, 346, 380.0781]
[120, 347, 379.9585]
[120, 348, 379.8701]
[120, 349, 379.7821]
[120, 350, 379.7853]
[120, 351, 379.744]
[120, 352, 379.5974]
[120, 353, 379.4773]
[120, 354, 379.3978]
[120, 355, 379.257]
[120, 356, 379.142]
[120, 357, 379.1177]
[120, 358, 379.0087]
[120, 359, 378.8931]
[120, 360, 378.8023]
[120, 361, 378.6264]
[120, 362, 378.4172]
[120, 363, 378.1811]
[120, 364, 377.9664]
[120, 365, 377.8178]
[120, 366, 377.5266]
[120, 367, 377.1938]
[120, 368, 376.9883]
[120, 369, 376.7285]
[120, 370, 376.4411]
[120, 371, 376.4151]
[120, 372, 376.2272]
[120, 373, 375.9999]
[120, 374, 375.8448]
[120, 375, 375.6525]
[120, 376, 375.4471]
[120, 377, 375.1988]
[120, 378, 375.0075]
[120, 379, 374.87]
[120, 380, 374.6495]
[120, 381, 374.4144]
[120, 382, 374.2113]
[120, 383, 374.0252]
[120, 384, 373.8305]
[120, 385, 373.6973]
[120, 386, 373.485]
[120, 387, 373.2475]
[120, 388, 373.0666]
[120, 389, 372.895]
[120, 390, 372.6641]
[120, 391, 372.4164]
[120, 392, 372.1489]
[120, 393, 371.9315]
[120, 394, 371.7027]
[120, 395, 371.3604]
[120, 396, 371.0337]
[120, 397, 370.8156]
[120, 398, 370.654]
[120, 399, 370.4988]
[120, 400, 370.3786]
[120, 401, 370.2587]
[120, 402, 370.075]
[120, 403, 369.885]
[120, 404, 369.6637]
[120, 405, 369.4244]
[120, 406, 369.2294]
[120, 407, 368.9944]
[120, 408, 368.5004]
[120, 409, 367.9956]
[120, 410, 367.6003]
[120, 411, 367.632]
[120, 412, 367.4925]
[120, 413, 367.2089]
[120, 414, 366.9007]
[120, 415, 366.5825]
[120, 416, 366.3015]
[120, 417, 365.9209]
[120, 418, 365.752]
[120, 419, 365.3842]
[120, 420, 364.8281]
[120, 421, 364.53]
[120, 422, 364.4863]
[120, 423, 364.5776]
[120, 424, 364.3016]
[120, 425, 363.9076]
[120, 426, 363.6895]
[120, 427, 363.38]
[120, 428, 363.105]
[120, 429, 362.9079]
[120, 430, 362.8003]
[120, 431, 362.558]
[120, 432, 362.2488]
[120, 433, 362.2063]
[120, 434, 362.146]
[120, 435, 362.1051]
[120, 436, 361.9188]
[120, 437, 361.6874]
[120, 438, 361.4976]
[120, 439, 361.3908]
[120, 440, 361.245]
[120, 441, 361.02]
[120, 442, 360.8306]
[120, 443, 360.6129]
[120, 444, 360.4348]
[120, 445, 360.2307]
[120, 446, 360.1275]
[120, 447, 360.05]
[120, 448, 359.9588]
[120, 449, 359.85]
[120, 450, 359.7275]
[120, 451, 359.6175]
[120, 452, 359.4421]
[120, 453, 359.2416]
[120, 454, 359.0445]
[120, 455, 358.821]
[120, 456, 358.6018]
[120, 457, 358.3797]
[120, 458, 358.0003]
[120, 459, 357.5184]
[120, 460, 357.2418]
[120, 461, 357.0143]
[120, 462, 356.7649]
[120, 463, 356.5975]
[120, 464, 356.41]
[120, 465, 356.2875]
[120, 466, 356.01]
[120, 467, 355.8]
[120, 468, 355.7325]
[120, 469, 355.775]
[120, 470, 355.6975]
[120, 471, 355.6259]
[120, 472, 355.5975]
[120, 473, 355.525]
[120, 474, 355.3875]
[120, 475, 355.2075]
[120, 476, 355.1525]
[120, 477, 355.0325]
[120, 478, 354.7153]
[120, 479, 354.3725]
[120, 480, 354.1525]
[120, 481, 353.9325]
[120, 482, 353.835]
[120, 483, 353.8588]
[120, 484, 354.1636]
[120, 485, 354.3983]
[120, 486, 354.5661]
[120, 487, 354.5728]
[120, 488, 354.5081]
[120, 489, 354.2645]
[120, 490, 353.6875]
[120, 491, 353.7724]
[120, 492, 354.2033]
[120, 493, 354.2]
[120, 494, 354.1025]
[120, 495, 354.0575]
[120, 496, 353.8423]
[120, 497, 353.5698]
[120, 498, 353.4401]
[120, 499, 353.284]
[130, 499, 349.19]
[130, 498, 349.2651]
[130, 497, 349.4047]
[130, 496, 349.4339]
[130, 495, 349.2092]
[130, 494, 349.3159]
[130, 493, 349.467]
[130, 492, 349.6682]
[130, 491, 349.85]
[130, 490, 350.0242]
[130, 489, 350.1893]
[130, 488, 350.3684]
[130, 487, 350.4801]
[130, 486, 350.6675]
[130, 485, 350.89]
[130, 484, 351.05]
[130, 483, 351.2679]
[130, 482, 351.5242]
[130, 481, 351.9325]
[130, 480, 352.142]
[130, 479, 352.4043]
[130, 478, 352.5825]
[130, 477, 352.75]
[130, 476, 352.935]
[130, 475, 353.115]
[130, 474, 353.2375]
[130, 473, 353.3125]
[130, 472, 353.295]
[130, 471, 353.35]
[130, 470, 353.3575]
[130, 469, 353.44]
[130, 468, 353.4925]
[130, 467, 353.5275]
[130, 466, 353.605]
[130, 465, 353.7075]
[130, 464, 353.8225]
[130, 463, 353.9025]
[130, 462, 354.0184]
[130, 461, 354.1531]
[130, 460, 354.347]
[130, 459, 354.5525]
[130, 458, 354.7788]
[130, 457, 355.1052]
[130, 456, 355.4746]
[130, 455, 355.7562]
[130, 454, 356.0116]
[130, 453, 356.2811]
[130, 452, 356.4635]
[130, 451, 356.5469]
[130, 450, 356.6284]
[130, 449, 356.8472]
[130, 448, 357.08]
[130, 447, 357.2587]
[130, 446, 357.3725]
[130, 445, 357.4888]
[130, 444, 357.5422]
[130, 443, 357.6603]
[130, 442, 357.7475]
[130, 441, 357.855]
[130, 440, 357.9977]
[130, 439, 358.1518]
[130, 438, 358.36]
[130, 437, 358.5348]
[130, 436, 358.76]
[130, 435, 359.0325]
[130, 434, 359.5217]
[130, 433, 359.8225]
[130, 432, 360.2018]
[130, 431, 360.5097]
[130, 430, 360.7925]
[130, 429, 361.0925]
[130, 428, 361.34]
[130, 427, 361.585]
[130, 426, 361.8175]
[130, 425, 362.092]
[130, 424, 362.304]
[130, 423, 362.5767]
[130, 422, 362.7275]
[130, 421, 362.8125]
[130, 420, 362.7725]
[130, 419, 362.695]
[130, 418, 362.655]
[130, 417, 362.665]
[130, 416, 362.785]
[130, 415, 363.1133]
[130, 414, 363.399]
[130, 413, 363.4782]
[130, 412, 363.6656]
[130, 411, 363.9454]
[130, 410, 364.2587]
[130, 409, 364.8178]
[130, 408, 365.1145]
[130, 407, 365.2455]
[130, 406, 365.3358]
[130, 405, 365.7136]
[130, 404, 366.0513]
[130, 403, 366.3434]
[130, 402, 366.597]
[130, 401, 366.9192]
[130, 400, 367.1424]
[130, 399, 367.38]
[130, 398, 367.658]
[130, 397, 367.8745]
[130, 396, 368.0845]
[130, 395, 368.1784]
[130, 394, 368.2606]
[130, 393, 368.3552]
[130, 392, 368.4465]
[130, 391, 368.5052]
[130, 390, 368.6084]
[130, 389, 368.6756]
[130, 388, 368.685]
[130, 387, 368.7923]
[130, 386, 368.8603]
[130, 385, 369.062]
[130, 384, 369.3075]
[130, 383, 369.465]
[130, 382, 369.6344]
[130, 381, 369.7125]
[130, 380, 369.7693]
[130, 379, 369.8712]
[130, 378, 370.0084]
[130, 377, 370.0922]
[130, 376, 369.9211]
[130, 375, 369.8125]
[130, 374, 369.8663]
[130, 373, 370.0475]
[130, 372, 370.2366]
[130, 371, 370.3975]
[130, 370, 370.5909]
[130, 369, 370.8038]
[130, 368, 371.0396]
[130, 367, 371.2375]
[130, 366, 371.4904]
[130, 365, 371.645]
[130, 364, 371.7775]
[130, 363, 371.9905]
[130, 362, 372.1345]
[130, 361, 372.5146]
[130, 360, 372.9229]
[130, 359, 373.1985]
[130, 358, 373.2891]
[130, 357, 373.3153]
[130, 356, 373.3964]
[130, 355, 373.8293]
[130, 354, 374.155]
[130, 353, 374.315]
[130, 352, 374.4469]
[130, 351, 374.7008]
[130, 350, 374.8748]
[130, 349, 374.9981]
[130, 348, 375.1132]
[130, 347, 375.1956]
[130, 346, 375.398]
[130, 345, 375.6474]
[130, 344, 375.7773]
[130, 343, 375.9102]
[130, 342, 375.9474]
[130, 341, 375.913]
[130, 340, 375.9081]
[130, 339, 375.8791]
[130, 338, 375.9001]
[130, 337, 376.2205]
[130, 336, 376.5389]
[130, 335, 376.6862]
[130, 334, 376.8217]
[130, 333, 376.8363]
[130, 332, 376.71]
[130, 331, 376.635]
[130, 330, 376.8525]
[130, 329, 377.0625]
[130, 328, 377.1325]
[130, 327, 377.1025]
[130, 326, 376.815]
[130, 325, 376.5425]
[130, 324, 376.9375]
[130, 323, 377.4675]
[130, 322, 377.825]
[130, 321, 377.9325]
[130, 320, 377.8925]
[130, 319, 378.1075]
[130, 318, 378.4]
[130, 317, 378.7]
[130, 316, 378.945]
[130, 315, 379.1775]
[130, 314, 379.465]
[130, 313, 379.76]
[130, 312, 380.0425]
[130, 311, 380.2475]
[130, 310, 380.28]
[130, 309, 380.1825]
[130, 308, 379.8]
[130, 307, 379.6325]
[130, 306, 379.97]
[130, 305, 380.4]
[130, 304, 380.825]
[130, 303, 381.315]
[130, 302, 381.6475]
[130, 301, 381.9]
[130, 300, 382.1575]
[130, 299, 382.3175]
[130, 298, 382.4325]
[130, 297, 382.525]
[130, 296, 382.695]
[130, 295, 382.9475]
[130, 294, 383.11]
[130, 293, 383.1475]
[130, 292, 383.2725]
[130, 291, 383.5675]
[130, 290, 383.65]
[130, 289, 383.475]
[130, 288, 383.255]
[130, 287, 383.1825]
[130, 286, 383.4975]
[130, 285, 383.82]
[130, 284, 384.0925]
[130, 283, 384.29]
[130, 282, 384.2475]
[130, 281, 384.3725]
[130, 280, 384.655]
[130, 279, 384.9]
[130, 278, 385.1675]
[130, 277, 385.3225]
[130, 276, 385.46]
[130, 275, 385.69]
[130, 274, 385.8925]
[130, 273, 386.085]
[130, 272, 386.2075]
[130, 271, 386.2675]
[130, 270, 386.3625]
[130, 269, 386.4675]
[130, 268, 386.4775]
[130, 267, 386.535]
[130, 266, 386.6475]
[130, 265, 386.6975]
[130, 264, 386.89]
[130, 263, 387.335]
[130, 262, 387.5925]
[130, 261, 387.85]
[130, 260, 388.035]
[130, 259, 388.285]
[130, 258, 388.42]
[130, 257, 388.4375]
[130, 256, 388.3175]
[130, 255, 388.07]
[130, 254, 387.91]
[130, 253, 388.0175]
[130, 252, 388.1075]
[130, 251, 387.855]
[130, 250, 387.305]
[130, 249, 386.62]
[130, 248, 386.11]
[130, 247, 386.9825]
[130, 246, 387.92]
[130, 245, 388.86]
[130, 244, 389.345]
[130, 243, 389.66]
[130, 242, 389.94]
[130, 241, 390.1]
[130, 240, 390.43]
[130, 239, 390.7225]
[130, 238, 390.995]
[130, 237, 391.18]
[130, 236, 391.4475]
[130, 235, 391.7175]
[130, 234, 391.885]
[130, 233, 392.115]
[130, 232, 392.325]
[130, 231, 392.4275]
[130, 230, 392.4775]
[130, 229, 392.6475]
[130, 228, 392.8925]
[130, 227, 393.1525]
[130, 226, 393.4625]
[130, 225, 393.5775]
[130, 224, 393.7775]
[130, 223, 393.94]
[130, 222, 394.0875]
[130, 221, 394.245]
[130, 220, 394.3775]
[130, 219, 394.3825]
[130, 218, 394.385]
[130, 217, 394.475]
[130, 216, 394.72]
[130, 215, 394.865]
[130, 214, 394.95]
[130, 213, 395.04]
[130, 212, 395.1]
[130, 211, 395.1775]
[130, 210, 395.0975]
[130, 209, 394.87]
[130, 208, 395.2625]
[130, 207, 395.2425]
[130, 206, 395.155]
[130, 205, 394.9825]
[130, 204, 394.95]
[130, 203, 394.765]
[130, 202, 394.535]
[130, 201, 393.985]
[130, 200, 393.4525]
[130, 199, 393.1225]
[130, 198, 393.59]
[130, 197, 394.28]
[130, 196, 394.65]
[130, 195, 394.785]
[130, 194, 394.8725]
[130, 193, 395.0925]
[130, 192, 395.2525]
[130, 191, 395.38]
[130, 190, 395.515]
[130, 189, 395.68]
[130, 188, 395.775]
[130, 187, 395.8725]
[130, 186, 395.9075]
[130, 185, 395.9125]
[130, 184, 395.9025]
[130, 183, 395.92]
[130, 182, 396.0325]
[130, 181, 396.245]
[130, 180, 396.4775]
[130, 179, 396.8275]
[130, 178, 397.205]
[130, 177, 397.6925]
[130, 176, 398.1025]
[130, 175, 398.5025]
[130, 174, 398.79]
[130, 173, 398.9725]
[130, 172, 399.165]
[130, 171, 399.295]
[130, 170, 399.3875]
[130, 169, 399.5075]
[130, 168, 399.5]
[130, 167, 399.515]
[130, 166, 399.44]
[130, 165, 399.425]
[130, 164, 399.31]
[130, 163, 399.26]
[130, 162, 399.1525]
[130, 161, 399.15]
[130, 160, 399.17]
[130, 159, 399.1475]
[130, 158, 399.1875]
[130, 157, 399.265]
[130, 156, 399.33]
[130, 155, 399.49]
[130, 154, 399.62]
[130, 153, 399.77]
[130, 152, 399.87]
[130, 151, 400.035]
[130, 150, 400.2]
[130, 149, 400.3625]
[130, 148, 400.5525]
[130, 147, 400.74]
[130, 146, 400.8875]
[130, 145, 401.0425]
[130, 144, 401.135]
[130, 143, 401.365]
[130, 142, 401.47]
[130, 141, 401.1875]
[130, 140, 400.4275]
[130, 139, 398.965]
[130, 138, 397.7175]
[130, 137, 396.97]
[130, 136, 396.585]
[130, 135, 397.035]
[130, 134, 398.6325]
[130, 133, 400.5275]
[130, 132, 401.835]
[130, 131, 402.5525]
[130, 130, 403.085]
[130, 129, 403.53]
[130, 128, 404.0]
[130, 127, 404.3075]
[130, 126, 404.54]
[130, 125, 404.715]
[130, 124, 404.8225]
[130, 123, 404.9975]
[130, 122, 405.1725]
[130, 121, 405.23]
[130, 120, 405.335]
[130, 119, 405.35]
[130, 118, 405.44]
[130, 117, 405.5325]
[130, 116, 405.4875]
[130, 115, 405.3625]
[130, 114, 405.5675]
[130, 113, 405.9325]
[130, 112, 406.24]
[130, 111, 406.5825]
[130, 110, 406.925]
[130, 109, 407.25]
[130, 108, 407.5775]
[130, 107, 407.945]
[130, 106, 408.275]
[130, 105, 408.6275]
[130, 104, 408.9275]
[130, 103, 409.29]
[130, 102, 409.6825]
[130, 101, 410.075]
[130, 100, 410.425]
[130, 99, 410.74]
[130, 98, 411.1175]
[130, 97, 411.5075]
[130, 96, 411.855]
[130, 95, 412.1475]
[130, 94, 412.5025]
[130, 93, 412.8575]
[130, 92, 413.1675]
[130, 91, 413.565]
[130, 90, 413.945]
[130, 89, 414.1625]
[130, 88, 414.4]
[130, 87, 414.6775]
[130, 86, 414.8875]
[130, 85, 415.13]
[130, 84, 415.4525]
[130, 83, 415.7175]
[130, 82, 415.8825]
[130, 81, 416.055]
[130, 80, 416.2175]
[130, 79, 416.4875]
[130, 78, 416.7525]
[130, 77, 417.075]
[130, 76, 417.2825]
[130, 75, 417.4625]
[130, 74, 417.6975]
[130, 73, 418.01]
[130, 72, 418.3575]
[130, 71, 418.5925]
[130, 70, 418.855]
[130, 69, 419.0275]
[130, 68, 419.2525]
[130, 67, 419.515]
[130, 66, 419.8125]
[130, 65, 420.1725]
[130, 64, 420.4475]
[130, 63, 420.7525]
[130, 62, 421.055]
[130, 61, 421.2875]
[130, 60, 421.5825]
[130, 59, 421.7725]
[130, 58, 421.995]
[130, 57, 422.22]
[130, 56, 422.3725]
[130, 55, 422.5225]
[130, 54, 422.5875]
[130, 53, 422.59]
[130, 52, 422.475]
[130, 51, 422.165]
[130, 50, 421.3325]
[130, 49, 420.07]
[130, 48, 419.4075]
[130, 47, 419.1425]
[130, 46, 419.2625]
[130, 45, 420.3125]
[130, 44, 421.595]
[130, 43, 422.705]
[130, 42, 423.9825]
[130, 41, 425.355]
[130, 40, 426.505]
[130, 39, 427.2675]
[130, 38, 427.88]
[130, 37, 428.41]
[130, 36, 428.95]
[130, 35, 429.4125]
[130, 34, 429.8125]
[130, 33, 430.24]
[130, 32, 430.68]
[130, 31, 430.8925]
[130, 30, 431.1075]
[130, 29, 431.3775]
[130, 28, 431.5475]
[130, 27, 431.76]
[130, 26, 431.98]
[130, 25, 432.22]
[130, 24, 432.395]
[130, 23, 432.6525]
[130, 22, 432.8775]
[130, 21, 433.08]
[130, 20, 433.255]
[130, 19, 433.465]
[130, 18, 433.6775]
[130, 17, 433.9325]
[130, 16, 434.18]
[130, 15, 434.42]
[130, 14, 434.72]
[130, 13, 434.9025]
[130, 12, 435.065]
[130, 11, 435.295]
[130, 10, 435.4325]
[130, 9, 435.7175]
[130, 8, 436.0025]
[130, 7, 436.2975]
[130, 6, 436.6175]
[130, 5, 436.9625]
[130, 4, 437.285]
[130, 3, 437.6675]
[130, 2, 438.07]
[130, 1, 438.425]
[130, 0, 438.7875]
[140, 0, 437.9725]
[140, 1, 437.57]
[140, 2, 437.305]
[140, 3, 436.9575]
[140, 4, 436.6075]
[140, 5, 436.24]
[140, 6, 435.925]
[140, 7, 435.5675]
[140, 8, 435.2525]
[140, 9, 434.9875]
[140, 10, 434.7175]
[140, 11, 434.355]
[140, 12, 434.185]
[140, 13, 433.94]
[140, 14, 433.6325]
[140, 15, 433.1975]
[140, 16, 432.745]
[140, 17, 432.2275]
[140, 18, 431.755]
[140, 19, 431.1475]
[140, 20, 430.5]
[140, 21, 429.7525]
[140, 22, 429.2425]
[140, 23, 429.1375]
[140, 24, 429.4575]
[140, 25, 429.7325]
[140, 26, 429.98]
[140, 27, 430.23]
[140, 28, 430.23]
[140, 29, 430.0975]
[140, 30, 429.8825]
[140, 31, 429.66]
[140, 32, 429.415]
[140, 33, 429.1]
[140, 34, 428.645]
[140, 35, 428.2875]
[140, 36, 427.9325]
[140, 37, 427.52]
[140, 38, 427.025]
[140, 39, 426.475]
[140, 40, 425.9625]
[140, 41, 425.5625]
[140, 42, 425.2125]
[140, 43, 424.84]
[140, 44, 424.435]
[140, 45, 424.08]
[140, 46, 423.7375]
[140, 47, 423.255]
[140, 48, 422.7375]
[140, 49, 422.06]
[140, 50, 421.35]
[140, 51, 420.585]
[140, 52, 419.51]
[140, 53, 418.09]
[140, 54, 416.6275]
[140, 55, 415.4]
[140, 56, 414.505]
[140, 57, 413.66]
[140, 58, 412.845]
[140, 59, 413.3775]
[140, 60, 414.8525]
[140, 61, 416.0725]
[140, 62, 416.945]
[140, 63, 417.2975]
[140, 64, 417.5]
[140, 65, 417.465]
[140, 66, 417.395]
[140, 67, 417.2525]
[140, 68, 417.0625]
[140, 69, 416.8625]
[140, 70, 416.6225]
[140, 71, 416.3525]
[140, 72, 416.065]
[140, 73, 415.8]
[140, 74, 415.5575]
[140, 75, 415.36]
[140, 76, 415.155]
[140, 77, 414.895]
[140, 78, 414.6425]
[140, 79, 414.3825]
[140, 80, 414.08]
[140, 81, 413.745]
[140, 82, 413.495]
[140, 83, 413.2975]
[140, 84, 412.965]
[140, 85, 412.8575]
[140, 86, 412.735]
[140, 87, 412.5475]
[140, 88, 412.31]
[140, 89, 412.0075]
[140, 90, 411.59]
[140, 91, 411.11]
[140, 92, 410.645]
[140, 93, 410.1325]
[140, 94, 409.6075]
[140, 95, 409.195]
[140, 96, 408.9225]
[140, 97, 408.675]
[140, 98, 408.49]
[140, 99, 408.065]
[140, 100, 407.3775]
[140, 101, 406.6875]
[140, 102, 406.2575]
[140, 103, 405.91]
[140, 104, 405.6225]
[140, 105, 405.26]
[140, 106, 404.9825]
[140, 107, 404.6675]
[140, 108, 404.41]
[140, 109, 404.16]
[140, 110, 403.92]
[140, 111, 403.5775]
[140, 112, 403.255]
[140, 113, 402.8525]
[140, 114, 402.4625]
[140, 115, 402.1125]
[140, 116, 401.84]
[140, 117, 401.5475]
[140, 118, 401.15]
[140, 119, 400.8275]
[140, 120, 400.5725]
[140, 121, 400.3975]
[140, 122, 400.1275]
[140, 123, 399.88]
[140, 124, 399.6625]
[140, 125, 399.405]
[140, 126, 399.195]
[140, 127, 398.9625]
[140, 128, 398.7225]
[140, 129, 398.555]
[140, 130, 398.4675]
[140, 131, 398.38]
[140, 132, 398.3025]
[140, 133, 398.045]
[140, 134, 397.515]
[140, 135, 396.615]
[140, 136, 395.235]
[140, 137, 393.82]
[140, 138, 392.5875]
[140, 139, 392.095]
[140, 140, 392.5575]
[140, 141, 393.49]
[140, 142, 394.3325]
[140, 143, 395.1275]
[140, 144, 395.745]
[140, 145, 396.14]
[140, 146, 396.215]
[140, 147, 396.1]
[140, 148, 395.8825]
[140, 149, 395.7525]
[140, 150, 395.5475]
[140, 151, 395.335]
[140, 152, 395.185]
[140, 153, 395.0375]
[140, 154, 394.9875]
[140, 155, 394.9575]
[140, 156, 394.865]
[140, 157, 394.775]
[140, 158, 394.7175]
[140, 159, 394.7175]
[140, 160, 394.76]
[140, 161, 394.655]
[140, 162, 394.6925]
[140, 163, 394.7225]
[140, 164, 394.8025]
[140, 165, 394.895]
[140, 166, 394.9375]
[140, 167, 394.92]
[140, 168, 394.9925]
[140, 169, 394.9575]
[140, 170, 394.87]
[140, 171, 394.81]
[140, 172, 394.745]
[140, 173, 394.545]
[140, 174, 394.4375]
[140, 175, 394.3275]
[140, 176, 394.1175]
[140, 177, 393.87]
[140, 178, 393.605]
[140, 179, 393.195]
[140, 180, 392.785]
[140, 181, 392.3725]
[140, 182, 391.9125]
[140, 183, 391.5225]
[140, 184, 391.2125]
[140, 185, 390.9775]
[140, 186, 390.955]
[140, 187, 391.0375]
[140, 188, 391.15]
[140, 189, 391.3125]
[140, 190, 391.4625]
[140, 191, 391.49]
[140, 192, 391.44]
[140, 193, 391.375]
[140, 194, 391.295]
[140, 195, 391.1925]
[140, 196, 391.055]
[140, 197, 390.8125]
[140, 198, 390.6075]
[140, 199, 390.4775]
[140, 200, 390.23]
[140, 201, 389.09]
[140, 202, 388.9525]
[140, 203, 389.7375]
[140, 204, 390.13]
[140, 205, 390.2575]
[140, 206, 390.36]
[140, 207, 390.3725]
[140, 208, 390.4975]
[140, 209, 390.36]
[140, 210, 389.95]
[140, 211, 389.89]
[140, 212, 390.0725]
[140, 213, 389.8225]
[140, 214, 389.53]
[140, 215, 389.3875]
[140, 216, 389.1375]
[140, 217, 388.9425]
[140, 218, 388.7325]
[140, 219, 388.5475]
[140, 220, 388.355]
[140, 221, 388.1475]
[140, 222, 387.94]
[140, 223, 387.575]
[140, 224, 387.5675]
[140, 225, 387.77]
[140, 226, 387.8]
[140, 227, 387.7775]
[140, 228, 387.7275]
[140, 229, 387.69]
[140, 230, 387.56]
[140, 231, 387.3725]
[140, 232, 387.1725]
[140, 233, 386.9]
[140, 234, 386.91]
[140, 235, 386.8075]
[140, 236, 386.455]
[140, 237, 386.1575]
[140, 238, 385.93]
[140, 239, 385.6425]
[140, 240, 385.2375]
[140, 241, 384.87]
[140, 242, 384.53]
[140, 243, 384.1425]
[140, 244, 383.7475]
[140, 245, 383.25]
[140, 246, 382.805]
[140, 247, 382.4025]
[140, 248, 382.0825]
[140, 249, 381.6275]
[140, 250, 381.085]
[140, 251, 381.09]
[140, 252, 381.245]
[140, 253, 381.45]
[140, 254, 381.5475]
[140, 255, 381.7675]
[140, 256, 382.0775]
[140, 257, 382.3125]
[140, 258, 382.605]
[140, 259, 382.8375]
[140, 260, 382.9275]
[140, 261, 383.055]
[140, 262, 383.05]
[140, 263, 382.815]
[140, 264, 382.7175]
[140, 265, 382.7425]
[140, 266, 382.74]
[140, 267, 382.665]
[140, 268, 382.565]
[140, 269, 382.4425]
[140, 270, 382.3375]
[140, 271, 382.315]
[140, 272, 382.2525]
[140, 273, 382.0575]
[140, 274, 381.845]
[140, 275, 381.62]
[140, 276, 381.465]
[140, 277, 381.225]
[140, 278, 381.045]
[140, 279, 380.825]
[140, 280, 380.54]
[140, 281, 380.33]
[140, 282, 380.2025]
[140, 283, 380.0425]
[140, 284, 379.91]
[140, 285, 379.7625]
[140, 286, 379.5075]
[140, 287, 379.1725]
[140, 288, 378.8075]
[140, 289, 378.3625]
[140, 290, 378.3325]
[140, 291, 378.61]
[140, 292, 378.83]
[140, 293, 378.7125]
[140, 294, 378.6025]
[140, 295, 378.47]
[140, 296, 378.33]
[140, 297, 378.0775]
[140, 298, 377.715]
[140, 299, 377.525]
[140, 300, 377.4475]
[140, 301, 377.425]
[140, 302, 377.355]
[140, 303, 377.2125]
[140, 304, 377.065]
[140, 305, 376.8875]
[140, 306, 376.66]
[140, 307, 376.34]
[140, 308, 375.805]
[140, 309, 375.2475]
[140, 310, 374.8875]
[140, 311, 374.5375]
[140, 312, 374.34]
[140, 313, 374.24]
[140, 314, 374.1375]
[140, 315, 374.09]
[140, 316, 374.1775]
[140, 317, 374.2175]
[140, 318, 374.13]
[140, 319, 373.8875]
[140, 320, 373.67]
[140, 321, 373.4275]
[140, 322, 373.1875]
[140, 323, 372.8525]
[140, 324, 372.57]
[140, 325, 372.4425]
[140, 326, 372.3175]
[140, 327, 372.005]
[140, 328, 371.93]
[140, 329, 371.865]
[140, 330, 371.7525]
[140, 331, 371.66]
[140, 332, 371.6125]
[140, 333, 371.6275]
[140, 334, 371.5752]
[140, 335, 371.59]
[140, 336, 371.5801]
[140, 337, 371.4929]
[140, 338, 371.1355]
[140, 339, 371.0064]
[140, 340, 371.2021]
[140, 341, 371.2051]
[140, 342, 371.1665]
[140, 343, 371.0813]
[140, 344, 371.0044]
[140, 345, 370.782]
[140, 346, 370.5201]
[140, 347, 370.248]
[140, 348, 369.9137]
[140, 349, 369.5225]
[140, 350, 369.4001]
[140, 351, 369.4615]
[140, 352, 369.3793]
[140, 353, 369.1327]
[140, 354, 369.067]
[140, 355, 368.9425]
[140, 356, 368.7375]
[140, 357, 368.57]
[140, 358, 368.2523]
[140, 359, 367.7389]
[140, 360, 367.3308]
[140, 361, 367.4589]
[140, 362, 367.5392]
[140, 363, 367.135]
[140, 364, 366.7709]
[140, 365, 366.2786]
[140, 366, 365.6453]
[140, 367, 365.0882]
[140, 368, 364.8457]
[140, 369, 364.6694]
[140, 370, 364.3019]
[140, 371, 364.1818]
[140, 372, 364.4774]
[140, 373, 364.4595]
[140, 374, 364.4434]
[140, 375, 364.5746]
[140, 376, 364.5673]
[140, 377, 364.5556]
[140, 378, 364.6319]
[140, 379, 364.7096]
[140, 380, 364.786]
[140, 381, 364.845]
[140, 382, 364.9346]
[140, 383, 365.0244]
[140, 384, 365.059]
[140, 385, 365.0574]
[140, 386, 365.0912]
[140, 387, 365.012]
[140, 388, 364.9585]
[140, 389, 364.8937]
[140, 390, 364.7839]
[140, 391, 364.624]
[140, 392, 364.44]
[140, 393, 364.2679]
[140, 394, 364.1289]
[140, 395, 363.98]
[140, 396, 363.81]
[140, 397, 363.6131]
[140, 398, 363.4038]
[140, 399, 363.2298]
[140, 400, 362.9875]
[140, 401, 362.761]
[140, 402, 362.4369]
[140, 403, 362.1709]
[140, 404, 361.9355]
[140, 405, 361.6775]
[140, 406, 361.4725]
[140, 407, 361.2504]
[140, 408, 360.9934]
[140, 409, 360.6951]
[140, 410, 360.449]
[140, 411, 360.4401]
[140, 412, 360.556]
[140, 413, 360.3826]
[140, 414, 360.3653]
[140, 415, 360.3115]
[140, 416, 360.1921]
[140, 417, 360.0922]
[140, 418, 360.005]
[140, 419, 359.9575]
[140, 420, 359.8969]
[140, 421, 359.7758]
[140, 422, 359.6482]
[140, 423, 359.5173]
[140, 424, 359.3817]
[140, 425, 359.2483]
[140, 426, 359.1325]
[140, 427, 359.065]
[140, 428, 358.9575]
[140, 429, 358.6961]
[140, 430, 358.455]
[140, 431, 358.31]
[140, 432, 358.1092]
[140, 433, 357.8954]
[140, 434, 357.6828]
[140, 435, 357.4001]
[140, 436, 357.0729]
[140, 437, 356.731]
[140, 438, 356.3988]
[140, 439, 356.095]
[140, 440, 355.7888]
[140, 441, 355.4544]
[140, 442, 355.1247]
[140, 443, 354.8491]
[140, 444, 354.5228]
[140, 445, 354.1784]
[140, 446, 353.8352]
[140, 447, 353.4848]
[140, 448, 353.1566]
[140, 449, 353.025]
[140, 450, 353.035]
[140, 451, 352.945]
[140, 452, 352.7942]
[140, 453, 352.6378]
[140, 454, 352.5204]
[140, 455, 352.34]
[140, 456, 352.1183]
[140, 457, 351.8687]
[140, 458, 351.6409]
[140, 459, 351.455]
[140, 460, 351.3575]
[140, 461, 351.3]
[140, 462, 351.275]
[140, 463, 351.2375]
[140, 464, 351.1625]
[140, 465, 351.1925]
[140, 466, 351.145]
[140, 467, 351.11]
[140, 468, 351.01]
[140, 469, 350.9]
[140, 470, 350.795]
[140, 471, 350.725]
[140, 472, 350.65]
[140, 473, 350.68]
[140, 474, 350.635]
[140, 475, 350.5781]
[140, 476, 350.48]
[140, 477, 350.42]
[140, 478, 350.2825]
[140, 479, 350.14]
[140, 480, 349.965]
[140, 481, 349.8375]
[140, 482, 349.65]
[140, 483, 349.48]
[140, 484, 349.3175]
[140, 485, 349.12]
[140, 486, 348.93]
[140, 487, 348.7375]
[140, 488, 348.5415]
[140, 489, 348.39]
[140, 490, 348.2575]
[140, 491, 348.1075]
[140, 492, 347.97]
[140, 493, 347.8025]
[140, 494, 347.605]
[140, 495, 347.3732]
[140, 496, 346.8928]
[140, 497, 346.045]
[140, 498, 345.4207]
[140, 499, 344.9834]
[150, 499, 344.1816]
[150, 498, 344.4291]
[150, 497, 344.65]
[150, 496, 344.8575]
[150, 495, 345.005]
[150, 494, 345.1184]
[150, 493, 345.2767]
[150, 492, 345.5035]
[150, 491, 345.6988]
[150, 490, 345.8325]
[150, 489, 345.8775]
[150, 488, 345.9825]
[150, 487, 346.0876]
[150, 486, 346.2359]
[150, 485, 346.4017]
[150, 484, 346.5658]
[150, 483, 346.7429]
[150, 482, 346.8609]
[150, 481, 346.9125]
[150, 480, 347.0662]
[150, 479, 347.2665]
[150, 478, 347.4748]
[150, 477, 347.6596]
[150, 476, 347.8025]
[150, 475, 347.82]
[150, 474, 347.8021]
[150, 473, 347.75]
[150, 472, 347.8526]
[150, 471, 347.9682]
[150, 470, 348.0845]
[150, 469, 348.241]
[150, 468, 348.3975]
[150, 467, 348.4683]
[150, 466, 348.49]
[150, 465, 348.4375]
[150, 464, 348.45]
[150, 463, 348.42]
[150, 462, 348.365]
[150, 461, 348.435]
[150, 460, 348.5363]
[150, 459, 348.4975]
[150, 458, 348.5825]
[150, 457, 348.723]
[150, 456, 348.869]
[150, 455, 349.0711]
[150, 454, 349.1375]
[150, 453, 349.2414]
[150, 452, 349.4089]
[150, 451, 349.6661]
[150, 450, 349.9863]
[150, 449, 350.2777]
[150, 448, 350.5458]
[150, 447, 350.8289]
[150, 446, 351.1592]
[150, 445, 351.5136]
[150, 444, 351.85]
[150, 443, 352.2224]
[150, 442, 352.535]
[150, 441, 352.8]
[150, 440, 353.043]
[150, 439, 353.2881]
[150, 438, 353.5158]
[150, 437, 353.785]
[150, 436, 354.1041]
[150, 435, 354.3976]
[150, 434, 354.6837]
[150, 433, 354.9178]
[150, 432, 355.0775]
[150, 431, 355.2342]
[150, 430, 355.4146]
[150, 429, 355.57]
[150, 428, 355.7175]
[150, 427, 355.845]
[150, 426, 355.92]
[150, 425, 355.955]
[150, 424, 356.0125]
[150, 423, 356.07]
[150, 422, 356.1425]
[150, 421, 356.19]
[150, 420, 356.16]
[150, 419, 356.2025]
[150, 418, 356.235]
[150, 417, 356.2625]
[150, 416, 356.325]
[150, 415, 356.395]
[150, 414, 356.4875]
[150, 413, 356.6579]
[150, 412, 356.777]
[150, 411, 356.92]
[150, 410, 357.0575]
[150, 409, 357.2204]
[150, 408, 357.28]
[150, 407, 357.4242]
[150, 406, 357.58]
[150, 405, 357.6725]
[150, 404, 357.7025]
[150, 403, 357.7509]
[150, 402, 357.9525]
[150, 401, 357.8975]
[150, 400, 357.8275]
[150, 399, 357.9125]
[150, 398, 358.0469]
[150, 397, 358.1829]
[150, 396, 358.4606]
[150, 395, 358.6088]
[150, 394, 358.8043]
[150, 393, 358.9953]
[150, 392, 359.2336]
[150, 391, 359.4433]
[150, 390, 359.5021]
[150, 389, 359.5665]
[150, 388, 359.6445]
[150, 387, 359.7345]
[150, 386, 359.8439]
[150, 385, 359.9458]
[150, 384, 359.9628]
[150, 383, 359.8998]
[150, 382, 359.8622]
[150, 381, 359.7972]
[150, 380, 359.6967]
[150, 379, 359.6494]
[150, 378, 359.6319]
[150, 377, 359.6059]
[150, 376, 359.5092]
[150, 375, 359.4829]
[150, 374, 359.5464]
[150, 373, 359.7526]
[150, 372, 359.9752]
[150, 371, 360.0722]
[150, 370, 360.2968]
[150, 369, 360.6405]
[150, 368, 360.9546]
[150, 367, 361.2546]
[150, 366, 361.5549]
[150, 365, 361.965]
[150, 364, 362.3898]
[150, 363, 362.8416]
[150, 362, 363.3116]
[150, 361, 363.7481]
[150, 360, 364.0496]
[150, 359, 364.2597]
[150, 358, 364.4228]
[150, 357, 364.687]
[150, 356, 364.9089]
[150, 355, 364.9498]
[150, 354, 365.1063]
[150, 353, 365.3882]
[150, 352, 365.6224]
[150, 351, 365.6807]
[150, 350, 365.8297]
[150, 349, 365.9174]
[150, 348, 365.939]
[150, 347, 366.0458]
[150, 346, 366.128]
[150, 345, 366.1727]
[150, 344, 366.073]
[150, 343, 365.8556]
[150, 342, 366.0511]
[150, 341, 366.2975]
[150, 340, 366.3536]
[150, 339, 366.5536]
[150, 338, 366.6225]
[150, 337, 366.5718]
[150, 336, 366.8355]
[150, 335, 367.1441]
[150, 334, 367.49]
[150, 333, 367.75]
[150, 332, 368.0175]
[150, 331, 368.09]
[150, 330, 368.24]
[150, 329, 368.2525]
[150, 328, 368.3075]
[150, 327, 368.335]
[150, 326, 368.3675]
[150, 325, 368.3375]
[150, 324, 368.465]
[150, 323, 368.625]
[150, 322, 368.86]
[150, 321, 369.16]
[150, 320, 369.4025]
[150, 319, 369.6125]
[150, 318, 369.805]
[150, 317, 369.8625]
[150, 316, 370.0375]
[150, 315, 370.16]
[150, 314, 370.125]
[150, 313, 370.3575]
[150, 312, 370.5925]
[150, 311, 370.86]
[150, 310, 371.115]
[150, 309, 371.4325]
[150, 308, 371.7325]
[150, 307, 371.9325]
[150, 306, 372.1275]
[150, 305, 372.36]
[150, 304, 372.7125]
[150, 303, 372.945]
[150, 302, 373.17]
[150, 301, 373.3925]
[150, 300, 373.5775]
[150, 299, 373.705]
[150, 298, 373.9725]
[150, 297, 374.1875]
[150, 296, 374.3525]
[150, 295, 374.565]
[150, 294, 374.665]
[150, 293, 374.5375]
[150, 292, 374.1775]
[150, 291, 374.3425]
[150, 290, 374.775]
[150, 289, 374.9775]
[150, 288, 375.065]
[150, 287, 375.2575]
[150, 286, 375.6725]
[150, 285, 375.905]
[150, 284, 376.04]
[150, 283, 376.28]
[150, 282, 376.435]
[150, 281, 376.675]
[150, 280, 376.945]
[150, 279, 377.2225]
[150, 278, 377.3925]
[150, 277, 377.575]
[150, 276, 377.7425]
[150, 275, 377.9225]
[150, 274, 378.06]
[150, 273, 378.1475]
[150, 272, 378.18]
[150, 271, 378.1975]
[150, 270, 378.1375]
[150, 269, 378.2525]
[150, 268, 378.37]
[150, 267, 378.45]
[150, 266, 378.665]
[150, 265, 378.6625]
[150, 264, 378.42]
[150, 263, 378.2525]
[150, 262, 378.135]
[150, 261, 378.07]
[150, 260, 377.995]
[150, 259, 377.93]
[150, 258, 377.83]
[150, 257, 377.6975]
[150, 256, 377.685]
[150, 255, 377.68]
[150, 254, 377.58]
[150, 253, 377.3775]
[150, 252, 377.555]
[150, 251, 377.655]
[150, 250, 377.69]
[150, 249, 377.76]
[150, 248, 377.7925]
[150, 247, 377.97]
[150, 246, 378.245]
[150, 245, 378.52]
[150, 244, 378.9125]
[150, 243, 379.2925]
[150, 242, 379.59]
[150, 241, 379.9]
[150, 240, 380.235]
[150, 239, 380.5625]
[150, 238, 380.8475]
[150, 237, 381.055]
[150, 236, 381.17]
[150, 235, 381.325]
[150, 234, 381.5175]
[150, 233, 381.58]
[150, 232, 381.605]
[150, 231, 381.64]
[150, 230, 381.745]
[150, 229, 381.855]
[150, 228, 381.855]
[150, 227, 381.8675]
[150, 226, 381.8175]
[150, 225, 381.765]
[150, 224, 381.75]
[150, 223, 381.9725]
[150, 222, 382.17]
[150, 221, 382.2925]
[150, 220, 382.55]
[150, 219, 382.825]
[150, 218, 383.115]
[150, 217, 383.345]
[150, 216, 383.965]
[150, 215, 384.44]
[150, 214, 384.6875]
[150, 213, 384.955]
[150, 212, 385.17]
[150, 211, 385.3225]
[150, 210, 385.51]
[150, 209, 385.6425]
[150, 208, 385.665]
[150, 207, 385.4775]
[150, 206, 384.8525]
[150, 205, 384.3725]
[150, 204, 384.5]
[150, 203, 385.0625]
[150, 202, 385.71]
[150, 201, 386.1]
[150, 200, 386.35]
[150, 199, 386.5375]
[150, 198, 386.7175]
[150, 197, 386.8975]
[150, 196, 387.0525]
[150, 195, 387.1425]
[150, 194, 387.175]
[150, 193, 387.15]
[150, 192, 387.075]
[150, 191, 386.8925]
[150, 190, 386.7325]
[150, 189, 386.5825]
[150, 188, 386.4625]
[150, 187, 386.5975]
[150, 186, 386.82]
[150, 185, 387.13]
[150, 184, 387.395]
[150, 183, 387.7975]
[150, 182, 388.1225]
[150, 181, 388.4625]
[150, 180, 388.7725]
[150, 179, 389.0475]
[150, 178, 389.3125]
[150, 177, 389.52]
[150, 176, 389.6725]
[150, 175, 389.785]
[150, 174, 389.9025]
[150, 173, 389.9875]
[150, 172, 390.1175]
[150, 171, 390.1375]
[150, 170, 390.2125]
[150, 169, 390.265]
[150, 168, 390.3]
[150, 167, 390.2825]
[150, 166, 390.3125]
[150, 165, 390.31]
[150, 164, 390.315]
[150, 163, 390.3025]
[150, 162, 390.31]
[150, 161, 390.36]
[150, 160, 390.335]
[150, 159, 390.23]
[150, 158, 390.1375]
[150, 157, 390.0525]
[150, 156, 389.9575]
[150, 155, 389.9725]
[150, 154, 389.9525]
[150, 153, 390.055]
[150, 152, 390.065]
[150, 151, 390.135]
[150, 150, 390.1325]
[150, 149, 389.88]
[150, 148, 389.26]
[150, 147, 388.4825]
[150, 146, 387.8975]
[150, 145, 387.555]
[150, 144, 387.195]
[150, 143, 386.5]
[150, 142, 387.2425]
[150, 141, 388.5475]
[150, 140, 389.9725]
[150, 139, 390.7825]
[150, 138, 391.4325]
[150, 137, 391.8525]
[150, 136, 392.2325]
[150, 135, 392.5475]
[150, 134, 392.8525]
[150, 133, 393.2]
[150, 132, 393.6075]
[150, 131, 393.9675]
[150, 130, 394.3875]
[150, 129, 394.7825]
[150, 128, 395.31]
[150, 127, 395.8425]
[150, 126, 396.29]
[150, 125, 396.885]
[150, 124, 397.4]
[150, 123, 397.825]
[150, 122, 398.205]
[150, 121, 398.545]
[150, 120, 398.87]
[150, 119, 399.1]
[150, 118, 399.3325]
[150, 117, 399.64]
[150, 116, 399.8925]
[150, 115, 400.205]
[150, 114, 400.4625]
[150, 113, 400.685]
[150, 112, 400.9875]
[150, 111, 401.3475]
[150, 110, 401.685]
[150, 109, 401.9875]
[150, 108, 402.335]
[150, 107, 402.6975]
[150, 106, 402.9725]
[150, 105, 403.285]
[150, 104, 403.65]
[150, 103, 404.045]
[150, 102, 404.3525]
[150, 101, 404.7375]
[150, 100, 405.1225]
[150, 99, 405.5375]
[150, 98, 405.9325]
[150, 97, 406.37]
[150, 96, 406.835]
[150, 95, 407.2]
[150, 94, 407.5925]
[150, 93, 407.9925]
[150, 92, 408.3325]
[150, 91, 408.6275]
[150, 90, 409.0]
[150, 89, 409.4375]
[150, 88, 409.7175]
[150, 87, 409.7325]
[150, 86, 409.76]
[150, 85, 410.07]
[150, 84, 410.6075]
[150, 83, 410.995]
[150, 82, 411.33]
[150, 81, 411.5225]
[150, 80, 411.7275]
[150, 79, 411.7175]
[150, 78, 411.505]
[150, 77, 411.39]
[150, 76, 411.11]
[150, 75, 410.3125]
[150, 74, 409.6375]
[150, 73, 409.115]
[150, 72, 408.8975]
[150, 71, 408.7125]
[150, 70, 408.6725]
[150, 69, 409.0975]
[150, 68, 409.165]
[150, 67, 408.665]
[150, 66, 407.955]
[150, 65, 407.8825]
[150, 64, 408.1975]
[150, 63, 409.085]
[150, 62, 410.705]
[150, 61, 412.3975]
[150, 60, 413.3525]
[150, 59, 414.0375]
[150, 58, 414.6875]
[150, 57, 415.335]
[150, 56, 415.87]
[150, 55, 416.38]
[150, 54, 416.895]
[150, 53, 417.3275]
[150, 52, 417.785]
[150, 51, 417.99]
[150, 50, 417.71]
[150, 49, 417.5775]
[150, 48, 417.9525]
[150, 47, 418.065]
[150, 46, 417.86]
[150, 45, 418.075]
[150, 44, 418.665]
[150, 43, 419.1025]
[150, 42, 419.625]
[150, 41, 420.125]
[150, 40, 420.865]
[150, 39, 421.7525]
[150, 38, 422.7825]
[150, 37, 423.615]
[150, 36, 424.0475]
[150, 35, 424.2625]
[150, 34, 424.085]
[150, 33, 423.7375]
[150, 32, 423.435]
[150, 31, 423.64]
[150, 30, 423.515]
[150, 29, 423.6675]
[150, 28, 424.965]
[150, 27, 426.1575]
[150, 26, 427.025]
[150, 25, 427.6125]
[150, 24, 428.235]
[150, 23, 428.795]
[150, 22, 429.26]
[150, 21, 429.6775]
[150, 20, 430.1075]
[150, 19, 430.515]
[150, 18, 430.9775]
[150, 17, 431.33]
[150, 16, 431.74]
[150, 15, 432.18]
[150, 14, 432.6725]
[150, 13, 432.965]
[150, 12, 433.095]
[150, 11, 433.16]
[150, 10, 433.28]
[150, 9, 433.6325]
[150, 8, 434.0875]
[150, 7, 434.51]
[150, 6, 435.06]
[150, 5, 435.48]
[150, 4, 435.685]
[150, 3, 435.8625]
[150, 2, 436.2]
[150, 1, 436.4075]
[150, 0, 436.7625]
[160, 0, 435.1925]
[160, 1, 434.625]
[160, 2, 434.085]
[160, 3, 433.95]
[160, 4, 433.7975]
[160, 5, 433.525]
[160, 6, 433.165]
[160, 7, 432.7225]
[160, 8, 432.235]
[160, 9, 431.8175]
[160, 10, 431.5325]
[160, 11, 431.0775]
[160, 12, 430.4325]
[160, 13, 429.59]
[160, 14, 429.0225]
[160, 15, 428.2775]
[160, 16, 427.81]
[160, 17, 427.57]
[160, 18, 427.625]
[160, 19, 428.16]
[160, 20, 428.7575]
[160, 21, 429.26]
[160, 22, 429.205]
[160, 23, 428.78]
[160, 24, 428.145]
[160, 25, 427.3575]
[160, 26, 426.7125]
[160, 27, 426.255]
[160, 28, 425.89]
[160, 29, 425.4125]
[160, 30, 424.9175]
[160, 31, 424.46]
[160, 32, 424.235]
[160, 33, 424.185]
[160, 34, 424.1075]
[160, 35, 424.0]
[160, 36, 423.85]
[160, 37, 423.69]
[160, 38, 423.1725]
[160, 39, 422.735]
[160, 40, 422.3475]
[160, 41, 421.945]
[160, 42, 421.56]
[160, 43, 421.1925]
[160, 44, 420.7625]
[160, 45, 420.3625]
[160, 46, 419.96]
[160, 47, 419.5125]
[160, 48, 419.13]
[160, 49, 418.64]
[160, 50, 418.2325]
[160, 51, 417.725]
[160, 52, 417.2825]
[160, 53, 416.8825]
[160, 54, 416.4725]
[160, 55, 416.0775]
[160, 56, 415.75]
[160, 57, 415.475]
[160, 58, 415.0125]
[160, 59, 414.555]
[160, 60, 414.1375]
[160, 61, 413.7175]
[160, 62, 413.3275]
[160, 63, 412.9375]
[160, 64, 412.49]
[160, 65, 412.11]
[160, 66, 411.6975]
[160, 67, 411.32]
[160, 68, 410.9275]
[160, 69, 410.47]
[160, 70, 409.8175]
[160, 71, 408.4625]
[160, 72, 406.5625]
[160, 73, 405.04]
[160, 74, 403.6775]
[160, 75, 402.805]
[160, 76, 402.2975]
[160, 77, 401.635]
[160, 78, 401.555]
[160, 79, 402.145]
[160, 80, 402.6]
[160, 81, 402.9925]
[160, 82, 403.3025]
[160, 83, 403.6525]
[160, 84, 403.745]
[160, 85, 403.99]
[160, 86, 404.555]
[160, 87, 405.0975]
[160, 88, 405.7325]
[160, 89, 406.305]
[160, 90, 406.7475]
[160, 91, 406.6925]
[160, 92, 406.3825]
[160, 93, 406.0475]
[160, 94, 405.7675]
[160, 95, 405.4075]
[160, 96, 404.9525]
[160, 97, 404.4475]
[160, 98, 403.9775]
[160, 99, 403.425]
[160, 100, 403.0525]
[160, 101, 402.65]
[160, 102, 402.3025]
[160, 103, 402.0525]
[160, 104, 401.65]
[160, 105, 401.275]
[160, 106, 401.03]
[160, 107, 400.775]
[160, 108, 400.47]
[160, 109, 400.1575]
[160, 110, 399.8725]
[160, 111, 399.6175]
[160, 112, 399.3675]
[160, 113, 399.1475]
[160, 114, 398.9475]
[160, 115, 398.5575]
[160, 116, 398.07]
[160, 117, 397.6325]
[160, 118, 397.225]
[160, 119, 396.87]
[160, 120, 396.5525]
[160, 121, 396.2925]
[160, 122, 395.9675]
[160, 123, 395.4725]
[160, 124, 395.1525]
[160, 125, 394.825]
[160, 126, 394.5525]
[160, 127, 394.095]
[160, 128, 393.75]
[160, 129, 393.49]
[160, 130, 393.135]
[160, 131, 392.6225]
[160, 132, 391.9]
[160, 133, 391.15]
[160, 134, 390.425]
[160, 135, 389.825]
[160, 136, 389.285]
[160, 137, 388.565]
[160, 138, 387.92]
[160, 139, 387.3075]
[160, 140, 386.85]
[160, 141, 386.275]
[160, 142, 385.64]
[160, 143, 384.97]
[160, 144, 384.1825]
[160, 145, 383.2125]
[160, 146, 382.4025]
[160, 147, 381.725]
[160, 148, 381.485]
[160, 149, 381.9]
[160, 150, 382.2675]
[160, 151, 382.675]
[160, 152, 383.015]
[160, 153, 383.2275]
[160, 154, 383.3825]
[160, 155, 383.4325]
[160, 156, 383.43]
[160, 157, 383.3875]
[160, 158, 383.44]
[160, 159, 383.45]
[160, 160, 383.4425]
[160, 161, 383.3925]
[160, 162, 383.39]
[160, 163, 383.425]
[160, 164, 383.44]
[160, 165, 383.425]
[160, 166, 383.44]
[160, 167, 383.5]
[160, 168, 383.495]
[160, 169, 383.5075]
[160, 170, 383.5775]
[160, 171, 383.6625]
[160, 172, 383.6575]
[160, 173, 383.73]
[160, 174, 383.8225]
[160, 175, 383.85]
[160, 176, 383.845]
[160, 177, 383.92]
[160, 178, 383.995]
[160, 179, 383.9825]
[160, 180, 383.965]
[160, 181, 383.93]
[160, 182, 383.805]
[160, 183, 383.675]
[160, 184, 383.515]
[160, 185, 383.255]
[160, 186, 382.9325]
[160, 187, 382.5325]
[160, 188, 382.16]
[160, 189, 381.895]
[160, 190, 381.785]
[160, 191, 381.92]
[160, 192, 382.1525]
[160, 193, 382.5175]
[160, 194, 382.77]
[160, 195, 382.9875]
[160, 196, 382.955]
[160, 197, 382.86]
[160, 198, 382.75]
[160, 199, 382.5125]
[160, 200, 382.365]
[160, 201, 382.2425]
[160, 202, 382.065]
[160, 203, 381.91]
[160, 204, 381.7325]
[160, 205, 381.5275]
[160, 206, 381.25]
[160, 207, 381.0375]
[160, 208, 380.435]
[160, 209, 379.8375]
[160, 210, 379.62]
[160, 211, 380.125]
[160, 212, 380.675]
[160, 213, 380.815]
[160, 214, 380.5725]
[160, 215, 380.3125]
[160, 216, 379.915]
[160, 217, 379.43]
[160, 218, 378.94]
[160, 219, 378.4075]
[160, 220, 378.0825]
[160, 221, 377.82]
[160, 222, 377.535]
[160, 223, 377.145]
[160, 224, 376.8875]
[160, 225, 376.9525]
[160, 226, 376.795]
[160, 227, 376.6375]
[160, 228, 376.4825]
[160, 229, 376.3975]
[160, 230, 376.3625]
[160, 231, 376.3325]
[160, 232, 376.2525]
[160, 233, 376.18]
[160, 234, 376.155]
[160, 235, 376.185]
[160, 236, 376.1425]
[160, 237, 376.09]
[160, 238, 375.905]
[160, 239, 375.8475]
[160, 240, 375.86]
[160, 241, 375.8625]
[160, 242, 375.7725]
[160, 243, 375.62]
[160, 244, 375.495]
[160, 245, 375.46]
[160, 246, 375.395]
[160, 247, 375.3125]
[160, 248, 375.3075]
[160, 249, 375.26]
[160, 250, 374.9675]
[160, 251, 374.56]
[160, 252, 374.075]
[160, 253, 373.775]
[160, 254, 373.89]
[160, 255, 374.07]
[160, 256, 374.0875]
[160, 257, 374.24]
[160, 258, 374.3225]
[160, 259, 374.2975]
[160, 260, 374.2725]
[160, 261, 374.3425]
[160, 262, 374.2625]
[160, 263, 374.015]
[160, 264, 374.18]
[160, 265, 374.4025]
[160, 266, 374.5075]
[160, 267, 374.45]
[160, 268, 374.39]
[160, 269, 374.3875]
[160, 270, 374.26]
[160, 271, 373.96]
[160, 272, 373.765]
[160, 273, 373.9775]
[160, 274, 373.905]
[160, 275, 373.66]
[160, 276, 373.3825]
[160, 277, 373.235]
[160, 278, 373.1125]
[160, 279, 372.9625]
[160, 280, 372.7625]
[160, 281, 372.5675]
[160, 282, 372.3825]
[160, 283, 372.2025]
[160, 284, 371.965]
[160, 285, 371.7]
[160, 286, 371.37]
[160, 287, 370.99]
[160, 288, 370.71]
[160, 289, 370.455]
[160, 290, 370.205]
[160, 291, 369.8875]
[160, 292, 369.695]
[160, 293, 369.55]
[160, 294, 369.49]
[160, 295, 369.595]
[160, 296, 369.6425]
[160, 297, 369.69]
[160, 298, 369.615]
[160, 299, 369.5025]
[160, 300, 369.44]
[160, 301, 369.365]
[160, 302, 369.1325]
[160, 303, 368.995]
[160, 304, 368.95]
[160, 305, 368.765]
[160, 306, 368.5325]
[160, 307, 368.3175]
[160, 308, 368.18]
[160, 309, 367.995]
[160, 310, 367.69]
[160, 311, 367.42]
[160, 312, 367.22]
[160, 313, 367.045]
[160, 314, 366.8525]
[160, 315, 366.6775]
[160, 316, 366.4025]
[160, 317, 366.1875]
[160, 318, 366.305]
[160, 319, 366.375]
[160, 320, 366.2625]
[160, 321, 366.0525]
[160, 322, 365.9325]
[160, 323, 365.865]
[160, 324, 365.71]
[160, 325, 365.4875]
[160, 326, 365.215]
[160, 327, 364.9775]
[160, 328, 364.9575]
[160, 329, 364.8275]
[160, 330, 364.655]
[160, 331, 364.48]
[160, 332, 364.31]
[160, 333, 364.0775]
[160, 334, 364.0025]
[160, 335, 363.8775]
[160, 336, 363.7534]
[160, 337, 363.5204]
[160, 338, 363.2854]
[160, 339, 362.8895]
[160, 340, 362.6685]
[160, 341, 362.5154]
[160, 342, 362.3187]
[160, 343, 362.2411]
[160, 344, 362.4113]
[160, 345, 362.5117]
[160, 346, 362.3388]
[160, 347, 362.1685]
[160, 348, 361.928]
[160, 349, 362.0181]
[160, 350, 362.1241]
[160, 351, 362.0238]
[160, 352, 361.8973]
[160, 353, 361.7501]
[160, 354, 361.5241]
[160, 355, 361.2517]
[160, 356, 361.1177]
[160, 357, 360.9884]
[160, 358, 360.7601]
[160, 359, 360.4838]
[160, 360, 360.1264]
[160, 361, 359.6775]
[160, 362, 359.3208]
[160, 363, 359.0275]
[160, 364, 358.6621]
[160, 365, 358.2401]
[160, 366, 357.7751]
[160, 367, 357.3062]
[160, 368, 356.9902]
[160, 369, 356.8725]
[160, 370, 356.6167]
[160, 371, 356.3703]
[160, 372, 356.3272]
[160, 373, 356.3515]
[160, 374, 356.0446]
[160, 375, 355.6854]
[160, 376, 355.5884]
[160, 377, 355.5095]
[160, 378, 355.4053]
[160, 379, 355.3083]
[160, 380, 355.2508]
[160, 381, 355.2625]
[160, 382, 355.3169]
[160, 383, 355.2788]
[160, 384, 355.1018]
[160, 385, 355.0024]
[160, 386, 355.0222]
[160, 387, 354.8528]
[160, 388, 354.5267]
[160, 389, 354.2967]
[160, 390, 354.2791]
[160, 391, 354.3558]
[160, 392, 354.4583]
[160, 393, 354.3914]
[160, 394, 354.2496]
[160, 395, 354.1382]
[160, 396, 354.034]
[160, 397, 353.9366]
[160, 398, 353.8333]
[160, 399, 353.7685]
[160, 400, 353.668]
[160, 401, 353.5224]
[160, 402, 353.4763]
[160, 403, 353.4611]
[160, 404, 353.43]
[160, 405, 353.3225]
[160, 406, 353.2197]
[160, 407, 353.1232]
[160, 408, 353.0517]
[160, 409, 353.0392]
[160, 410, 353.0289]
[160, 411, 352.9748]
[160, 412, 352.8814]
[160, 413, 352.8033]
[160, 414, 352.8375]
[160, 415, 352.859]
[160, 416, 352.7691]
[160, 417, 352.6678]
[160, 418, 352.5775]
[160, 419, 352.5623]
[160, 420, 352.5644]
[160, 421, 352.5007]
[160, 422, 352.4525]
[160, 423, 352.4325]
[160, 424, 352.3833]
[160, 425, 352.3545]
[160, 426, 352.2933]
[160, 427, 352.1505]
[160, 428, 352.0025]
[160, 429, 351.8582]
[160, 430, 351.6719]
[160, 431, 351.4478]
[160, 432, 351.2204]
[160, 433, 351.0301]
[160, 434, 350.8059]
[160, 435, 350.5425]
[160, 436, 350.29]
[160, 437, 350.045]
[160, 438, 349.8]
[160, 439, 349.545]
[160, 440, 349.3095]
[160, 441, 349.0483]
[160, 442, 348.7621]
[160, 443, 348.4763]
[160, 444, 348.2248]
[160, 445, 348.0011]
[160, 446, 347.7738]
[160, 447, 347.4774]
[160, 448, 347.1117]
[160, 449, 346.745]
[160, 450, 346.4179]
[160, 451, 346.0475]
[160, 452, 345.6989]
[160, 453, 345.3411]
[160, 454, 345.1298]
[160, 455, 344.9651]
[160, 456, 344.8104]
[160, 457, 344.7825]
[160, 458, 344.9675]
[160, 459, 345.1135]
[160, 460, 345.1518]
[160, 461, 345.0715]
[160, 462, 344.9729]
[160, 463, 344.82]
[160, 464, 344.755]
[160, 465, 344.77]
[160, 466, 344.7508]
[160, 467, 344.6722]
[160, 468, 344.6509]
[160, 469, 344.6061]
[160, 470, 344.5083]
[160, 471, 344.4651]
[160, 472, 344.4115]
[160, 473, 344.28]
[160, 474, 344.0753]
[160, 475, 343.8628]
[160, 476, 343.9011]
[160, 477, 343.8574]
[160, 478, 343.6572]
[160, 479, 343.4318]
[160, 480, 343.2289]
[160, 481, 343.04]
[160, 482, 342.8694]
[160, 483, 342.7136]
[160, 484, 342.4507]
[160, 485, 342.2469]
[160, 486, 342.0494]
[160, 487, 341.9011]
[160, 488, 341.7184]
[160, 489, 341.5023]
[160, 490, 341.3349]
[160, 491, 341.21]
[160, 492, 341.11]
[160, 493, 341.074]
[160, 494, 341.1399]
[160, 495, 341.18]
[160, 496, 341.11]
[160, 497, 341.085]
[160, 498, 341.06]
[160, 499, 341.0123]
[170, 499, 337.91]
[170, 498, 337.935]
[170, 497, 337.97]
[170, 496, 338.0]
[170, 495, 338.0575]
[170, 494, 338.01]
[170, 493, 338.035]
[170, 492, 338.0975]
[170, 491, 338.0775]
[170, 490, 338.135]
[170, 489, 338.16]
[170, 488, 338.175]
[170, 487, 338.185]
[170, 486, 338.3]
[170, 485, 338.465]
[170, 484, 338.6525]
[170, 483, 338.7775]
[170, 482, 338.92]
[170, 481, 339.1225]
[170, 480, 339.3242]
[170, 479, 339.5738]
[170, 478, 339.8225]
[170, 477, 340.004]
[170, 476, 340.1327]
[170, 475, 340.25]
[170, 474, 340.3275]
[170, 473, 340.4568]
[170, 472, 340.6428]
[170, 471, 340.781]
[170, 470, 340.8875]
[170, 469, 340.9575]
[170, 468, 341.0425]
[170, 467, 341.2035]
[170, 466, 341.2575]
[170, 465, 341.3275]
[170, 464, 341.4375]
[170, 463, 341.555]
[170, 462, 341.6]
[170, 461, 341.655]
[170, 460, 341.6096]
[170, 459, 341.5079]
[170, 458, 341.45]
[170, 457, 341.48]
[170, 456, 341.6987]
[170, 455, 341.9951]
[170, 454, 342.2325]
[170, 453, 342.44]
[170, 452, 342.6494]
[170, 451, 342.8699]
[170, 450, 343.075]
[170, 449, 343.2895]
[170, 448, 343.4955]
[170, 447, 343.7125]
[170, 446, 343.9397]
[170, 445, 344.2108]
[170, 444, 344.4908]
[170, 443, 344.7125]
[170, 442, 344.9077]
[170, 441, 345.0695]
[170, 440, 345.2383]
[170, 439, 345.4425]
[170, 438, 345.6332]
[170, 437, 345.8046]
[170, 436, 345.9766]
[170, 435, 346.1488]
[170, 434, 346.3225]
[170, 433, 346.4964]
[170, 432, 346.6704]
[170, 431, 346.8307]
[170, 430, 346.9458]
[170, 429, 347.0625]
[170, 428, 347.243]
[170, 427, 347.4124]
[170, 426, 347.5651]
[170, 425, 347.7145]
[170, 424, 347.85]
[170, 423, 347.9816]
[170, 422, 348.06]
[170, 421, 348.0375]
[170, 420, 348.083]
[170, 419, 348.2124]
[170, 418, 348.2848]
[170, 417, 348.367]
[170, 416, 348.4159]
[170, 415, 348.3875]
[170, 414, 348.4425]
[170, 413, 348.4769]
[170, 412, 348.475]
[170, 411, 348.46]
[170, 410, 348.465]
[170, 409, 348.475]
[170, 408, 348.5024]
[170, 407, 348.525]
[170, 406, 348.555]
[170, 405, 348.56]
[170, 404, 348.5775]
[170, 403, 348.61]
[170, 402, 348.64]
[170, 401, 348.6465]
[170, 400, 348.7048]
[170, 399, 348.7475]
[170, 398, 348.8403]
[170, 397, 348.9371]
[170, 396, 349.021]
[170, 395, 349.132]
[170, 394, 349.232]
[170, 393, 349.3248]
[170, 392, 349.4669]
[170, 391, 349.5314]
[170, 390, 349.6346]
[170, 389, 349.77]
[170, 388, 349.9062]
[170, 387, 350.0284]
[170, 386, 350.2473]
[170, 385, 350.492]
[170, 384, 350.6625]
[170, 383, 350.8886]
[170, 382, 351.0336]
[170, 381, 350.9551]
[170, 380, 350.7874]
[170, 379, 350.52]
[170, 378, 350.7111]
[170, 377, 351.3388]
[170, 376, 351.8328]
[170, 375, 352.2382]
[170, 374, 352.4448]
[170, 373, 352.5868]
[170, 372, 352.7648]
[170, 371, 353.0072]
[170, 370, 353.1623]
[170, 369, 353.3703]
[170, 368, 353.5109]
[170, 367, 353.6636]
[170, 366, 353.9308]
[170, 365, 354.1673]
[170, 364, 354.3903]
[170, 363, 354.5596]
[170, 362, 354.6579]
[170, 361, 354.9145]
[170, 360, 355.4094]
[170, 359, 355.6271]
[170, 358, 355.7648]
[170, 357, 355.8806]
[170, 356, 355.9379]
[170, 355, 356.0907]
[170, 354, 356.2922]
[170, 353, 356.535]
[170, 352, 356.8117]
[170, 351, 356.8577]
[170, 350, 356.9605]
[170, 349, 357.2057]
[170, 348, 357.5237]
[170, 347, 357.5843]
[170, 346, 357.3731]
[170, 345, 356.7356]
[170, 344, 356.6581]
[170, 343, 356.9079]
[170, 342, 357.2105]
[170, 341, 357.4691]
[170, 340, 357.809]
[170, 339, 358.306]
[170, 338, 358.5775]
[170, 337, 358.7703]
[170, 336, 358.975]
[170, 335, 359.08]
[170, 334, 359.26]
[170, 333, 359.5275]
[170, 332, 359.74]
[170, 331, 359.915]
[170, 330, 360.195]
[170, 329, 360.5925]
[170, 328, 360.8175]
[170, 327, 361.05]
[170, 326, 361.27]
[170, 325, 361.3825]
[170, 324, 361.5525]
[170, 323, 361.73]
[170, 322, 361.795]
[170, 321, 361.8525]
[170, 320, 362.16]
[170, 319, 362.23]
[170, 318, 362.3075]
[170, 317, 362.4675]
[170, 316, 362.7625]
[170, 315, 363.0025]
[170, 314, 363.2175]
[170, 313, 363.26]
[170, 312, 363.41]
[170, 311, 363.525]
[170, 310, 363.7925]
[170, 309, 364.005]
[170, 308, 364.1775]
[170, 307, 364.3675]
[170, 306, 364.53]
[170, 305, 364.705]
[170, 304, 364.8975]
[170, 303, 365.18]
[170, 302, 365.4425]
[170, 301, 365.52]
[170, 300, 365.4475]
[170, 299, 365.7775]
[170, 298, 366.0775]
[170, 297, 366.2525]
[170, 296, 366.355]
[170, 295, 366.3425]
[170, 294, 366.1575]
[170, 293, 366.055]
[170, 292, 365.96]
[170, 291, 366.2775]
[170, 290, 366.56]
[170, 289, 366.735]
[170, 288, 366.8625]
[170, 287, 366.9825]
[170, 286, 367.175]
[170, 285, 367.3975]
[170, 284, 367.645]
[170, 283, 367.825]
[170, 282, 367.96]
[170, 281, 368.08]
[170, 280, 368.2225]
[170, 279, 368.415]
[170, 278, 368.5325]
[170, 277, 368.92]
[170, 276, 369.195]
[170, 275, 369.39]
[170, 274, 369.2625]
[170, 273, 369.37]
[170, 272, 369.9]
[170, 271, 370.1]
[170, 270, 370.2175]
[170, 269, 370.365]
[170, 268, 370.49]
[170, 267, 370.6]
[170, 266, 370.685]
[170, 265, 370.5675]
[170, 264, 370.4825]
[170, 263, 370.5825]
[170, 262, 370.63]
[170, 261, 370.69]
[170, 260, 370.7475]
[170, 259, 370.8075]
[170, 258, 370.72]
[170, 257, 370.3075]
[170, 256, 369.87]
[170, 255, 370.345]
[170, 254, 370.87]
[170, 253, 371.08]
[170, 252, 371.155]
[170, 251, 371.1625]
[170, 250, 371.1825]
[170, 249, 371.19]
[170, 248, 371.1925]
[170, 247, 371.21]
[170, 246, 371.1475]
[170, 245, 370.9775]
[170, 244, 370.8925]
[170, 243, 370.725]
[170, 242, 370.46]
[170, 241, 370.28]
[170, 240, 370.3625]
[170, 239, 370.745]
[170, 238, 370.865]
[170, 237, 370.94]
[170, 236, 371.0025]
[170, 235, 371.01]
[170, 234, 370.995]
[170, 233, 371.0325]
[170, 232, 371.0775]
[170, 231, 371.1275]
[170, 230, 371.29]
[170, 229, 371.325]
[170, 228, 371.2625]
[170, 227, 371.605]
[170, 226, 372.0425]
[170, 225, 372.385]
[170, 224, 372.52]
[170, 223, 372.8175]
[170, 222, 373.0725]
[170, 221, 373.335]
[170, 220, 373.8825]
[170, 219, 374.62]
[170, 218, 375.26]
[170, 217, 375.805]
[170, 216, 376.29]
[170, 215, 376.4425]
[170, 214, 376.0175]
[170, 213, 375.58]
[170, 212, 375.485]
[170, 211, 376.2325]
[170, 210, 376.945]
[170, 209, 377.075]
[170, 208, 377.1675]
[170, 207, 377.3875]
[170, 206, 377.525]
[170, 205, 377.6725]
[170, 204, 377.7825]
[170, 203, 377.9025]
[170, 202, 378.045]
[170, 201, 378.16]
[170, 200, 378.2575]
[170, 199, 378.39]
[170, 198, 378.4525]
[170, 197, 378.3725]
[170, 196, 378.28]
[170, 195, 378.115]
[170, 194, 377.805]
[170, 193, 377.3975]
[170, 192, 377.0675]
[170, 191, 376.86]
[170, 190, 376.78]
[170, 189, 377.015]
[170, 188, 377.2875]
[170, 187, 377.5325]
[170, 186, 377.67]
[170, 185, 377.72]
[170, 184, 377.8025]
[170, 183, 377.825]
[170, 182, 377.8075]
[170, 181, 377.7325]
[170, 180, 377.6625]
[170, 179, 377.7]
[170, 178, 377.72]
[170, 177, 377.595]
[170, 176, 377.47]
[170, 175, 377.3875]
[170, 174, 377.415]
[170, 173, 377.395]
[170, 172, 377.42]
[170, 171, 377.4475]
[170, 170, 377.4125]
[170, 169, 377.3325]
[170, 168, 377.225]
[170, 167, 377.13]
[170, 166, 376.9325]
[170, 165, 376.675]
[170, 164, 376.61]
[170, 163, 376.505]
[170, 162, 376.22]
[170, 161, 375.6075]
[170, 160, 375.2525]
[170, 159, 375.15]
[170, 158, 375.635]
[170, 157, 375.9625]
[170, 156, 376.0925]
[170, 155, 375.9725]
[170, 154, 376.105]
[170, 153, 376.79]
[170, 152, 377.55]
[170, 151, 378.4425]
[170, 150, 379.3375]
[170, 149, 380.265]
[170, 148, 381.4425]
[170, 147, 382.905]
[170, 146, 384.5075]
[170, 145, 385.74]
[170, 144, 386.3075]
[170, 143, 386.905]
[170, 142, 387.475]
[170, 141, 387.685]
[170, 140, 387.825]
[170, 139, 388.02]
[170, 138, 387.89]
[170, 137, 387.76]
[170, 136, 387.805]
[170, 135, 387.965]
[170, 134, 388.2975]
[170, 133, 388.6925]
[170, 132, 389.1525]
[170, 131, 389.9425]
[170, 130, 390.8825]
[170, 129, 391.7075]
[170, 128, 392.5625]
[170, 127, 393.1725]
[170, 126, 393.66]
[170, 125, 394.0925]
[170, 124, 394.3775]
[170, 123, 394.7725]
[170, 122, 395.14]
[170, 121, 395.47]
[170, 120, 395.665]
[170, 119, 395.9975]
[170, 118, 396.235]
[170, 117, 396.4825]
[170, 116, 396.75]
[170, 115, 397.1625]
[170, 114, 397.4625]
[170, 113, 397.6675]
[170, 112, 397.83]
[170, 111, 398.1]
[170, 110, 398.3525]
[170, 109, 398.55]
[170, 108, 398.8325]
[170, 107, 398.955]
[170, 106, 399.1825]
[170, 105, 399.315]
[170, 104, 399.53]
[170, 103, 399.8725]
[170, 102, 399.985]
[170, 101, 400.0025]
[170, 100, 399.9725]
[170, 99, 400.2025]
[170, 98, 400.5225]
[170, 97, 400.6625]
[170, 96, 400.8975]
[170, 95, 401.1225]
[170, 94, 401.33]
[170, 93, 401.095]
[170, 92, 400.0075]
[170, 91, 398.915]
[170, 90, 397.905]
[170, 89, 397.0525]
[170, 88, 396.425]
[170, 87, 395.9925]
[170, 86, 395.985]
[170, 85, 396.7275]
[170, 84, 397.6175]
[170, 83, 398.045]
[170, 82, 399.0125]
[170, 81, 400.205]
[170, 80, 401.32]
[170, 79, 402.375]
[170, 78, 403.3525]
[170, 77, 404.4175]
[170, 76, 405.145]
[170, 75, 405.7925]
[170, 74, 406.44]
[170, 73, 407.2075]
[170, 72, 407.885]
[170, 71, 408.4225]
[170, 70, 408.8475]
[170, 69, 409.335]
[170, 68, 409.85]
[170, 67, 410.3125]
[170, 66, 410.7525]
[170, 65, 411.1025]
[170, 64, 411.5125]
[170, 63, 411.825]
[170, 62, 412.0975]
[170, 61, 412.3825]
[170, 60, 412.705]
[170, 59, 413.06]
[170, 58, 413.4375]
[170, 57, 413.79]
[170, 56, 414.2175]
[170, 55, 414.545]
[170, 54, 414.9425]
[170, 53, 415.5025]
[170, 52, 415.8275]
[170, 51, 416.2425]
[170, 50, 416.615]
[170, 49, 417.0575]
[170, 48, 417.4175]
[170, 47, 417.79]
[170, 46, 418.28]
[170, 45, 418.7675]
[170, 44, 419.1625]
[170, 43, 419.615]
[170, 42, 420.125]
[170, 41, 420.6275]
[170, 40, 421.035]
[170, 39, 421.445]
[170, 38, 421.815]
[170, 37, 422.2975]
[170, 36, 422.7225]
[170, 35, 423.1225]
[170, 34, 423.5975]
[170, 33, 423.97]
[170, 32, 423.8675]
[170, 31, 423.2475]
[170, 30, 422.8]
[170, 29, 422.9975]
[170, 28, 423.2975]
[170, 27, 423.9275]
[170, 26, 425.035]
[170, 25, 426.28]
[170, 24, 427.29]
[170, 23, 427.9625]
[170, 22, 428.47]
[170, 21, 429.0775]
[170, 20, 429.4875]
[170, 19, 429.8825]
[170, 18, 430.22]
[170, 17, 430.4725]
[170, 16, 430.7175]
[170, 15, 431.055]
[170, 14, 431.44]
[170, 13, 431.7775]
[170, 12, 432.14]
[170, 11, 432.59]
[170, 10, 432.94]
[170, 9, 433.39]
[170, 8, 433.805]
[170, 7, 434.2825]
[170, 6, 434.6225]
[170, 5, 434.9825]
[170, 4, 435.3475]
[170, 3, 435.715]
[170, 2, 436.15]
[170, 1, 436.635]
[170, 0, 437.1075]
[180, 0, 435.685]
[180, 1, 434.5525]
[180, 2, 434.0875]
[180, 3, 433.7075]
[180, 4, 433.765]
[180, 5, 434.135]
[180, 6, 434.46]
[180, 7, 434.245]
[180, 8, 433.7675]
[180, 9, 433.195]
[180, 10, 432.6475]
[180, 11, 432.1525]
[180, 12, 431.76]
[180, 13, 431.395]
[180, 14, 430.955]
[180, 15, 430.4975]
[180, 16, 430.0625]
[180, 17, 429.6375]
[180, 18, 429.1725]
[180, 19, 428.7675]
[180, 20, 428.33]
[180, 21, 427.875]
[180, 22, 427.4025]
[180, 23, 426.92]
[180, 24, 426.475]
[180, 25, 426.035]
[180, 26, 425.6725]
[180, 27, 425.36]
[180, 28, 425.015]
[180, 29, 424.4725]
[180, 30, 423.9675]
[180, 31, 423.53]
[180, 32, 423.1625]
[180, 33, 422.785]
[180, 34, 422.3875]
[180, 35, 422.0025]
[180, 36, 421.6475]
[180, 37, 421.3175]
[180, 38, 421.0025]
[180, 39, 420.6275]
[180, 40, 420.17]
[180, 41, 419.915]
[180, 42, 419.5575]
[180, 43, 419.0725]
[180, 44, 418.61]
[180, 45, 418.205]
[180, 46, 417.63]
[180, 47, 417.215]
[180, 48, 416.7125]
[180, 49, 416.165]
[180, 50, 415.3575]
[180, 51, 414.745]
[180, 52, 414.1475]
[180, 53, 413.61]
[180, 54, 413.1125]
[180, 55, 412.72]
[180, 56, 412.3225]
[180, 57, 412.1825]
[180, 58, 412.16]
[180, 59, 411.6425]
[180, 60, 410.9775]
[180, 61, 410.4725]
[180, 62, 409.995]
[180, 63, 409.3875]
[180, 64, 408.96]
[180, 65, 408.9875]
[180, 66, 409.165]
[180, 67, 409.1475]
[180, 68, 408.91]
[180, 69, 408.265]
[180, 70, 407.9075]
[180, 71, 407.6175]
[180, 72, 407.4625]
[180, 73, 407.2475]
[180, 74, 407.04]
[180, 75, 406.7675]
[180, 76, 406.1975]
[180, 77, 405.44]
[180, 78, 404.45]
[180, 79, 403.4625]
[180, 80, 402.585]
[180, 81, 401.675]
[180, 82, 400.8925]
[180, 83, 400.22]
[180, 84, 399.31]
[180, 85, 398.3925]
[180, 86, 397.62]
[180, 87, 396.775]
[180, 88, 395.8275]
[180, 89, 395.1]
[180, 90, 394.765]
[180, 91, 394.4925]
[180, 92, 394.1575]
[180, 93, 393.9275]
[180, 94, 393.825]
[180, 95, 393.695]
[180, 96, 393.7025]
[180, 97, 393.4925]
[180, 98, 393.105]
[180, 99, 392.56]
[180, 100, 391.53]
[180, 101, 390.555]
[180, 102, 389.7725]
[180, 103, 389.23]
[180, 104, 388.595]
[180, 105, 387.96]
[180, 106, 387.4075]
[180, 107, 387.0775]
[180, 108, 386.7925]
[180, 109, 386.64]
[180, 110, 386.4025]
[180, 111, 386.245]
[180, 112, 385.9675]
[180, 113, 385.8875]
[180, 114, 385.685]
[180, 115, 385.3075]
[180, 116, 384.9325]
[180, 117, 384.7725]
[180, 118, 384.7725]
[180, 119, 384.7125]
[180, 120, 384.61]
[180, 121, 384.5225]
[180, 122, 384.11]
[180, 123, 383.835]
[180, 124, 383.325]
[180, 125, 382.805]
[180, 126, 382.5875]
[180, 127, 382.365]
[180, 128, 382.1]
[180, 129, 381.7225]
[180, 130, 381.4525]
[180, 131, 381.3]
[180, 132, 381.2725]
[180, 133, 381.1675]
[180, 134, 381.0425]
[180, 135, 380.7975]
[180, 136, 380.505]
[180, 137, 380.2975]
[180, 138, 380.04]
[180, 139, 379.5475]
[180, 140, 378.9475]
[180, 141, 378.3525]
[180, 142, 377.92]
[180, 143, 377.565]
[180, 144, 376.9125]
[180, 145, 376.385]
[180, 146, 376.0225]
[180, 147, 375.77]
[180, 148, 375.44]
[180, 149, 374.9475]
[180, 150, 374.585]
[180, 151, 374.385]
[180, 152, 373.9125]
[180, 153, 373.4975]
[180, 154, 373.2225]
[180, 155, 373.02]
[180, 156, 372.875]
[180, 157, 372.5925]
[180, 158, 372.235]
[180, 159, 371.665]
[180, 160, 371.4275]
[180, 161, 371.585]
[180, 162, 371.73]
[180, 163, 371.6425]
[180, 164, 370.715]
[180, 165, 370.14]
[180, 166, 369.585]
[180, 167, 369.34]
[180, 168, 369.2125]
[180, 169, 369.1025]
[180, 170, 369.0]
[180, 171, 368.84]
[180, 172, 368.92]
[180, 173, 369.09]
[180, 174, 370.065]
[180, 175, 370.805]
[180, 176, 370.9225]
[180, 177, 370.8575]
[180, 178, 370.62]
[180, 179, 370.1575]
[180, 180, 369.575]
[180, 181, 368.975]
[180, 182, 368.4275]
[180, 183, 368.085]
[180, 184, 367.935]
[180, 185, 367.6525]
[180, 186, 367.3125]
[180, 187, 366.8775]
[180, 188, 366.7125]
[180, 189, 366.665]
[180, 190, 366.4925]
[180, 191, 366.3525]
[180, 192, 366.2725]
[180, 193, 366.325]
[180, 194, 366.565]
[180, 195, 366.6675]
[180, 196, 366.7375]
[180, 197, 367.1175]
[180, 198, 367.535]
[180, 199, 367.91]
[180, 200, 368.8425]
[180, 201, 370.39]
[180, 202, 371.645]
[180, 203, 372.725]
[180, 204, 373.485]
[180, 205, 373.8175]
[180, 206, 373.8775]
[180, 207, 373.8725]
[180, 208, 373.8275]
[180, 209, 373.655]
[180, 210, 372.9825]
[180, 211, 371.73]
[180, 212, 370.2725]
[180, 213, 369.7075]
[180, 214, 369.84]
[180, 215, 369.9775]
[180, 216, 370.115]
[180, 217, 370.21]
[180, 218, 370.15]
[180, 219, 370.0925]
[180, 220, 370.1]
[180, 221, 370.035]
[180, 222, 369.5975]
[180, 223, 369.08]
[180, 224, 368.64]
[180, 225, 368.1775]
[180, 226, 367.8625]
[180, 227, 367.7]
[180, 228, 367.61]
[180, 229, 367.3925]
[180, 230, 367.1675]
[180, 231, 367.1475]
[180, 232, 367.11]
[180, 233, 367.0025]
[180, 234, 366.815]
[180, 235, 366.635]
[180, 236, 366.5325]
[180, 237, 366.4475]
[180, 238, 366.415]
[180, 239, 366.4075]
[180, 240, 366.5325]
[180, 241, 366.66]
[180, 242, 366.7375]
[180, 243, 366.7725]
[180, 244, 366.84]
[180, 245, 366.865]
[180, 246, 366.9925]
[180, 247, 367.1225]
[180, 248, 367.2025]
[180, 249, 367.1575]
[180, 250, 367.2]
[180, 251, 367.2]
[180, 252, 367.14]
[180, 253, 367.0525]
[180, 254, 366.675]
[180, 255, 366.07]
[180, 256, 366.31]
[180, 257, 366.6325]
[180, 258, 366.875]
[180, 259, 367.1275]
[180, 260, 367.295]
[180, 261, 367.29]
[180, 262, 367.2575]
[180, 263, 367.2525]
[180, 264, 367.2675]
[180, 265, 367.2675]
[180, 266, 367.105]
[180, 267, 366.965]
[180, 268, 366.8]
[180, 269, 366.6075]
[180, 270, 366.3775]
[180, 271, 366.195]
[180, 272, 366.0925]
[180, 273, 365.965]
[180, 274, 365.6975]
[180, 275, 365.3575]
[180, 276, 365.1125]
[180, 277, 365.0525]
[180, 278, 364.86]
[180, 279, 364.705]
[180, 280, 364.63]
[180, 281, 364.5925]
[180, 282, 364.6075]
[180, 283, 364.5625]
[180, 284, 364.44]
[180, 285, 364.355]
[180, 286, 364.31]
[180, 287, 364.1625]
[180, 288, 363.9725]
[180, 289, 363.91]
[180, 290, 363.795]
[180, 291, 363.6825]
[180, 292, 363.5525]
[180, 293, 363.3675]
[180, 294, 363.02]
[180, 295, 362.69]
[180, 296, 362.51]
[180, 297, 362.5325]
[180, 298, 362.4675]
[180, 299, 362.405]
[180, 300, 362.2125]
[180, 301, 362.0625]
[180, 302, 361.8675]
[180, 303, 361.685]
[180, 304, 361.4625]
[180, 305, 361.29]
[180, 306, 361.1225]
[180, 307, 360.965]
[180, 308, 360.755]
[180, 309, 360.51]
[180, 310, 360.3325]
[180, 311, 360.24]
[180, 312, 359.9475]
[180, 313, 359.745]
[180, 314, 359.57]
[180, 315, 359.3975]
[180, 316, 359.2525]
[180, 317, 359.0225]
[180, 318, 358.6625]
[180, 319, 358.37]
[180, 320, 358.16]
[180, 321, 357.9125]
[180, 322, 357.6225]
[180, 323, 357.1925]
[180, 324, 356.5625]
[180, 325, 356.3925]
[180, 326, 356.44]
[180, 327, 356.255]
[180, 328, 355.95]
[180, 329, 355.75]
[180, 330, 355.525]
[180, 331, 355.2025]
[180, 332, 354.87]
[180, 333, 354.615]
[180, 334, 354.285]
[180, 335, 353.9725]
[180, 336, 353.845]
[180, 337, 353.685]
[180, 338, 353.455]
[180, 339, 353.1381]
[180, 340, 353.1318]
[180, 341, 353.1693]
[180, 342, 353.2751]
[180, 343, 353.405]
[180, 344, 353.3965]
[180, 345, 353.366]
[180, 346, 353.3398]
[180, 347, 353.2957]
[180, 348, 353.1617]
[180, 349, 353.0687]
[180, 350, 352.9168]
[180, 351, 352.6549]
[180, 352, 352.4991]
[180, 353, 352.3509]
[180, 354, 351.9741]
[180, 355, 351.775]
[180, 356, 351.617]
[180, 357, 351.3724]
[180, 358, 351.0594]
[180, 359, 350.7597]
[180, 360, 350.5012]
[180, 361, 350.2711]
[180, 362, 350.0275]
[180, 363, 349.9125]
[180, 364, 349.7918]
[180, 365, 349.5338]
[180, 366, 349.3478]
[180, 367, 349.1946]
[180, 368, 349.0175]
[180, 369, 348.8675]
[180, 370, 348.6972]
[180, 371, 348.5341]
[180, 372, 348.4247]
[180, 373, 348.3313]
[180, 374, 348.2581]
[180, 375, 348.1484]
[180, 376, 348.0278]
[180, 377, 347.9017]
[180, 378, 347.7136]
[180, 379, 347.5024]
[180, 380, 347.2621]
[180, 381, 346.8981]
[180, 382, 346.2809]
[180, 383, 345.8599]
[180, 384, 345.9686]
[180, 385, 346.0029]
[180, 386, 345.7038]
[180, 387, 345.3389]
[180, 388, 345.2925]
[180, 389, 345.4814]
[180, 390, 345.4711]
[180, 391, 345.3653]
[180, 392, 345.2525]
[180, 393, 345.2175]
[180, 394, 345.175]
[180, 395, 345.08]
[180, 396, 345.025]
[180, 397, 344.955]
[180, 398, 344.86]
[180, 399, 344.76]
[180, 400, 344.7175]
[180, 401, 344.6125]
[180, 402, 344.56]
[180, 403, 344.545]
[180, 404, 344.5254]
[180, 405, 344.495]
[180, 406, 344.485]
[180, 407, 344.5]
[180, 408, 344.52]
[180, 409, 344.55]
[180, 410, 344.575]
[180, 411, 344.6144]
[180, 412, 344.625]
[180, 413, 344.6625]
[180, 414, 344.64]
[180, 415, 344.6175]
[180, 416, 344.5509]
[180, 417, 344.465]
[180, 418, 344.385]
[180, 419, 344.2997]
[180, 420, 344.2143]
[180, 421, 344.1223]
[180, 422, 344.0341]
[180, 423, 343.9375]
[180, 424, 343.8475]
[180, 425, 343.7379]
[180, 426, 343.596]
[180, 427, 343.4565]
[180, 428, 343.3304]
[180, 429, 343.187]
[180, 430, 343.0496]
[180, 431, 342.9345]
[180, 432, 342.8187]
[180, 433, 342.68]
[180, 434, 342.545]
[180, 435, 342.43]
[180, 436, 342.31]
[180, 437, 342.175]
[180, 438, 342.0101]
[180, 439, 341.8482]
[180, 440, 341.7058]
[180, 441, 341.545]
[180, 442, 341.3826]
[180, 443, 341.1634]
[180, 444, 340.857]
[180, 445, 340.5558]
[180, 446, 340.26]
[180, 447, 340.0668]
[180, 448, 339.9006]
[180, 449, 339.7311]
[180, 450, 339.5763]
[180, 451, 339.4225]
[180, 452, 339.2514]
[180, 453, 339.0819]
[180, 454, 338.9159]
[180, 455, 338.785]
[180, 456, 338.645]
[180, 457, 338.475]
[180, 458, 338.3237]
[180, 459, 338.1248]
[180, 460, 337.9067]
[180, 461, 337.75]
[180, 462, 337.8075]
[180, 463, 337.9071]
[180, 464, 337.83]
[180, 465, 337.8578]
[180, 466, 337.86]
[180, 467, 337.7825]
[180, 468, 337.6625]
[180, 469, 337.55]
[180, 470, 337.5086]
[180, 471, 337.415]
[180, 472, 337.3113]
[180, 473, 337.2]
[180, 474, 337.092]
[180, 475, 336.9625]
[180, 476, 336.98]
[180, 477, 336.94]
[180, 478, 336.9275]
[180, 479, 336.8375]
[180, 480, 336.7675]
[180, 481, 336.6925]
[180, 482, 336.635]
[180, 483, 336.505]
[180, 484, 336.445]
[180, 485, 336.2725]
[180, 486, 336.1775]
[180, 487, 336.15]
[180, 488, 336.2375]
[180, 489, 336.2175]
[180, 490, 336.1675]
[180, 491, 336.1]
[180, 492, 335.9575]
[180, 493, 335.8]
[180, 494, 335.75]
[180, 495, 335.7675]
[180, 496, 335.815]
[180, 497, 335.8225]
[180, 498, 335.7525]
[180, 499, 335.64]
[190, 499, 333.1525]
[190, 498, 333.1125]
[190, 497, 333.11]
[190, 496, 333.1025]
[190, 495, 333.2625]
[190, 494, 333.475]
[190, 493, 333.6225]
[190, 492, 333.67]
[190, 491, 333.67]
[190, 490, 333.745]
[190, 489, 333.93]
[190, 488, 333.9575]
[190, 487, 334.0025]
[190, 486, 334.0725]
[190, 485, 334.1125]
[190, 484, 334.2]
[190, 483, 334.15]
[190, 482, 334.1325]
[190, 481, 334.155]
[190, 480, 334.215]
[190, 479, 334.235]
[190, 478, 334.1925]
[190, 477, 334.1075]
[190, 476, 334.0925]
[190, 475, 334.09]
[190, 474, 334.0825]
[190, 473, 334.0675]
[190, 472, 334.05]
[190, 471, 334.165]
[190, 470, 334.2234]
[190, 469, 334.1975]
[190, 468, 334.0394]
[190, 467, 333.7825]
[190, 466, 333.8468]
[190, 465, 334.0475]
[190, 464, 334.1775]
[190, 463, 334.4706]
[190, 462, 334.685]
[190, 461, 334.7625]
[190, 460, 334.895]
[190, 459, 335.0273]
[190, 458, 335.129]
[190, 457, 335.2325]
[190, 456, 335.31]
[190, 455, 335.4025]
[190, 454, 335.4825]
[190, 453, 335.555]
[190, 452, 335.6672]
[190, 451, 335.8192]
[190, 450, 335.8825]
[190, 449, 335.96]
[190, 448, 336.03]
[190, 447, 336.0775]
[190, 446, 336.1793]
[190, 445, 336.2684]
[190, 444, 336.3525]
[190, 443, 336.5077]
[190, 442, 336.67]
[190, 441, 336.83]
[190, 440, 336.9976]
[190, 439, 337.105]
[190, 438, 337.2663]
[190, 437, 337.4343]
[190, 436, 337.565]
[190, 435, 337.7175]
[190, 434, 337.8884]
[190, 433, 338.0619]
[190, 432, 338.2487]
[190, 431, 338.4351]
[190, 430, 338.6195]
[190, 429, 338.8014]
[190, 428, 338.9606]
[190, 427, 339.1]
[190, 426, 339.24]
[190, 425, 339.34]
[190, 424, 339.4105]
[190, 423, 339.5357]
[190, 422, 339.6608]
[190, 421, 339.786]
[190, 420, 339.8968]
[190, 419, 339.99]
[190, 418, 340.1191]
[190, 417, 340.2394]
[190, 416, 340.3425]
[190, 415, 340.445]
[190, 414, 340.56]
[190, 413, 340.69]
[190, 412, 340.8428]
[190, 411, 341.0043]
[190, 410, 341.2215]
[190, 409, 341.3561]
[190, 408, 341.4818]
[190, 407, 341.5225]
[190, 406, 341.54]
[190, 405, 341.595]
[190, 404, 341.63]
[190, 403, 341.7025]
[190, 402, 341.7675]
[190, 401, 341.8425]
[190, 400, 341.895]
[190, 399, 341.9575]
[190, 398, 342.0525]
[190, 397, 342.1275]
[190, 396, 342.175]
[190, 395, 342.2025]
[190, 394, 342.255]
[190, 393, 342.1925]
[190, 392, 342.2225]
[190, 391, 342.4293]
[190, 390, 342.5758]
[190, 389, 342.5034]
[190, 388, 342.3807]
[190, 387, 342.5625]
[190, 386, 343.0273]
[190, 385, 343.41]
[190, 384, 343.5125]
[190, 383, 343.6075]
[190, 382, 343.7]
[190, 381, 343.745]
[190, 380, 343.88]
[190, 379, 343.9325]
[190, 378, 343.9325]
[190, 377, 344.0525]
[190, 376, 344.1908]
[190, 375, 344.4]
[190, 374, 344.6085]
[190, 373, 344.7675]
[190, 372, 344.8675]
[190, 371, 344.985]
[190, 370, 345.126]
[190, 369, 345.2608]
[190, 368, 345.28]
[190, 367, 345.3983]
[190, 366, 345.6221]
[190, 365, 345.8808]
[190, 364, 346.1607]
[190, 363, 346.4494]
[190, 362, 346.725]
[190, 361, 347.0025]
[190, 360, 347.3098]
[190, 359, 347.6275]
[190, 358, 347.9485]
[190, 357, 348.2377]
[190, 356, 348.5407]
[190, 355, 348.8193]
[190, 354, 348.9375]
[190, 353, 349.16]
[190, 352, 349.3177]
[190, 351, 349.4536]
[190, 350, 349.642]
[190, 349, 349.883]
[190, 348, 350.0658]
[190, 347, 350.2005]
[190, 346, 350.3738]
[190, 345, 350.4272]
[190, 344, 350.2907]
[190, 343, 350.0468]
[190, 342, 349.8275]
[190, 341, 349.5921]
[190, 340, 349.979]
[190, 339, 350.4092]
[190, 338, 350.7225]
[190, 337, 351.2275]
[190, 336, 351.66]
[190, 335, 351.9625]
[190, 334, 352.1025]
[190, 333, 352.2675]
[190, 332, 352.315]
[190, 331, 352.355]
[190, 330, 352.5775]
[190, 329, 352.875]
[190, 328, 353.1475]
[190, 327, 353.405]
[190, 326, 353.8075]
[190, 325, 354.0375]
[190, 324, 354.11]
[190, 323, 354.185]
[190, 322, 354.24]
[190, 321, 354.5725]
[190, 320, 354.9875]
[190, 319, 355.21]
[190, 318, 355.4875]
[190, 317, 355.795]
[190, 316, 356.0325]
[190, 315, 356.25]
[190, 314, 356.465]
[190, 313, 356.565]
[190, 312, 356.8025]
[190, 311, 357.12]
[190, 310, 357.3375]
[190, 309, 357.5125]
[190, 308, 357.835]
[190, 307, 358.075]
[190, 306, 358.255]
[190, 305, 358.33]
[190, 304, 358.38]
[190, 303, 358.545]
[190, 302, 358.8175]
[190, 301, 359.02]
[190, 300, 359.2]
[190, 299, 359.4775]
[190, 298, 359.67]
[190, 297, 359.8525]
[190, 296, 359.9675]
[190, 295, 360.155]
[190, 294, 360.2925]
[190, 293, 360.3575]
[190, 292, 360.505]
[190, 291, 360.7025]
[190, 290, 360.8775]
[190, 289, 360.96]
[190, 288, 361.095]
[190, 287, 361.2675]
[190, 286, 361.375]
[190, 285, 361.45]
[190, 284, 361.51]
[190, 283, 361.595]
[190, 282, 361.7075]
[190, 281, 361.7175]
[190, 280, 361.735]
[190, 279, 361.8025]
[190, 278, 361.84]
[190, 277, 361.835]
[190, 276, 361.9375]
[190, 275, 362.165]
[190, 274, 362.27]
[190, 273, 362.4125]
[190, 272, 362.5125]
[190, 271, 362.73]
[190, 270, 362.935]
[190, 269, 363.165]
[190, 268, 363.415]
[190, 267, 363.45]
[190, 266, 363.595]
[190, 265, 363.7875]
[190, 264, 363.7825]
[190, 263, 363.8025]
[190, 262, 363.9975]
[190, 261, 363.9975]
[190, 260, 364.0825]
[190, 259, 364.0475]
[190, 258, 363.865]
[190, 257, 363.38]
[190, 256, 362.7]
[190, 255, 362.1975]
[190, 254, 362.8]
[190, 253, 363.4725]
[190, 252, 363.7275]
[190, 251, 363.7775]
[190, 250, 363.8]
[190, 249, 363.735]
[190, 248, 363.7975]
[190, 247, 363.8525]
[190, 246, 363.96]
[190, 245, 363.8675]
[190, 244, 363.9]
[190, 243, 363.9225]
[190, 242, 363.7875]
[190, 241, 363.665]
[190, 240, 363.5225]
[190, 239, 363.3925]
[190, 238, 363.3525]
[190, 237, 363.37]
[190, 236, 363.5325]
[190, 235, 363.5125]
[190, 234, 363.5825]
[190, 233, 363.4775]
[190, 232, 363.34]
[190, 231, 363.245]
[190, 230, 362.845]
[190, 229, 362.21]
[190, 228, 361.4225]
[190, 227, 360.7375]
[190, 226, 361.1525]
[190, 225, 361.8775]
[190, 224, 362.4825]
[190, 223, 363.35]
[190, 222, 364.3025]
[190, 221, 364.835]
[190, 220, 365.145]
[190, 219, 365.4475]
[190, 218, 365.71]
[190, 217, 365.745]
[190, 216, 365.52]
[190, 215, 365.1975]
[190, 214, 364.93]
[190, 213, 364.54]
[190, 212, 364.2]
[190, 211, 364.0]
[190, 210, 364.205]
[190, 209, 364.2125]
[190, 208, 364.1175]
[190, 207, 363.9425]
[190, 206, 363.725]
[190, 205, 363.365]
[190, 204, 363.005]
[190, 203, 362.4725]
[190, 202, 362.09]
[190, 201, 362.5975]
[190, 200, 363.06]
[190, 199, 363.8125]
[190, 198, 364.3025]
[190, 197, 364.575]
[190, 196, 364.7975]
[190, 195, 365.1875]
[190, 194, 365.8775]
[190, 193, 366.6525]
[190, 192, 367.585]
[190, 191, 368.3425]
[190, 190, 368.9925]
[190, 189, 369.5625]
[190, 188, 370.0375]
[190, 187, 370.4625]
[190, 186, 370.7625]
[190, 185, 370.985]
[190, 184, 371.115]
[190, 183, 370.86]
[190, 182, 370.7375]
[190, 181, 370.9725]
[190, 180, 371.3325]
[190, 179, 371.6]
[190, 178, 371.915]
[190, 177, 372.1825]
[190, 176, 372.6175]
[190, 175, 373.1575]
[190, 174, 373.9675]
[190, 173, 374.8475]
[190, 172, 375.605]
[190, 171, 376.3825]
[190, 170, 377.0275]
[190, 169, 377.68]
[190, 168, 378.255]
[190, 167, 378.53]
[190, 166, 378.7825]
[190, 165, 379.1575]
[190, 164, 379.5375]
[190, 163, 379.9525]
[190, 162, 380.225]
[190, 161, 380.575]
[190, 160, 380.9]
[190, 159, 381.1575]
[190, 158, 381.53]
[190, 157, 381.8775]
[190, 156, 382.19]
[190, 155, 382.45]
[190, 154, 382.6325]
[190, 153, 382.8225]
[190, 152, 383.0125]
[190, 151, 383.165]
[190, 150, 383.12]
[190, 149, 382.9375]
[190, 148, 382.89]
[190, 147, 383.205]
[190, 146, 383.79]
[190, 145, 384.2025]
[190, 144, 384.1275]
[190, 143, 384.1975]
[190, 142, 384.32]
[190, 141, 384.44]
[190, 140, 384.7725]
[190, 139, 385.1775]
[190, 138, 385.5075]
[190, 137, 386.0925]
[190, 136, 386.6425]
[190, 135, 386.87]
[190, 134, 386.855]
[190, 133, 387.195]
[190, 132, 387.6925]
[190, 131, 388.13]
[190, 130, 388.3675]
[190, 129, 388.595]
[190, 128, 388.695]
[190, 127, 388.9275]
[190, 126, 389.16]
[190, 125, 389.2475]
[190, 124, 389.3975]
[190, 123, 389.515]
[190, 122, 389.505]
[190, 121, 389.5725]
[190, 120, 389.6975]
[190, 119, 389.855]
[190, 118, 390.14]
[190, 117, 390.59]
[190, 116, 391.0075]
[190, 115, 391.27]
[190, 114, 391.555]
[190, 113, 391.7625]
[190, 112, 391.995]
[190, 111, 391.8425]
[190, 110, 391.7975]
[190, 109, 392.3]
[190, 108, 392.83]
[190, 107, 393.41]
[190, 106, 394.335]
[190, 105, 395.625]
[190, 104, 397.14]
[190, 103, 398.5225]
[190, 102, 399.53]
[190, 101, 400.005]
[190, 100, 400.4475]
[190, 99, 400.8025]
[190, 98, 401.2275]
[190, 97, 401.51]
[190, 96, 401.815]
[190, 95, 402.1125]
[190, 94, 402.395]
[190, 93, 402.6475]
[190, 92, 402.905]
[190, 91, 403.1875]
[190, 90, 403.435]
[190, 89, 403.64]
[190, 88, 403.865]
[190, 87, 404.11]
[190, 86, 404.32]
[190, 85, 404.57]
[190, 84, 404.8725]
[190, 83, 405.1425]
[190, 82, 405.3975]
[190, 81, 405.62]
[190, 80, 405.8525]
[190, 79, 406.115]
[190, 78, 406.35]
[190, 77, 406.6325]
[190, 76, 406.925]
[190, 75, 407.24]
[190, 74, 407.57]
[190, 73, 407.895]
[190, 72, 408.27]
[190, 71, 408.6975]
[190, 70, 409.11]
[190, 69, 409.5325]
[190, 68, 409.945]
[190, 67, 410.36]
[190, 66, 410.785]
[190, 65, 411.16]
[190, 64, 411.5625]
[190, 63, 411.9225]
[190, 62, 412.29]
[190, 61, 412.6775]
[190, 60, 413.045]
[190, 59, 413.375]
[190, 58, 413.6975]
[190, 57, 414.03]
[190, 56, 414.3825]
[190, 55, 414.765]
[190, 54, 415.155]
[190, 53, 415.58]
[190, 52, 415.9825]
[190, 51, 416.37]
[190, 50, 416.6975]
[190, 49, 417.0675]
[190, 48, 417.505]
[190, 47, 417.9675]
[190, 46, 418.4525]
[190, 45, 418.7825]
[190, 44, 418.935]
[190, 43, 419.1175]
[190, 42, 419.3975]
[190, 41, 419.6825]
[190, 40, 419.96]
[190, 39, 420.215]
[190, 38, 420.45]
[190, 37, 420.6725]
[190, 36, 420.9675]
[190, 35, 421.355]
[190, 34, 421.8575]
[190, 33, 422.3475]
[190, 32, 422.7975]
[190, 31, 423.255]
[190, 30, 423.765]
[190, 29, 424.215]
[190, 28, 424.62]
[190, 27, 425.045]
[190, 26, 425.5025]
[190, 25, 425.985]
[190, 24, 426.45]
[190, 23, 426.87]
[190, 22, 427.325]
[190, 21, 427.7925]
[190, 20, 428.3]
[190, 19, 428.7625]
[190, 18, 429.245]
[190, 17, 429.73]
[190, 16, 430.1575]
[190, 15, 430.53]
[190, 14, 430.45]
[190, 13, 429.91]
[190, 12, 430.0825]
[190, 11, 431.265]
[190, 10, 432.4225]
[190, 9, 433.14]
[190, 8, 433.6775]
[190, 7, 434.15]
[190, 6, 434.71]
[190, 5, 435.3075]
[190, 4, 435.8225]
[190, 3, 436.3175]
[190, 2, 436.745]
[190, 1, 437.17]
[190, 0, 437.6075]
[200, 0, 437.2375]
[200, 1, 436.7775]
[200, 2, 436.375]
[200, 3, 435.9875]
[200, 4, 435.5625]
[200, 5, 435.0875]
[200, 6, 434.62]
[200, 7, 434.1825]
[200, 8, 433.8]
[200, 9, 433.3675]
[200, 10, 432.955]
[200, 11, 432.525]
[200, 12, 432.0875]
[200, 13, 431.6975]
[200, 14, 431.2775]
[200, 15, 430.9]
[200, 16, 430.5075]
[200, 17, 430.12]
[200, 18, 429.675]
[200, 19, 429.2775]
[200, 20, 428.87]
[200, 21, 428.365]
[200, 22, 427.4525]
[200, 23, 426.3825]
[200, 24, 426.035]
[200, 25, 426.21]
[200, 26, 426.15]
[200, 27, 426.02]
[200, 28, 425.71]
[200, 29, 425.2875]
[200, 30, 424.86]
[200, 31, 424.4575]
[200, 32, 424.0475]
[200, 33, 423.6525]
[200, 34, 423.2825]
[200, 35, 422.92]
[200, 36, 422.5375]
[200, 37, 422.1475]
[200, 38, 421.785]
[200, 39, 421.41]
[200, 40, 421.04]
[200, 41, 420.695]
[200, 42, 420.3125]
[200, 43, 419.9525]
[200, 44, 419.605]
[200, 45, 419.295]
[200, 46, 419.0225]
[200, 47, 418.5725]
[200, 48, 418.2125]
[200, 49, 417.9125]
[200, 50, 417.575]
[200, 51, 417.2075]
[200, 52, 416.885]
[200, 53, 416.53]
[200, 54, 416.1975]
[200, 55, 415.91]
[200, 56, 415.5775]
[200, 57, 415.2375]
[200, 58, 414.84]
[200, 59, 414.4575]
[200, 60, 414.105]
[200, 61, 413.805]
[200, 62, 413.535]
[200, 63, 413.2425]
[200, 64, 412.9925]
[200, 65, 412.745]
[200, 66, 412.4375]
[200, 67, 412.14]
[200, 68, 411.7775]
[200, 69, 411.4225]
[200, 70, 411.02]
[200, 71, 410.6175]
[200, 72, 410.2]
[200, 73, 409.74]
[200, 74, 409.2825]
[200, 75, 408.8525]
[200, 76, 408.44]
[200, 77, 408.0175]
[200, 78, 407.6275]
[200, 79, 407.2325]
[200, 80, 406.845]
[200, 81, 406.52]
[200, 82, 406.22]
[200, 83, 405.9075]
[200, 84, 405.59]
[200, 85, 405.335]
[200, 86, 405.0625]
[200, 87, 404.7925]
[200, 88, 404.5475]
[200, 89, 404.3]
[200, 90, 404.0725]
[200, 91, 403.8225]
[200, 92, 403.5525]
[200, 93, 403.32]
[200, 94, 403.115]
[200, 95, 402.945]
[200, 96, 402.7675]
[200, 97, 402.545]
[200, 98, 402.0025]
[200, 99, 401.3725]
[200, 100, 401.075]
[200, 101, 401.0925]
[200, 102, 401.0625]
[200, 103, 400.905]
[200, 104, 400.5725]
[200, 105, 400.2]
[200, 106, 399.805]
[200, 107, 399.4275]
[200, 108, 399.0675]
[200, 109, 398.69]
[200, 110, 398.3425]
[200, 111, 397.985]
[200, 112, 397.62]
[200, 113, 397.26]
[200, 114, 396.855]
[200, 115, 396.455]
[200, 116, 396.075]
[200, 117, 395.75]
[200, 118, 395.3575]
[200, 119, 395.005]
[200, 120, 394.6875]
[200, 121, 394.3825]
[200, 122, 394.0775]
[200, 123, 393.82]
[200, 124, 393.5825]
[200, 125, 393.3175]
[200, 126, 393.0575]
[200, 127, 392.78]
[200, 128, 392.505]
[200, 129, 392.2575]
[200, 130, 392.0375]
[200, 131, 391.81]
[200, 132, 391.585]
[200, 133, 391.36]
[200, 134, 391.1425]
[200, 135, 390.9225]
[200, 136, 390.6775]
[200, 137, 390.42]
[200, 138, 390.1625]
[200, 139, 389.8875]
[200, 140, 389.62]
[200, 141, 389.3525]
[200, 142, 389.1025]
[200, 143, 388.8225]
[200, 144, 388.5475]
[200, 145, 388.28]
[200, 146, 387.99]
[200, 147, 387.695]
[200, 148, 387.37]
[200, 149, 387.0725]
[200, 150, 386.775]
[200, 151, 386.4775]
[200, 152, 386.1525]
[200, 153, 385.885]
[200, 154, 385.59]
[200, 155, 385.2925]
[200, 156, 384.9775]
[200, 157, 384.6425]
[200, 158, 384.3225]
[200, 159, 384.025]
[200, 160, 383.715]
[200, 161, 383.395]
[200, 162, 383.035]
[200, 163, 382.715]
[200, 164, 382.44]
[200, 165, 382.1375]
[200, 166, 381.735]
[200, 167, 381.3175]
[200, 168, 380.89]
[200, 169, 380.47]
[200, 170, 380.015]
[200, 171, 379.5225]
[200, 172, 379.06]
[200, 173, 378.69]
[200, 174, 378.3625]
[200, 175, 378.005]
[200, 176, 377.6575]
[200, 177, 377.28]
[200, 178, 376.9175]
[200, 179, 376.565]
[200, 180, 376.1975]
[200, 181, 375.8475]
[200, 182, 375.44]
[200, 183, 375.0525]
[200, 184, 374.6825]
[200, 185, 374.2875]
[200, 186, 373.9025]
[200, 187, 373.52]
[200, 188, 373.1275]
[200, 189, 372.73]
[200, 190, 372.3225]
[200, 191, 371.935]
[200, 192, 371.5725]
[200, 193, 371.22]
[200, 194, 370.88]
[200, 195, 370.5175]
[200, 196, 370.1425]
[200, 197, 369.8175]
[200, 198, 369.4925]
[200, 199, 369.09]
[200, 200, 368.7575]
[200, 201, 368.355]
[200, 202, 367.8575]
[200, 203, 367.35]
[200, 204, 366.7625]
[200, 205, 366.0225]
[200, 206, 364.9775]
[200, 207, 363.48]
[200, 208, 362.325]
[200, 209, 361.6825]
[200, 210, 361.4525]
[200, 211, 361.02]
[200, 212, 360.6225]
[200, 213, 360.4625]
[200, 214, 360.335]
[200, 215, 360.25]
[200, 216, 360.185]
[200, 217, 360.055]
[200, 218, 359.8625]
[200, 219, 359.815]
[200, 220, 360.0225]
[200, 221, 360.2275]
[200, 222, 360.2925]
[200, 223, 360.0975]
[200, 224, 359.66]
[200, 225, 358.93]
[200, 226, 358.37]
[200, 227, 357.98]
[200, 228, 357.6125]
[200, 229, 357.1475]
[200, 230, 356.5775]
[200, 231, 356.83]
[200, 232, 357.3075]
[200, 233, 357.5375]
[200, 234, 357.5]
[200, 235, 357.4275]
[200, 236, 357.3325]
[200, 237, 357.2525]
[200, 238, 357.695]
[200, 239, 358.59]
[200, 240, 359.4775]
[200, 241, 359.75]
[200, 242, 359.975]
[200, 243, 360.18]
[200, 244, 360.4225]
[200, 245, 360.5475]
[200, 246, 360.6375]
[200, 247, 360.7725]
[200, 248, 360.9]
[200, 249, 360.9275]
[200, 250, 360.915]
[200, 251, 360.8475]
[200, 252, 360.7475]
[200, 253, 360.52]
[200, 254, 360.22]
[200, 255, 359.785]
[200, 256, 359.1325]
[200, 257, 358.24]
[200, 258, 358.4325]
[200, 259, 359.4875]
[200, 260, 360.395]
[200, 261, 360.695]
[200, 262, 360.6375]
[200, 263, 360.5775]
[200, 264, 360.4525]
[200, 265, 360.3875]
[200, 266, 360.315]
[200, 267, 360.1925]
[200, 268, 360.0525]
[200, 269, 359.935]
[200, 270, 359.95]
[200, 271, 360.0475]
[200, 272, 359.885]
[200, 273, 359.71]
[200, 274, 359.64]
[200, 275, 359.555]
[200, 276, 359.415]
[200, 277, 359.3675]
[200, 278, 359.3525]
[200, 279, 359.3475]
[200, 280, 359.355]
[200, 281, 359.37]
[200, 282, 359.29]
[200, 283, 359.19]
[200, 284, 359.0875]
[200, 285, 358.99]
[200, 286, 359.0075]
[200, 287, 358.89]
[200, 288, 358.66]
[200, 289, 358.5175]
[200, 290, 358.3625]
[200, 291, 358.2025]
[200, 292, 358.0275]
[200, 293, 357.8925]
[200, 294, 357.7475]
[200, 295, 357.6175]
[200, 296, 357.485]
[200, 297, 357.3325]
[200, 298, 357.1075]
[200, 299, 356.8225]
[200, 300, 356.5025]
[200, 301, 356.3825]
[200, 302, 356.28]
[200, 303, 356.0875]
[200, 304, 355.9525]
[200, 305, 355.68]
[200, 306, 355.3775]
[200, 307, 355.0375]
[200, 308, 354.8225]
[200, 309, 354.63]
[200, 310, 354.3275]
[200, 311, 354.0075]
[200, 312, 353.765]
[200, 313, 353.625]
[200, 314, 353.4675]
[200, 315, 353.3575]
[200, 316, 353.4425]
[200, 317, 353.4525]
[200, 318, 353.2575]
[200, 319, 352.995]
[200, 320, 352.7875]
[200, 321, 352.565]
[200, 322, 352.3575]
[200, 323, 352.0175]
[200, 324, 351.76]
[200, 325, 351.585]
[200, 326, 351.44]
[200, 327, 351.165]
[200, 328, 350.8675]
[200, 329, 350.655]
[200, 330, 350.405]
[200, 331, 350.1225]
[200, 332, 349.945]
[200, 333, 349.8075]
[200, 334, 349.68]
[200, 335, 349.5125]
[200, 336, 349.4525]
[200, 337, 349.26]
[200, 338, 349.1542]
[200, 339, 348.9562]
[200, 340, 348.7685]
[200, 341, 348.514]
[200, 342, 348.2717]
[200, 343, 347.985]
[200, 344, 347.5252]
[200, 345, 346.7642]
[200, 346, 346.1049]
[200, 347, 346.3539]
[200, 348, 346.4585]
[200, 349, 346.5046]
[200, 350, 346.6388]
[200, 351, 346.6389]
[200, 352, 346.6025]
[200, 353, 346.4084]
[200, 354, 346.215]
[200, 355, 346.045]
[200, 356, 345.8578]
[200, 357, 345.6675]
[200, 358, 345.6073]
[200, 359, 345.3625]
[200, 360, 345.0425]
[200, 361, 344.86]
[200, 362, 344.6375]
[200, 363, 344.3426]
[200, 364, 343.9733]
[200, 365, 343.6593]
[200, 366, 343.3744]
[200, 367, 343.155]
[200, 368, 342.965]
[200, 369, 342.7925]
[200, 370, 342.6375]
[200, 371, 342.57]
[200, 372, 342.445]
[200, 373, 342.32]
[200, 374, 342.185]
[200, 375, 342.05]
[200, 376, 341.915]
[200, 377, 341.7875]
[200, 378, 341.604]
[200, 379, 341.5109]
[200, 380, 341.43]
[200, 381, 341.32]
[200, 382, 341.175]
[200, 383, 340.9675]
[200, 384, 340.9]
[200, 385, 340.7475]
[200, 386, 340.67]
[200, 387, 340.53]
[200, 388, 340.38]
[200, 389, 340.2722]
[200, 390, 340.055]
[200, 391, 339.675]
[200, 392, 339.4002]
[200, 393, 339.1462]
[200, 394, 338.87]
[200, 395, 339.2094]
[200, 396, 339.4531]
[200, 397, 339.5258]
[200, 398, 339.435]
[200, 399, 339.32]
[200, 400, 339.225]
[200, 401, 339.0775]
[200, 402, 338.9075]
[200, 403, 338.755]
[200, 404, 338.5675]
[200, 405, 338.345]
[200, 406, 338.0375]
[200, 407, 337.715]
[200, 408, 337.3987]
[200, 409, 337.025]
[200, 410, 336.6981]
[200, 411, 336.4127]
[200, 412, 336.1335]
[200, 413, 335.8851]
[200, 414, 335.6412]
[200, 415, 335.4162]
[200, 416, 335.21]
[200, 417, 335.0275]
[200, 418, 334.8575]
[200, 419, 334.7075]
[200, 420, 334.555]
[200, 421, 334.3968]
[200, 422, 334.2444]
[200, 423, 334.0835]
[200, 424, 333.9262]
[200, 425, 333.7675]
[200, 426, 333.6425]
[200, 427, 333.4925]
[200, 428, 333.3498]
[200, 429, 333.2075]
[200, 430, 333.055]
[200, 431, 332.9225]
[200, 432, 332.82]
[200, 433, 332.75]
[200, 434, 332.7025]
[200, 435, 332.5975]
[200, 436, 332.51]
[200, 437, 332.485]
[200, 438, 332.4625]
[200, 439, 332.5025]
[200, 440, 332.57]
[200, 441, 332.635]
[200, 442, 332.7075]
[200, 443, 332.78]
[200, 444, 332.835]
[200, 445, 332.855]
[200, 446, 332.915]
[200, 447, 332.9325]
[200, 448, 332.9225]
[200, 449, 332.9125]
[200, 450, 332.8725]
[200, 451, 332.8175]
[200, 452, 332.7325]
[200, 453, 332.645]
[200, 454, 332.55]
[200, 455, 332.4575]
[200, 456, 332.3925]
[200, 457, 332.2825]
[200, 458, 332.1925]
[200, 459, 332.13]
[200, 460, 332.05]
[200, 461, 332.0025]
[200, 462, 331.9275]
[200, 463, 331.82]
[200, 464, 331.6725]
[200, 465, 331.6275]
[200, 466, 331.635]
[200, 467, 331.5325]
[200, 468, 331.4644]
[200, 469, 331.6421]
[200, 470, 331.8375]
[200, 471, 331.998]
[200, 472, 332.0525]
[200, 473, 332.0075]
[200, 474, 331.9225]
[200, 475, 331.8225]
[200, 476, 331.865]
[200, 477, 331.85]
[200, 478, 331.7175]
[200, 479, 331.545]
[200, 480, 331.475]
[200, 481, 331.535]
[200, 482, 331.595]
[200, 483, 331.5875]
[200, 484, 331.52]
[200, 485, 331.495]
[200, 486, 331.4175]
[200, 487, 331.345]
[200, 488, 331.3075]
[200, 489, 331.2475]
[200, 490, 331.2225]
[200, 491, 331.18]
[200, 492, 331.0575]
[200, 493, 330.9425]
[200, 494, 330.8275]
[200, 495, 330.6975]
[200, 496, 330.655]
[200, 497, 330.6225]
[200, 498, 330.5675]
[200, 499, 330.45]
[210, 499, 327.3486]
[210, 498, 327.427]
[210, 497, 327.65]
[210, 496, 327.7504]
[210, 495, 327.8968]
[210, 494, 328.0928]
[210, 493, 328.1469]
[210, 492, 328.1514]
[210, 491, 328.4112]
[210, 490, 328.7167]
[210, 489, 328.8561]
[210, 488, 328.8638]
[210, 487, 328.92]
[210, 486, 329.0156]
[210, 485, 329.1669]
[210, 484, 329.265]
[210, 483, 329.2625]
[210, 482, 329.2475]
[210, 481, 329.2316]
[210, 480, 329.19]
[210, 479, 329.305]
[210, 478, 329.4925]
[210, 477, 329.555]
[210, 476, 329.5636]
[210, 475, 329.4075]
[210, 474, 329.3399]
[210, 473, 329.3177]
[210, 472, 329.0283]
[210, 471, 328.9516]
[210, 470, 329.2082]
[210, 469, 329.42]
[210, 468, 329.7075]
[210, 467, 329.91]
[210, 466, 329.9425]
[210, 465, 329.93]
[210, 464, 329.8875]
[210, 463, 329.8375]
[210, 462, 329.85]
[210, 461, 329.955]
[210, 460, 330.025]
[210, 459, 330.035]
[210, 458, 330.0825]
[210, 457, 330.1225]
[210, 456, 330.1225]
[210, 455, 330.065]
[210, 454, 330.04]
[210, 453, 330.0075]
[210, 452, 329.95]
[210, 451, 329.9325]
[210, 450, 329.9775]
[210, 449, 329.9975]
[210, 448, 330.005]
[210, 447, 330.05]
[210, 446, 330.1]
[210, 445, 330.1375]
[210, 444, 330.13]
[210, 443, 330.0925]
[210, 442, 330.055]
[210, 441, 330.0975]
[210, 440, 330.1675]
[210, 439, 330.2925]
[210, 438, 330.4375]
[210, 437, 330.5575]
[210, 436, 330.64]
[210, 435, 330.72]
[210, 434, 330.7425]
[210, 433, 330.7925]
[210, 432, 330.8525]
[210, 431, 330.9375]
[210, 430, 330.9975]
[210, 429, 331.0975]
[210, 428, 331.2525]
[210, 427, 331.53]
[210, 426, 331.635]
[210, 425, 331.6225]
[210, 424, 331.675]
[210, 423, 331.785]
[210, 422, 331.9075]
[210, 421, 332.0575]
[210, 420, 332.23]
[210, 419, 332.41]
[210, 418, 332.59]
[210, 417, 332.7575]
[210, 416, 332.97]
[210, 415, 333.17]
[210, 414, 333.3675]
[210, 413, 333.5675]
[210, 412, 333.82]
[210, 411, 334.07]
[210, 410, 334.335]
[210, 409, 334.6]
[210, 408, 334.8375]
[210, 407, 335.0675]
[210, 406, 335.3075]
[210, 405, 335.5675]
[210, 404, 335.8225]
[210, 403, 336.0025]
[210, 402, 336.2025]
[210, 401, 336.38]
[210, 400, 336.5225]
[210, 399, 336.6975]
[210, 398, 336.7413]
[210, 397, 336.81]
[210, 396, 336.945]
[210, 395, 337.06]
[210, 394, 337.1725]
[210, 393, 337.37]
[210, 392, 337.6125]
[210, 391, 337.7325]
[210, 390, 337.8925]
[210, 389, 338.1003]
[210, 388, 338.27]
[210, 387, 338.4]
[210, 386, 338.5075]
[210, 385, 338.5425]
[210, 384, 338.8075]
[210, 383, 339.0875]
[210, 382, 339.315]
[210, 381, 339.4575]
[210, 380, 339.57]
[210, 379, 339.68]
[210, 378, 339.8175]
[210, 377, 339.945]
[210, 376, 340.0625]
[210, 375, 340.155]
[210, 374, 340.2725]
[210, 373, 340.39]
[210, 372, 340.55]
[210, 371, 340.7025]
[210, 370, 340.8775]
[210, 369, 341.0523]
[210, 368, 341.2225]
[210, 367, 341.415]
[210, 366, 341.585]
[210, 365, 341.8802]
[210, 364, 342.0625]
[210, 363, 342.225]
[210, 362, 342.405]
[210, 361, 342.615]
[210, 360, 342.7175]
[210, 359, 342.6604]
[210, 358, 342.6289]
[210, 357, 342.83]
[210, 356, 343.205]
[210, 355, 343.515]
[210, 354, 343.8481]
[210, 353, 344.1382]
[210, 352, 344.31]
[210, 351, 344.7296]
[210, 350, 345.0657]
[210, 349, 345.1875]
[210, 348, 345.3085]
[210, 347, 345.4715]
[210, 346, 345.6467]
[210, 345, 345.9125]
[210, 344, 346.1845]
[210, 343, 346.3863]
[210, 342, 346.6246]
[210, 341, 346.752]
[210, 340, 346.889]
[210, 339, 346.9461]
[210, 338, 347.1637]
[210, 337, 347.4046]
[210, 336, 347.5334]
[210, 335, 347.65]
[210, 334, 347.865]
[210, 333, 348.06]
[210, 332, 348.31]
[210, 331, 348.5425]
[210, 330, 348.6425]
[210, 329, 348.8275]
[210, 328, 349.1025]
[210, 327, 349.2275]
[210, 326, 349.625]
[210, 325, 349.8125]
[210, 324, 350.0725]
[210, 323, 350.2825]
[210, 322, 350.5375]
[210, 321, 350.8125]
[210, 320, 351.0]
[210, 319, 351.185]
[210, 318, 351.5325]
[210, 317, 351.695]
[210, 316, 351.8625]
[210, 315, 351.97]
[210, 314, 352.235]
[210, 313, 352.545]
[210, 312, 352.5775]
[210, 311, 352.545]
[210, 310, 352.5725]
[210, 309, 352.7425]
[210, 308, 353.0875]
[210, 307, 353.2425]
[210, 306, 353.3775]
[210, 305, 353.6]
[210, 304, 353.745]
[210, 303, 353.865]
[210, 302, 354.11]
[210, 301, 354.215]
[210, 300, 354.4325]
[210, 299, 354.65]
[210, 298, 354.865]
[210, 297, 355.0575]
[210, 296, 355.1525]
[210, 295, 355.2675]
[210, 294, 355.4275]
[210, 293, 355.5775]
[210, 292, 355.755]
[210, 291, 355.845]
[210, 290, 355.955]
[210, 289, 356.0375]
[210, 288, 356.015]
[210, 287, 356.0925]
[210, 286, 356.1575]
[210, 285, 356.285]
[210, 284, 356.25]
[210, 283, 356.1775]
[210, 282, 356.245]
[210, 281, 356.3025]
[210, 280, 356.34]
[210, 279, 356.3825]
[210, 278, 356.4575]
[210, 277, 356.3325]
[210, 276, 356.285]
[210, 275, 356.1825]
[210, 274, 356.285]
[210, 273, 356.5775]
[210, 272, 356.595]
[210, 271, 356.53]
[210, 270, 356.58]
[210, 269, 356.5825]
[210, 268, 356.4725]
[210, 267, 356.08]
[210, 266, 355.12]
[210, 265, 354.1075]
[210, 264, 353.2875]
[210, 263, 352.6775]
[210, 262, 352.2825]
[210, 261, 351.7]
[210, 260, 351.53]
[210, 259, 351.6475]
[210, 258, 351.8025]
[210, 257, 352.0475]
[210, 256, 352.5625]
[210, 255, 353.385]
[210, 254, 354.27]
[210, 253, 354.78]
[210, 252, 355.225]
[210, 251, 355.41]
[210, 250, 355.5125]
[210, 249, 355.6575]
[210, 248, 355.4525]
[210, 247, 355.3675]
[210, 246, 355.1425]
[210, 245, 355.04]
[210, 244, 354.89]
[210, 243, 354.805]
[210, 242, 354.9525]
[210, 241, 354.88]
[210, 240, 354.7925]
[210, 239, 354.8975]
[210, 238, 354.785]
[210, 237, 354.6075]
[210, 236, 354.48]
[210, 235, 355.015]
[210, 234, 355.7775]
[210, 233, 356.54]
[210, 232, 357.1675]
[210, 231, 358.03]
[210, 230, 358.9675]
[210, 229, 360.1275]
[210, 228, 361.31]
[210, 227, 362.55]
[210, 226, 363.3025]
[210, 225, 363.5975]
[210, 224, 363.78]
[210, 223, 363.9975]
[210, 222, 364.2975]
[210, 221, 364.6375]
[210, 220, 364.98]
[210, 219, 365.3]
[210, 218, 365.6375]
[210, 217, 365.9775]
[210, 216, 366.285]
[210, 215, 366.5975]
[210, 214, 366.945]
[210, 213, 367.2425]
[210, 212, 367.565]
[210, 211, 367.8725]
[210, 210, 368.2075]
[210, 209, 368.5075]
[210, 208, 368.7975]
[210, 207, 369.0975]
[210, 206, 369.35]
[210, 205, 369.6375]
[210, 204, 369.7025]
[210, 203, 369.285]
[210, 202, 368.575]
[210, 201, 368.2425]
[210, 200, 368.1275]
[210, 199, 368.1475]
[210, 198, 368.7225]
[210, 197, 369.5425]
[210, 196, 370.5475]
[210, 195, 371.9]
[210, 194, 373.36]
[210, 193, 374.0575]
[210, 192, 374.3925]
[210, 191, 374.755]
[210, 190, 375.0275]
[210, 189, 375.2725]
[210, 188, 375.48]
[210, 187, 375.7125]
[210, 186, 375.9675]
[210, 185, 376.2275]
[210, 184, 376.5475]
[210, 183, 376.875]
[210, 182, 377.2225]
[210, 181, 377.49]
[210, 180, 377.7525]
[210, 179, 378.19]
[210, 178, 378.835]
[210, 177, 379.4525]
[210, 176, 379.96]
[210, 175, 380.4325]
[210, 174, 380.9225]
[210, 173, 381.395]
[210, 172, 381.7675]
[210, 171, 382.0675]
[210, 170, 382.345]
[210, 169, 382.565]
[210, 168, 382.825]
[210, 167, 383.0575]
[210, 166, 383.3025]
[210, 165, 383.56]
[210, 164, 383.76]
[210, 163, 384.0125]
[210, 162, 384.2875]
[210, 161, 384.5725]
[210, 160, 384.8625]
[210, 159, 385.1625]
[210, 158, 385.49]
[210, 157, 385.8175]
[210, 156, 386.13]
[210, 155, 386.425]
[210, 154, 386.7075]
[210, 153, 387.05]
[210, 152, 387.3475]
[210, 151, 387.63]
[210, 150, 387.92]
[210, 149, 388.21]
[210, 148, 388.5025]
[210, 147, 388.7825]
[210, 146, 389.08]
[210, 145, 389.38]
[210, 144, 389.6525]
[210, 143, 389.92]
[210, 142, 390.205]
[210, 141, 390.485]
[210, 140, 390.765]
[210, 139, 391.0275]
[210, 138, 391.31]
[210, 137, 391.595]
[210, 136, 391.8825]
[210, 135, 392.19]
[210, 134, 392.4875]
[210, 133, 392.82]
[210, 132, 393.14]
[210, 131, 393.485]
[210, 130, 393.805]
[210, 129, 394.145]
[210, 128, 394.455]
[210, 127, 394.755]
[210, 126, 395.0425]
[210, 125, 395.3325]
[210, 124, 395.6]
[210, 123, 395.8475]
[210, 122, 396.085]
[210, 121, 396.3475]
[210, 120, 396.6225]
[210, 119, 396.925]
[210, 118, 397.275]
[210, 117, 397.615]
[210, 116, 397.9425]
[210, 115, 398.2875]
[210, 114, 398.645]
[210, 113, 399.0]
[210, 112, 399.3225]
[210, 111, 399.6425]
[210, 110, 399.9675]
[210, 109, 400.29]
[210, 108, 400.6075]
[210, 107, 400.9025]
[210, 106, 401.23]
[210, 105, 401.6225]
[210, 104, 401.995]
[210, 103, 402.3775]
[210, 102, 402.725]
[210, 101, 403.08]
[210, 100, 403.345]
[210, 99, 403.62]
[210, 98, 403.8675]
[210, 97, 404.0725]
[210, 96, 404.2825]
[210, 95, 404.4825]
[210, 94, 404.55]
[210, 93, 404.57]
[210, 92, 404.725]
[210, 91, 405.12]
[210, 90, 405.49]
[210, 89, 405.735]
[210, 88, 406.02]
[210, 87, 406.305]
[210, 86, 406.62]
[210, 85, 406.99]
[210, 84, 407.365]
[210, 83, 407.75]
[210, 82, 408.1425]
[210, 81, 408.5225]
[210, 80, 408.8975]
[210, 79, 409.255]
[210, 78, 409.605]
[210, 77, 409.97]
[210, 76, 410.3025]
[210, 75, 410.65]
[210, 74, 410.9525]
[210, 73, 411.23]
[210, 72, 411.545]
[210, 71, 411.8575]
[210, 70, 412.16]
[210, 69, 412.495]
[210, 68, 412.7925]
[210, 67, 413.0625]
[210, 66, 413.31]
[210, 65, 413.55]
[210, 64, 413.805]
[210, 63, 414.1175]
[210, 62, 414.435]
[210, 61, 414.76]
[210, 60, 415.095]
[210, 59, 415.45]
[210, 58, 415.785]
[210, 57, 416.155]
[210, 56, 416.5175]
[210, 55, 416.8975]
[210, 54, 417.2175]
[210, 53, 417.5625]
[210, 52, 417.9025]
[210, 51, 418.2125]
[210, 50, 418.5675]
[210, 49, 418.94]
[210, 48, 419.305]
[210, 47, 419.6925]
[210, 46, 420.0775]
[210, 45, 420.425]
[210, 44, 420.555]
[210, 43, 420.88]
[210, 42, 421.25]
[210, 41, 421.56]
[210, 40, 421.475]
[210, 39, 420.855]
[210, 38, 421.065]
[210, 37, 421.4625]
[210, 36, 421.835]
[210, 35, 422.8775]
[210, 34, 423.7825]
[210, 33, 424.23]
[210, 32, 424.61]
[210, 31, 424.9]
[210, 30, 425.1925]
[210, 29, 425.5]
[210, 28, 425.83]
[210, 27, 426.1625]
[210, 26, 426.535]
[210, 25, 426.8925]
[210, 24, 427.29]
[210, 23, 427.7025]
[210, 22, 428.1]
[210, 21, 428.4725]
[210, 20, 428.7975]
[210, 19, 429.1475]
[210, 18, 429.52]
[210, 17, 429.9275]
[210, 16, 430.3975]
[210, 15, 430.7725]
[210, 14, 431.18]
[210, 13, 431.4325]
[210, 12, 431.595]
[210, 11, 431.82]
[210, 10, 432.0]
[210, 9, 432.07]
[210, 8, 432.3075]
[210, 7, 432.7275]
[210, 6, 433.3675]
[210, 5, 434.29]
[210, 4, 434.8375]
[210, 3, 435.265]
[210, 2, 435.715]
[210, 1, 436.155]
[210, 0, 436.585]
[220, 0, 434.7575]
[220, 1, 434.5]
[220, 2, 434.25]
[220, 3, 433.9125]
[220, 4, 433.545]
[220, 5, 433.12]
[220, 6, 432.7125]
[220, 7, 432.3225]
[220, 8, 431.92]
[220, 9, 431.57]
[220, 10, 431.2425]
[220, 11, 430.8675]
[220, 12, 430.5425]
[220, 13, 430.2675]
[220, 14, 429.975]
[220, 15, 429.6275]
[220, 16, 429.2525]
[220, 17, 428.9525]
[220, 18, 428.6]
[220, 19, 428.185]
[220, 20, 427.75]
[220, 21, 427.27]
[220, 22, 426.8175]
[220, 23, 426.355]
[220, 24, 425.9425]
[220, 25, 425.555]
[220, 26, 425.2375]
[220, 27, 424.9575]
[220, 28, 424.6975]
[220, 29, 424.295]
[220, 30, 424.01]
[220, 31, 423.76]
[220, 32, 423.4125]
[220, 33, 423.19]
[220, 34, 422.89]
[220, 35, 422.64]
[220, 36, 422.3475]
[220, 37, 422.1725]
[220, 38, 421.9475]
[220, 39, 421.785]
[220, 40, 421.545]
[220, 41, 421.37]
[220, 42, 421.1475]
[220, 43, 420.7975]
[220, 44, 420.49]
[220, 45, 420.275]
[220, 46, 419.93]
[220, 47, 419.59]
[220, 48, 419.0975]
[220, 49, 418.6875]
[220, 50, 418.07]
[220, 51, 417.595]
[220, 52, 417.4575]
[220, 53, 417.1575]
[220, 54, 416.8075]
[220, 55, 416.5025]
[220, 56, 416.1175]
[220, 57, 415.7]
[220, 58, 415.5875]
[220, 59, 415.57]
[220, 60, 415.55]
[220, 61, 415.205]
[220, 62, 414.35]
[220, 63, 413.59]
[220, 64, 413.3675]
[220, 65, 412.8225]
[220, 66, 412.3425]
[220, 67, 412.0075]
[220, 68, 411.88]
[220, 69, 411.64]
[220, 70, 411.3825]
[220, 71, 411.03]
[220, 72, 410.775]
[220, 73, 410.7025]
[220, 74, 410.815]
[220, 75, 410.69]
[220, 76, 410.5075]
[220, 77, 410.3375]
[220, 78, 410.285]
[220, 79, 409.9625]
[220, 80, 409.635]
[220, 81, 409.245]
[220, 82, 408.8225]
[220, 83, 408.47]
[220, 84, 408.1375]
[220, 85, 407.78]
[220, 86, 407.745]
[220, 87, 407.66]
[220, 88, 407.36]
[220, 89, 407.065]
[220, 90, 406.875]
[220, 91, 406.625]
[220, 92, 406.4125]
[220, 93, 406.1825]
[220, 94, 405.9825]
[220, 95, 405.7875]
[220, 96, 405.6275]
[220, 97, 405.4475]
[220, 98, 405.2525]
[220, 99, 405.025]
[220, 100, 404.7925]
[220, 101, 404.5675]
[220, 102, 404.3425]
[220, 103, 404.0875]
[220, 104, 403.8275]
[220, 105, 403.5325]
[220, 106, 403.2625]
[220, 107, 403.01]
[220, 108, 402.81]
[220, 109, 402.56]
[220, 110, 402.295]
[220, 111, 402.0325]
[220, 112, 401.77]
[220, 113, 401.475]
[220, 114, 401.19]
[220, 115, 400.895]
[220, 116, 400.6225]
[220, 117, 400.3175]
[220, 118, 400.0125]
[220, 119, 399.73]
[220, 120, 399.435]
[220, 121, 399.1275]
[220, 122, 398.815]
[220, 123, 398.5125]
[220, 124, 398.23]
[220, 125, 397.9275]
[220, 126, 397.6275]
[220, 127, 397.335]
[220, 128, 397.06]
[220, 129, 396.78]
[220, 130, 396.505]
[220, 131, 396.23]
[220, 132, 395.95]
[220, 133, 395.7]
[220, 134, 395.425]
[220, 135, 395.16]
[220, 136, 394.9125]
[220, 137, 394.6275]
[220, 138, 394.375]
[220, 139, 394.1275]
[220, 140, 393.8125]
[220, 141, 393.515]
[220, 142, 393.1675]
[220, 143, 392.83]
[220, 144, 392.4625]
[220, 145, 392.105]
[220, 146, 391.7525]
[220, 147, 391.44]
[220, 148, 391.115]
[220, 149, 390.8]
[220, 150, 390.4925]
[220, 151, 390.1775]
[220, 152, 389.8875]
[220, 153, 389.585]
[220, 154, 389.3075]
[220, 155, 389.005]
[220, 156, 388.7175]
[220, 157, 388.425]
[220, 158, 388.1075]
[220, 159, 387.785]
[220, 160, 387.48]
[220, 161, 387.16]
[220, 162, 386.89]
[220, 163, 386.5375]
[220, 164, 386.235]
[220, 165, 385.9625]
[220, 166, 385.6525]
[220, 167, 385.3525]
[220, 168, 385.0975]
[220, 169, 384.845]
[220, 170, 384.6225]
[220, 171, 384.4075]
[220, 172, 384.1575]
[220, 173, 383.8075]
[220, 174, 383.3925]
[220, 175, 383.0125]
[220, 176, 382.6875]
[220, 177, 382.3425]
[220, 178, 382.0375]
[220, 179, 381.4575]
[220, 180, 380.68]
[220, 181, 380.0325]
[220, 182, 379.38]
[220, 183, 378.28]
[220, 184, 377.0475]
[220, 185, 376.2775]
[220, 186, 375.705]
[220, 187, 375.265]
[220, 188, 375.2675]
[220, 189, 375.7125]
[220, 190, 376.265]
[220, 191, 376.665]
[220, 192, 376.6575]
[220, 193, 376.2225]
[220, 194, 375.7975]
[220, 195, 375.495]
[220, 196, 375.2]
[220, 197, 374.84]
[220, 198, 374.4875]
[220, 199, 374.13]
[220, 200, 373.7725]
[220, 201, 373.3925]
[220, 202, 373.0525]
[220, 203, 372.7075]
[220, 204, 372.3925]
[220, 205, 372.0725]
[220, 206, 371.725]
[220, 207, 371.38]
[220, 208, 371.0475]
[220, 209, 370.7075]
[220, 210, 370.37]
[220, 211, 370.085]
[220, 212, 369.7475]
[220, 213, 369.4725]
[220, 214, 369.195]
[220, 215, 368.91]
[220, 216, 368.6325]
[220, 217, 368.3275]
[220, 218, 368.0175]
[220, 219, 367.7425]
[220, 220, 367.4325]
[220, 221, 367.1675]
[220, 222, 366.8325]
[220, 223, 366.52]
[220, 224, 366.2025]
[220, 225, 365.93]
[220, 226, 365.6025]
[220, 227, 365.2225]
[220, 228, 364.875]
[220, 229, 364.545]
[220, 230, 364.1825]
[220, 231, 363.8475]
[220, 232, 363.5325]
[220, 233, 363.2375]
[220, 234, 362.9475]
[220, 235, 362.67]
[220, 236, 362.2875]
[220, 237, 361.7925]
[220, 238, 361.31]
[220, 239, 360.7875]
[220, 240, 360.125]
[220, 241, 359.415]
[220, 242, 358.73]
[220, 243, 358.075]
[220, 244, 357.475]
[220, 245, 357.1075]
[220, 246, 356.72]
[220, 247, 356.2]
[220, 248, 355.73]
[220, 249, 355.2725]
[220, 250, 354.9825]
[220, 251, 354.7925]
[220, 252, 354.6175]
[220, 253, 354.4475]
[220, 254, 354.325]
[220, 255, 354.1775]
[220, 256, 353.9075]
[220, 257, 353.7825]
[220, 258, 353.665]
[220, 259, 353.5325]
[220, 260, 353.3425]
[220, 261, 353.055]
[220, 262, 352.54]
[220, 263, 351.63]
[220, 264, 350.7875]
[220, 265, 350.14]
[220, 266, 349.7775]
[220, 267, 350.1475]
[220, 268, 350.4275]
[220, 269, 350.385]
[220, 270, 350.2125]
[220, 271, 350.165]
[220, 272, 350.175]
[220, 273, 350.1975]
[220, 274, 350.255]
[220, 275, 350.4225]
[220, 276, 350.6975]
[220, 277, 351.1625]
[220, 278, 351.525]
[220, 279, 351.7875]
[220, 280, 351.87]
[220, 281, 351.83]
[220, 282, 351.775]
[220, 283, 351.815]
[220, 284, 351.965]
[220, 285, 352.035]
[220, 286, 352.0625]
[220, 287, 352.145]
[220, 288, 352.1225]
[220, 289, 352.105]
[220, 290, 352.1725]
[220, 291, 352.3275]
[220, 292, 352.5075]
[220, 293, 352.5925]
[220, 294, 352.615]
[220, 295, 352.525]
[220, 296, 352.235]
[220, 297, 351.985]
[220, 298, 351.83]
[220, 299, 351.795]
[220, 300, 351.9475]
[220, 301, 351.8325]
[220, 302, 351.4025]
[220, 303, 350.99]
[220, 304, 350.29]
[220, 305, 349.615]
[220, 306, 350.2925]
[220, 307, 350.92]
[220, 308, 350.98]
[220, 309, 350.96]
[220, 310, 350.85]
[220, 311, 350.73]
[220, 312, 350.6375]
[220, 313, 350.5225]
[220, 314, 350.3975]
[220, 315, 350.175]
[220, 316, 349.9425]
[220, 317, 349.7725]
[220, 318, 349.5775]
[220, 319, 349.3625]
[220, 320, 349.135]
[220, 321, 348.95]
[220, 322, 348.7275]
[220, 323, 348.5075]
[220, 324, 348.3225]
[220, 325, 348.13]
[220, 326, 348.03]
[220, 327, 347.76]
[220, 328, 347.61]
[220, 329, 347.5175]
[220, 330, 347.4]
[220, 331, 347.3125]
[220, 332, 347.2675]
[220, 333, 346.91]
[220, 334, 346.745]
[220, 335, 346.505]
[220, 336, 346.279]
[220, 337, 345.9615]
[220, 338, 345.6705]
[220, 339, 345.3313]
[220, 340, 345.1125]
[220, 341, 344.865]
[220, 342, 344.6148]
[220, 343, 344.36]
[220, 344, 344.015]
[220, 345, 343.7458]
[220, 346, 343.518]
[220, 347, 343.467]
[220, 348, 343.3265]
[220, 349, 343.0114]
[220, 350, 342.665]
[220, 351, 342.5075]
[220, 352, 342.41]
[220, 353, 342.2725]
[220, 354, 342.0825]
[220, 355, 341.9625]
[220, 356, 341.81]
[220, 357, 341.5925]
[220, 358, 341.3425]
[220, 359, 341.0425]
[220, 360, 340.73]
[220, 361, 340.48]
[220, 362, 340.26]
[220, 363, 340.0475]
[220, 364, 339.8205]
[220, 365, 339.6521]
[220, 366, 339.4164]
[220, 367, 339.2826]
[220, 368, 339.1543]
[220, 369, 339.046]
[220, 370, 339.0088]
[220, 371, 338.965]
[220, 372, 338.8425]
[220, 373, 338.6275]
[220, 374, 338.405]
[220, 375, 338.26]
[220, 376, 338.0875]
[220, 377, 337.92]
[220, 378, 337.735]
[220, 379, 337.6025]
[220, 380, 337.5225]
[220, 381, 337.485]
[220, 382, 337.395]
[220, 383, 337.2375]
[220, 384, 337.1]
[220, 385, 336.985]
[220, 386, 336.85]
[220, 387, 336.6725]
[220, 388, 336.5725]
[220, 389, 336.355]
[220, 390, 336.0825]
[220, 391, 335.8375]
[220, 392, 335.8075]
[220, 393, 335.7425]
[220, 394, 335.7125]
[220, 395, 335.6706]
[220, 396, 335.4932]
[220, 397, 335.1625]
[220, 398, 334.885]
[220, 399, 334.81]
[220, 400, 334.6367]
[220, 401, 334.1163]
[220, 402, 333.9443]
[220, 403, 334.0535]
[220, 404, 334.1975]
[220, 405, 333.8775]
[220, 406, 333.5525]
[220, 407, 333.31]
[220, 408, 333.055]
[220, 409, 332.835]
[220, 410, 332.6275]
[220, 411, 332.44]
[220, 412, 332.2625]
[220, 413, 332.1375]
[220, 414, 331.9575]
[220, 415, 331.835]
[220, 416, 331.755]
[220, 417, 331.6675]
[220, 418, 331.5675]
[220, 419, 331.435]
[220, 420, 331.33]
[220, 421, 331.2225]
[220, 422, 331.0725]
[220, 423, 330.9375]
[220, 424, 330.815]
[220, 425, 330.695]
[220, 426, 330.55]
[220, 427, 330.41]
[220, 428, 330.27]
[220, 429, 330.15]
[220, 430, 330.0025]
[220, 431, 329.8725]
[220, 432, 329.7225]
[220, 433, 329.575]
[220, 434, 329.425]
[220, 435, 329.2625]
[220, 436, 329.08]
[220, 437, 328.905]
[220, 438, 328.72]
[220, 439, 328.58]
[220, 440, 328.4725]
[220, 441, 328.35]
[220, 442, 328.1911]
[220, 443, 327.9575]
[220, 444, 327.75]
[220, 445, 327.6025]
[220, 446, 327.5075]
[220, 447, 327.3575]
[220, 448, 327.175]
[220, 449, 327.0025]
[220, 450, 326.8625]
[220, 451, 326.7025]
[220, 452, 326.6125]
[220, 453, 326.3927]
[220, 454, 326.335]
[220, 455, 326.315]
[220, 456, 326.29]
[220, 457, 326.3125]
[220, 458, 326.3113]
[220, 459, 326.3733]
[220, 460, 326.5318]
[220, 461, 326.5829]
[220, 462, 326.4905]
[220, 463, 326.009]
[220, 464, 325.4238]
[220, 465, 324.8857]
[220, 466, 324.4262]
[220, 467, 324.0952]
[220, 468, 324.1955]
[220, 469, 324.2296]
[220, 470, 324.1856]
[220, 471, 324.136]
[220, 472, 323.9875]
[220, 473, 323.7706]
[220, 474, 323.4269]
[220, 475, 323.015]
[220, 476, 322.8903]
[220, 477, 323.0283]
[220, 478, 322.9253]
[220, 479, 322.6979]
[220, 480, 322.3239]
[220, 481, 321.8456]
[220, 482, 321.4559]
[220, 483, 320.9602]
[220, 484, 320.5688]
[220, 485, 320.2499]
[220, 486, 320.1383]
[220, 487, 320.1367]
[220, 488, 320.1052]
[220, 489, 319.7799]
[220, 490, 319.4969]
[220, 491, 319.3697]
[220, 492, 319.3215]
[220, 493, 319.1963]
[220, 494, 319.0496]
[220, 495, 318.8598]
[220, 496, 318.6472]
[220, 497, 318.6108]
[220, 498, 318.5839]
[220, 499, 318.4553]
[230, 499, 322.4075]
[230, 498, 322.49]
[230, 497, 322.61]
[230, 496, 322.705]
[230, 495, 322.7825]
[230, 494, 322.8775]
[230, 493, 322.945]
[230, 492, 323.02]
[230, 491, 323.125]
[230, 490, 323.2175]
[230, 489, 323.2825]
[230, 488, 323.325]
[230, 487, 323.355]
[230, 486, 323.4275]
[230, 485, 323.5175]
[230, 484, 323.5875]
[230, 483, 323.6875]
[230, 482, 323.75]
[230, 481, 323.78]
[230, 480, 323.8525]
[230, 479, 323.9225]
[230, 478, 323.9775]
[230, 477, 324.0475]
[230, 476, 324.1225]
[230, 475, 324.215]
[230, 474, 324.305]
[230, 473, 324.3575]
[230, 472, 324.435]
[230, 471, 324.4775]
[230, 470, 324.5525]
[230, 469, 324.6]
[230, 468, 324.645]
[230, 467, 324.6875]
[230, 466, 324.735]
[230, 465, 324.7925]
[230, 464, 324.835]
[230, 463, 324.7298]
[230, 462, 324.7183]
[230, 461, 324.6205]
[230, 460, 324.7719]
[230, 459, 324.6528]
[230, 458, 324.8719]
[230, 457, 324.9635]
[230, 456, 325.0425]
[230, 455, 325.1814]
[230, 454, 325.2268]
[230, 453, 325.2283]
[230, 452, 325.0561]
[230, 451, 324.8484]
[230, 450, 324.7925]
[230, 449, 324.6739]
[230, 448, 325.4327]
[230, 447, 326.8732]
[230, 446, 327.6391]
[230, 445, 327.8375]
[230, 444, 327.9625]
[230, 443, 328.0]
[230, 442, 328.04]
[230, 441, 328.09]
[230, 440, 328.155]
[230, 439, 328.2375]
[230, 438, 328.3225]
[230, 437, 328.3775]
[230, 436, 328.4825]
[230, 435, 328.55]
[230, 434, 328.635]
[230, 433, 328.73]
[230, 432, 328.7975]
[230, 431, 328.845]
[230, 430, 328.8875]
[230, 429, 328.87]
[230, 428, 328.7706]
[230, 427, 328.575]
[230, 426, 328.4125]
[230, 425, 328.415]
[230, 424, 328.4981]
[230, 423, 328.1577]
[230, 422, 327.3809]
[230, 421, 327.2452]
[230, 420, 327.4764]
[230, 419, 327.8231]
[230, 418, 328.117]
[230, 417, 328.2385]
[230, 416, 328.6248]
[230, 415, 328.805]
[230, 414, 329.0366]
[230, 413, 329.2683]
[230, 412, 329.2657]
[230, 411, 329.191]
[230, 410, 329.0554]
[230, 409, 328.8779]
[230, 408, 328.7343]
[230, 407, 328.4336]
[230, 406, 328.6278]
[230, 405, 328.9864]
[230, 404, 329.2381]
[230, 403, 329.5113]
[230, 402, 329.6811]
[230, 401, 329.8133]
[230, 400, 330.008]
[230, 399, 330.0379]
[230, 398, 329.8287]
[230, 397, 329.6436]
[230, 396, 329.6524]
[230, 395, 329.8188]
[230, 394, 330.0787]
[230, 393, 330.3152]
[230, 392, 330.2594]
[230, 391, 330.4954]
[230, 390, 331.0491]
[230, 389, 331.7033]
[230, 388, 332.6832]
[230, 387, 333.365]
[230, 386, 333.475]
[230, 385, 333.5814]
[230, 384, 333.8962]
[230, 383, 334.0239]
[230, 382, 334.0394]
[230, 381, 334.3588]
[230, 380, 334.5469]
[230, 379, 334.8817]
[230, 378, 335.4571]
[230, 377, 336.0853]
[230, 376, 336.4362]
[230, 375, 336.6561]
[230, 374, 336.8912]
[230, 373, 337.2053]
[230, 372, 337.5542]
[230, 371, 337.8883]
[230, 370, 337.9975]
[230, 369, 338.1208]
[230, 368, 338.2475]
[230, 367, 338.4325]
[230, 366, 338.6575]
[230, 365, 338.8]
[230, 364, 338.97]
[230, 363, 339.2275]
[230, 362, 339.455]
[230, 361, 339.7275]
[230, 360, 340.0175]
[230, 359, 340.2435]
[230, 358, 340.1375]
[230, 357, 340.015]
[230, 356, 340.11]
[230, 355, 340.395]
[230, 354, 340.7575]
[230, 353, 341.085]
[230, 352, 341.3325]
[230, 351, 341.5575]
[230, 350, 341.76]
[230, 349, 341.9625]
[230, 348, 342.1517]
[230, 347, 342.3027]
[230, 346, 342.4541]
[230, 345, 342.6248]
[230, 344, 342.7946]
[230, 343, 342.956]
[230, 342, 343.153]
[230, 341, 343.3358]
[230, 340, 343.5196]
[230, 339, 343.7334]
[230, 338, 343.9533]
[230, 337, 344.1374]
[230, 336, 344.3171]
[230, 335, 344.4311]
[230, 334, 344.5968]
[230, 333, 344.7225]
[230, 332, 344.8625]
[230, 331, 345.0625]
[230, 330, 345.2325]
[230, 329, 345.3275]
[230, 328, 345.4125]
[230, 327, 345.4775]
[230, 326, 345.6025]
[230, 325, 345.7725]
[230, 324, 345.8925]
[230, 323, 345.9675]
[230, 322, 346.095]
[230, 321, 346.2025]
[230, 320, 346.315]
[230, 319, 346.4725]
[230, 318, 346.57]
[230, 317, 346.6925]
[230, 316, 346.7675]
[230, 315, 346.8525]
[230, 314, 346.8925]
[230, 313, 346.9425]
[230, 312, 347.005]
[230, 311, 346.975]
[230, 310, 347.02]
[230, 309, 347.105]
[230, 308, 347.2675]
[230, 307, 347.325]
[230, 306, 346.9525]
[230, 305, 345.7675]
[230, 304, 344.71]
[230, 303, 344.3975]
[230, 302, 344.38]
[230, 301, 344.47]
[230, 300, 344.5475]
[230, 299, 344.785]
[230, 298, 344.945]
[230, 297, 345.0675]
[230, 296, 345.4825]
[230, 295, 345.66]
[230, 294, 345.8225]
[230, 293, 346.03]
[230, 292, 346.3175]
[230, 291, 346.5525]
[230, 290, 346.3275]
[230, 289, 346.225]
[230, 288, 346.0975]
[230, 287, 346.05]
[230, 286, 346.5075]
[230, 285, 346.9375]
[230, 284, 347.485]
[230, 283, 347.6675]
[230, 282, 347.7575]
[230, 281, 347.845]
[230, 280, 348.03]
[230, 279, 348.3825]
[230, 278, 348.7475]
[230, 277, 349.0625]
[230, 276, 349.4]
[230, 275, 349.8675]
[230, 274, 350.145]
[230, 273, 350.6]
[230, 272, 351.1175]
[230, 271, 351.6475]
[230, 270, 352.1375]
[230, 269, 352.595]
[230, 268, 352.65]
[230, 267, 352.66]
[230, 266, 352.7575]
[230, 265, 352.8525]
[230, 264, 353.2525]
[230, 263, 353.5575]
[230, 262, 354.2425]
[230, 261, 355.2575]
[230, 260, 356.025]
[230, 259, 356.6925]
[230, 258, 357.345]
[230, 257, 357.9825]
[230, 256, 358.46]
[230, 255, 358.7825]
[230, 254, 358.99]
[230, 253, 359.14]
[230, 252, 359.385]
[230, 251, 359.6425]
[230, 250, 359.9025]
[230, 249, 360.17]
[230, 248, 360.4575]
[230, 247, 360.7325]
[230, 246, 361.02]
[230, 245, 361.3175]
[230, 244, 361.61]
[230, 243, 361.935]
[230, 242, 362.255]
[230, 241, 362.565]
[230, 240, 362.9]
[230, 239, 363.235]
[230, 238, 363.5725]
[230, 237, 363.93]
[230, 236, 364.2775]
[230, 235, 364.6275]
[230, 234, 364.9575]
[230, 233, 365.31]
[230, 232, 365.625]
[230, 231, 365.93]
[230, 230, 366.25]
[230, 229, 366.555]
[230, 228, 366.8725]
[230, 227, 367.1875]
[230, 226, 367.5]
[230, 225, 367.765]
[230, 224, 368.0925]
[230, 223, 368.3975]
[230, 222, 368.71]
[230, 221, 369.065]
[230, 220, 369.415]
[230, 219, 369.74]
[230, 218, 370.1125]
[230, 217, 370.5]
[230, 216, 370.835]
[230, 215, 371.12]
[230, 214, 371.43]
[230, 213, 371.765]
[230, 212, 372.1325]
[230, 211, 372.49]
[230, 210, 372.8525]
[230, 209, 373.205]
[230, 208, 373.555]
[230, 207, 373.9225]
[230, 206, 374.315]
[230, 205, 374.6625]
[230, 204, 375.02]
[230, 203, 375.3625]
[230, 202, 375.725]
[230, 201, 376.075]
[230, 200, 376.43]
[230, 199, 376.7825]
[230, 198, 377.1475]
[230, 197, 377.53]
[230, 196, 377.955]
[230, 195, 378.37]
[230, 194, 378.74]
[230, 193, 379.125]
[230, 192, 379.51]
[230, 191, 379.8875]
[230, 190, 380.26]
[230, 189, 380.6225]
[230, 188, 380.9825]
[230, 187, 381.34]
[230, 186, 381.675]
[230, 185, 382.0475]
[230, 184, 382.3925]
[230, 183, 382.775]
[230, 182, 383.1425]
[230, 181, 383.5325]
[230, 180, 383.9125]
[230, 179, 384.235]
[230, 178, 384.615]
[230, 177, 384.885]
[230, 176, 385.3075]
[230, 175, 385.305]
[230, 174, 384.78]
[230, 173, 384.2775]
[230, 172, 383.9125]
[230, 171, 383.83]
[230, 170, 384.07]
[230, 169, 384.36]
[230, 168, 385.44]
[230, 167, 386.825]
[230, 166, 387.9175]
[230, 165, 388.615]
[230, 164, 388.8925]
[230, 163, 389.17]
[230, 162, 389.43]
[230, 161, 389.7175]
[230, 160, 389.9925]
[230, 159, 390.3225]
[230, 158, 390.75]
[230, 157, 391.0575]
[230, 156, 391.11]
[230, 155, 391.225]
[230, 154, 391.415]
[230, 153, 391.42]
[230, 152, 391.59]
[230, 151, 391.6775]
[230, 150, 391.7725]
[230, 149, 392.0725]
[230, 148, 392.3275]
[230, 147, 392.6175]
[230, 146, 392.9425]
[230, 145, 393.1925]
[230, 144, 393.3525]
[230, 143, 393.6475]
[230, 142, 393.955]
[230, 141, 394.205]
[230, 140, 394.4725]
[230, 139, 394.795]
[230, 138, 395.175]
[230, 137, 395.6475]
[230, 136, 395.9625]
[230, 135, 396.355]
[230, 134, 396.6625]
[230, 133, 396.975]
[230, 132, 397.55]
[230, 131, 397.935]
[230, 130, 398.105]
[230, 129, 398.2775]
[230, 128, 398.4425]
[230, 127, 398.7425]
[230, 126, 398.8825]
[230, 125, 398.91]
[230, 124, 399.1175]
[230, 123, 399.51]
[230, 122, 399.8975]
[230, 121, 400.1575]
[230, 120, 400.34]
[230, 119, 400.5625]
[230, 118, 400.735]
[230, 117, 400.8875]
[230, 116, 401.0975]
[230, 115, 401.4225]
[230, 114, 401.555]
[230, 113, 401.705]
[230, 112, 401.965]
[230, 111, 402.26]
[230, 110, 402.4875]
[230, 109, 402.7975]
[230, 108, 403.1075]
[230, 107, 403.375]
[230, 106, 403.62]
[230, 105, 403.76]
[230, 104, 403.9525]
[230, 103, 404.0875]
[230, 102, 404.315]
[230, 101, 404.535]
[230, 100, 404.76]
[230, 99, 404.935]
[230, 98, 405.0675]
[230, 97, 405.2275]
[230, 96, 405.4475]
[230, 95, 405.695]
[230, 94, 405.81]
[230, 93, 405.895]
[230, 92, 405.9425]
[230, 91, 406.0625]
[230, 90, 406.2875]
[230, 89, 406.3275]
[230, 88, 406.465]
[230, 87, 406.595]
[230, 86, 406.905]
[230, 85, 407.19]
[230, 84, 407.695]
[230, 83, 408.0425]
[230, 82, 408.25]
[230, 81, 408.4375]
[230, 80, 408.445]
[230, 79, 408.535]
[230, 78, 408.9725]
[230, 77, 409.32]
[230, 76, 409.6625]
[230, 75, 410.02]
[230, 74, 410.145]
[230, 73, 410.345]
[230, 72, 410.73]
[230, 71, 411.1025]
[230, 70, 411.21]
[230, 69, 411.6275]
[230, 68, 412.05]
[230, 67, 412.7425]
[230, 66, 413.335]
[230, 65, 413.635]
[230, 64, 413.895]
[230, 63, 414.21]
[230, 62, 414.495]
[230, 61, 414.74]
[230, 60, 414.97]
[230, 59, 415.1975]
[230, 58, 415.4625]
[230, 57, 415.7275]
[230, 56, 415.98]
[230, 55, 416.2575]
[230, 54, 416.48]
[230, 53, 416.7]
[230, 52, 416.925]
[230, 51, 417.1375]
[230, 50, 417.345]
[230, 49, 417.5725]
[230, 48, 417.8125]
[230, 47, 418.085]
[230, 46, 418.3475]
[230, 45, 418.6425]
[230, 44, 418.91]
[230, 43, 419.1775]
[230, 42, 419.375]
[230, 41, 419.6175]
[230, 40, 419.9]
[230, 39, 420.17]
[230, 38, 420.395]
[230, 37, 420.6625]
[230, 36, 420.8725]
[230, 35, 421.1375]
[230, 34, 421.39]
[230, 33, 421.6625]
[230, 32, 421.92]
[230, 31, 422.1775]
[230, 30, 422.3575]
[230, 29, 422.0125]
[230, 28, 421.3875]
[230, 27, 421.875]
[230, 26, 423.1]
[230, 25, 423.685]
[230, 24, 423.89]
[230, 23, 424.1825]
[230, 22, 424.4075]
[230, 21, 424.7025]
[230, 20, 424.9725]
[230, 19, 425.24]
[230, 18, 425.5275]
[230, 17, 425.865]
[230, 16, 426.2525]
[230, 15, 426.48]
[230, 14, 426.765]
[230, 13, 427.035]
[230, 12, 427.3375]
[230, 11, 427.6775]
[230, 10, 427.9675]
[230, 9, 428.3125]
[230, 8, 428.6075]
[230, 7, 428.925]
[230, 6, 429.2275]
[230, 5, 429.4975]
[230, 4, 429.7875]
[230, 3, 430.095]
[230, 2, 430.4075]
[230, 1, 430.77]
[230, 0, 431.185]
[240, 0, 424.8475]
[240, 1, 424.62]
[240, 2, 424.41]
[240, 3, 424.195]
[240, 4, 423.895]
[240, 5, 423.665]
[240, 6, 423.3925]
[240, 7, 423.175]
[240, 8, 422.9425]
[240, 9, 422.74]
[240, 10, 422.53]
[240, 11, 422.3025]
[240, 12, 422.0875]
[240, 13, 421.8375]
[240, 14, 421.565]
[240, 15, 421.275]
[240, 16, 420.965]
[240, 17, 420.68]
[240, 18, 420.3775]
[240, 19, 420.0425]
[240, 20, 419.7125]
[240, 21, 419.3975]
[240, 22, 419.0825]
[240, 23, 418.82]
[240, 24, 418.585]
[240, 25, 418.3825]
[240, 26, 418.145]
[240, 27, 417.89]
[240, 28, 416.925]
[240, 29, 415.9075]
[240, 30, 415.785]
[240, 31, 416.2975]
[240, 32, 416.9375]
[240, 33, 416.8]
[240, 34, 416.485]
[240, 35, 416.29]
[240, 36, 416.06]
[240, 37, 415.82]
[240, 38, 415.6275]
[240, 39, 415.43]
[240, 40, 415.195]
[240, 41, 414.9975]
[240, 42, 414.8075]
[240, 43, 414.6525]
[240, 44, 414.42]
[240, 45, 414.265]
[240, 46, 414.13]
[240, 47, 413.9475]
[240, 48, 413.755]
[240, 49, 413.605]
[240, 50, 413.4825]
[240, 51, 413.3625]
[240, 52, 413.1925]
[240, 53, 413.07]
[240, 54, 412.88]
[240, 55, 412.7075]
[240, 56, 412.5825]
[240, 57, 412.4125]
[240, 58, 412.2825]
[240, 59, 412.1275]
[240, 60, 411.99]
[240, 61, 411.8175]
[240, 62, 411.63]
[240, 63, 411.425]
[240, 64, 411.205]
[240, 65, 411.0075]
[240, 66, 410.7825]
[240, 67, 410.56]
[240, 68, 410.345]
[240, 69, 410.0925]
[240, 70, 409.8625]
[240, 71, 409.6325]
[240, 72, 409.3775]
[240, 73, 409.13]
[240, 74, 408.94]
[240, 75, 408.67]
[240, 76, 408.39]
[240, 77, 408.1025]
[240, 78, 407.82]
[240, 79, 407.5525]
[240, 80, 407.275]
[240, 81, 407.0725]
[240, 82, 406.92]
[240, 83, 406.805]
[240, 84, 406.64]
[240, 85, 406.4625]
[240, 86, 406.24]
[240, 87, 406.035]
[240, 88, 405.7925]
[240, 89, 405.51]
[240, 90, 405.3525]
[240, 91, 405.165]
[240, 92, 404.8]
[240, 93, 404.0975]
[240, 94, 403.3775]
[240, 95, 403.545]
[240, 96, 403.8825]
[240, 97, 403.86]
[240, 98, 403.7175]
[240, 99, 403.6625]
[240, 100, 403.5525]
[240, 101, 403.46]
[240, 102, 403.4075]
[240, 103, 403.3875]
[240, 104, 403.3375]
[240, 105, 403.265]
[240, 106, 403.175]
[240, 107, 403.0725]
[240, 108, 402.9275]
[240, 109, 402.7975]
[240, 110, 402.6275]
[240, 111, 402.4825]
[240, 112, 402.345]
[240, 113, 402.1925]
[240, 114, 402.0425]
[240, 115, 401.9025]
[240, 116, 401.735]
[240, 117, 401.5575]
[240, 118, 401.395]
[240, 119, 401.2]
[240, 120, 400.99]
[240, 121, 400.7425]
[240, 122, 400.515]
[240, 123, 400.3325]
[240, 124, 400.1625]
[240, 125, 399.98]
[240, 126, 399.8275]
[240, 127, 399.635]
[240, 128, 399.4175]
[240, 129, 399.1775]
[240, 130, 398.965]
[240, 131, 398.7475]
[240, 132, 398.5425]
[240, 133, 398.33]
[240, 134, 398.1125]
[240, 135, 397.915]
[240, 136, 397.7175]
[240, 137, 397.4925]
[240, 138, 397.27]
[240, 139, 397.095]
[240, 140, 396.9275]
[240, 141, 396.75]
[240, 142, 396.585]
[240, 143, 396.3075]
[240, 144, 395.8025]
[240, 145, 395.3075]
[240, 146, 394.975]
[240, 147, 394.4675]
[240, 148, 394.065]
[240, 149, 393.855]
[240, 150, 393.6425]
[240, 151, 393.4225]
[240, 152, 393.09]
[240, 153, 392.8225]
[240, 154, 392.5425]
[240, 155, 392.37]
[240, 156, 392.1475]
[240, 157, 392.1125]
[240, 158, 391.9175]
[240, 159, 391.6425]
[240, 160, 391.4175]
[240, 161, 391.335]
[240, 162, 391.0475]
[240, 163, 390.64]
[240, 164, 390.4025]
[240, 165, 390.07]
[240, 166, 389.7575]
[240, 167, 389.5175]
[240, 168, 389.09]
[240, 169, 388.7625]
[240, 170, 388.4375]
[240, 171, 388.065]
[240, 172, 387.5425]
[240, 173, 387.0775]
[240, 174, 386.63]
[240, 175, 386.125]
[240, 176, 385.8275]
[240, 177, 385.4975]
[240, 178, 385.1825]
[240, 179, 384.9075]
[240, 180, 384.67]
[240, 181, 384.48]
[240, 182, 384.35]
[240, 183, 384.0975]
[240, 184, 383.8725]
[240, 185, 383.705]
[240, 186, 383.5025]
[240, 187, 383.215]
[240, 188, 382.855]
[240, 189, 382.525]
[240, 190, 382.205]
[240, 191, 381.9075]
[240, 192, 381.5425]
[240, 193, 381.24]
[240, 194, 380.9475]
[240, 195, 380.605]
[240, 196, 380.275]
[240, 197, 379.8975]
[240, 198, 379.52]
[240, 199, 379.1775]
[240, 200, 378.8025]
[240, 201, 378.425]
[240, 202, 378.07]
[240, 203, 377.6825]
[240, 204, 377.3]
[240, 205, 376.93]
[240, 206, 376.5775]
[240, 207, 376.235]
[240, 208, 375.8675]
[240, 209, 375.46]
[240, 210, 375.09]
[240, 211, 374.7425]
[240, 212, 374.405]
[240, 213, 374.0525]
[240, 214, 373.7075]
[240, 215, 373.4025]
[240, 216, 373.0925]
[240, 217, 372.7925]
[240, 218, 372.47]
[240, 219, 372.15]
[240, 220, 371.83]
[240, 221, 371.5275]
[240, 222, 371.2375]
[240, 223, 370.9275]
[240, 224, 370.605]
[240, 225, 370.2525]
[240, 226, 369.91]
[240, 227, 369.58]
[240, 228, 369.2425]
[240, 229, 368.8925]
[240, 230, 368.545]
[240, 231, 368.2075]
[240, 232, 367.87]
[240, 233, 367.555]
[240, 234, 367.2275]
[240, 235, 366.9425]
[240, 236, 366.6425]
[240, 237, 366.39]
[240, 238, 366.1725]
[240, 239, 365.9625]
[240, 240, 365.7175]
[240, 241, 365.3225]
[240, 242, 364.5425]
[240, 243, 363.485]
[240, 244, 362.4025]
[240, 245, 361.4575]
[240, 246, 360.9825]
[240, 247, 360.8375]
[240, 248, 360.76]
[240, 249, 360.885]
[240, 250, 360.955]
[240, 251, 361.0225]
[240, 252, 361.0575]
[240, 253, 361.05]
[240, 254, 360.925]
[240, 255, 360.5975]
[240, 256, 360.295]
[240, 257, 359.9725]
[240, 258, 359.6575]
[240, 259, 359.3275]
[240, 260, 359.005]
[240, 261, 358.685]
[240, 262, 358.3475]
[240, 263, 358.0125]
[240, 264, 357.67]
[240, 265, 357.31]
[240, 266, 356.9875]
[240, 267, 356.66]
[240, 268, 356.365]
[240, 269, 356.1025]
[240, 270, 355.81]
[240, 271, 355.53]
[240, 272, 355.315]
[240, 273, 355.12]
[240, 274, 354.9525]
[240, 275, 354.7275]
[240, 276, 354.4925]
[240, 277, 354.25]
[240, 278, 353.82]
[240, 279, 353.365]
[240, 280, 352.8975]
[240, 281, 352.295]
[240, 282, 351.8525]
[240, 283, 351.235]
[240, 284, 350.6]
[240, 285, 350.1475]
[240, 286, 349.835]
[240, 287, 349.5675]
[240, 288, 349.2975]
[240, 289, 349.015]
[240, 290, 348.7725]
[240, 291, 348.575]
[240, 292, 348.295]
[240, 293, 347.99]
[240, 294, 347.7375]
[240, 295, 347.3875]
[240, 296, 346.995]
[240, 297, 346.7075]
[240, 298, 346.405]
[240, 299, 345.9075]
[240, 300, 345.1725]
[240, 301, 344.6475]
[240, 302, 344.3125]
[240, 303, 344.1425]
[240, 304, 343.85]
[240, 305, 343.12]
[240, 306, 342.83]
[240, 307, 343.16]
[240, 308, 343.755]
[240, 309, 343.9875]
[240, 310, 344.37]
[240, 311, 344.9525]
[240, 312, 345.03]
[240, 313, 345.095]
[240, 314, 345.0775]
[240, 315, 345.0625]
[240, 316, 344.965]
[240, 317, 344.88]
[240, 318, 344.745]
[240, 319, 344.6125]
[240, 320, 344.4425]
[240, 321, 344.34]
[240, 322, 344.3]
[240, 323, 344.2]
[240, 324, 344.09]
[240, 325, 343.96]
[240, 326, 343.805]
[240, 327, 343.665]
[240, 328, 343.535]
[240, 329, 343.42]
[240, 330, 343.3425]
[240, 331, 343.105]
[240, 332, 343.019]
[240, 333, 342.8764]
[240, 334, 342.6404]
[240, 335, 342.4195]
[240, 336, 342.1561]
[240, 337, 341.8614]
[240, 338, 341.5355]
[240, 339, 341.1938]
[240, 340, 340.9193]
[240, 341, 340.757]
[240, 342, 340.7083]
[240, 343, 340.6352]
[240, 344, 340.5095]
[240, 345, 340.3777]
[240, 346, 340.2223]
[240, 347, 340.06]
[240, 348, 339.9325]
[240, 349, 339.875]
[240, 350, 339.8448]
[240, 351, 339.7775]
[240, 352, 339.6549]
[240, 353, 339.4673]
[240, 354, 339.2744]
[240, 355, 339.1174]
[240, 356, 338.9069]
[240, 357, 338.649]
[240, 358, 338.3403]
[240, 359, 337.8333]
[240, 360, 337.3143]
[240, 361, 336.7725]
[240, 362, 336.2913]
[240, 363, 335.8848]
[240, 364, 335.565]
[240, 365, 335.2425]
[240, 366, 334.7659]
[240, 367, 334.4548]
[240, 368, 334.2575]
[240, 369, 334.005]
[240, 370, 333.7283]
[240, 371, 333.6199]
[240, 372, 333.625]
[240, 373, 333.5939]
[240, 374, 333.69]
[240, 375, 333.6]
[240, 376, 333.46]
[240, 377, 333.251]
[240, 378, 332.9025]
[240, 379, 332.4685]
[240, 380, 332.3825]
[240, 381, 332.2647]
[240, 382, 332.1388]
[240, 383, 332.0646]
[240, 384, 331.7879]
[240, 385, 331.575]
[240, 386, 331.495]
[240, 387, 331.4903]
[240, 388, 331.8383]
[240, 389, 332.6828]
[240, 390, 333.2063]
[240, 391, 333.255]
[240, 392, 333.1575]
[240, 393, 333.035]
[240, 394, 332.945]
[240, 395, 332.8725]
[240, 396, 332.77]
[240, 397, 332.69]
[240, 398, 332.5875]
[240, 399, 332.5025]
[240, 400, 332.4425]
[240, 401, 332.355]
[240, 402, 332.245]
[240, 403, 332.1375]
[240, 404, 332.0575]
[240, 405, 331.95]
[240, 406, 331.8325]
[240, 407, 331.755]
[240, 408, 331.64]
[240, 409, 331.5675]
[240, 410, 331.485]
[240, 411, 331.395]
[240, 412, 331.2925]
[240, 413, 331.2275]
[240, 414, 331.1525]
[240, 415, 331.08]
[240, 416, 331.0875]
[240, 417, 331.1925]
[240, 418, 331.1322]
[240, 419, 330.6651]
[240, 420, 329.9664]
[240, 421, 329.1778]
[240, 422, 328.5625]
[240, 423, 328.2025]
[240, 424, 328.065]
[240, 425, 327.94]
[240, 426, 327.8475]
[240, 427, 327.735]
[240, 428, 327.6]
[240, 429, 327.4575]
[240, 430, 327.34]
[240, 431, 327.2525]
[240, 432, 327.14]
[240, 433, 327.0325]
[240, 434, 327.0432]
[240, 435, 326.9858]
[240, 436, 326.885]
[240, 437, 326.82]
[240, 438, 326.785]
[240, 439, 326.6775]
[240, 440, 326.6325]
[240, 441, 326.595]
[240, 442, 326.5725]
[240, 443, 326.5625]
[240, 444, 326.5725]
[240, 445, 326.5]
[240, 446, 326.4225]
[240, 447, 326.4475]
[240, 448, 326.525]
[240, 449, 326.595]
[240, 450, 326.63]
[240, 451, 326.6375]
[240, 452, 326.615]
[240, 453, 326.5925]
[240, 454, 326.5775]
[240, 455, 326.5375]
[240, 456, 326.5275]
[240, 457, 326.4925]
[240, 458, 326.4475]
[240, 459, 326.415]
[240, 460, 326.3925]
[240, 461, 326.3675]
[240, 462, 326.3225]
[240, 463, 326.2525]
[240, 464, 326.1575]
[240, 465, 326.11]
[240, 466, 326.0375]
[240, 467, 325.9725]
[240, 468, 325.87]
[240, 469, 325.7675]
[240, 470, 325.6625]
[240, 471, 325.5475]
[240, 472, 325.4825]
[240, 473, 325.405]
[240, 474, 325.31]
[240, 475, 325.22]
[240, 476, 325.12]
[240, 477, 325.005]
[240, 478, 324.9]
[240, 479, 324.82]
[240, 480, 324.7625]
[240, 481, 324.675]
[240, 482, 324.5975]
[240, 483, 324.4925]
[240, 484, 324.345]
[240, 485, 324.2325]
[240, 486, 324.125]
[240, 487, 324.045]
[240, 488, 323.9725]
[240, 489, 323.88]
[240, 490, 323.775]
[240, 491, 323.665]
[240, 492, 323.6275]
[240, 493, 323.625]
[240, 494, 323.575]
[240, 495, 323.565]
[240, 496, 323.5398]
[240, 497, 323.4927]
[240, 498, 323.4046]
[240, 499, 323.1509]
[250, 499, 318.0275]
[250, 498, 318.0675]
[250, 497, 318.21]
[250, 496, 318.3325]
[250, 495, 318.4588]
[250, 494, 318.3709]
[250, 493, 318.4567]
[250, 492, 318.375]
[250, 491, 318.48]
[250, 490, 318.6]
[250, 489, 319.1649]
[250, 488, 320.6313]
[250, 487, 322.2156]
[250, 486, 323.4594]
[250, 485, 324.1781]
[250, 484, 324.44]
[250, 483, 324.5074]
[250, 482, 324.8255]
[250, 481, 325.2262]
[250, 480, 325.3387]
[250, 479, 325.4225]
[250, 478, 325.445]
[250, 477, 325.505]
[250, 476, 325.565]
[250, 475, 325.6275]
[250, 474, 325.6575]
[250, 473, 325.7225]
[250, 472, 325.795]
[250, 471, 325.8575]
[250, 470, 325.9775]
[250, 469, 326.07]
[250, 468, 326.1975]
[250, 467, 326.28]
[250, 466, 326.3675]
[250, 465, 326.4875]
[250, 464, 326.59]
[250, 463, 326.72]
[250, 462, 326.77]
[250, 461, 326.835]
[250, 460, 326.9325]
[250, 459, 327.045]
[250, 458, 327.1375]
[250, 457, 327.2575]
[250, 456, 327.41]
[250, 455, 327.545]
[250, 454, 327.675]
[250, 453, 327.7925]
[250, 452, 327.8625]
[250, 451, 327.91]
[250, 450, 327.9525]
[250, 449, 328.065]
[250, 448, 328.185]
[250, 447, 328.3425]
[250, 446, 328.5587]
[250, 445, 328.765]
[250, 444, 328.8025]
[250, 443, 328.745]
[250, 442, 328.71]
[250, 441, 328.7375]
[250, 440, 328.7525]
[250, 439, 328.8175]
[250, 438, 328.8975]
[250, 437, 328.945]
[250, 436, 328.995]
[250, 435, 329.055]
[250, 434, 329.0875]
[250, 433, 329.125]
[250, 432, 329.2175]
[250, 431, 329.325]
[250, 430, 329.4275]
[250, 429, 329.615]
[250, 428, 329.785]
[250, 427, 329.965]
[250, 426, 330.13]
[250, 425, 330.3075]
[250, 424, 330.4675]
[250, 423, 330.6325]
[250, 422, 330.8]
[250, 421, 330.9475]
[250, 420, 331.1625]
[250, 419, 331.3175]
[250, 418, 331.505]
[250, 417, 331.7]
[250, 416, 331.8775]
[250, 415, 332.0375]
[250, 414, 332.19]
[250, 413, 332.34]
[250, 412, 332.4625]
[250, 411, 332.5875]
[250, 410, 332.7225]
[250, 409, 332.8375]
[250, 408, 332.99]
[250, 407, 333.0975]
[250, 406, 333.2075]
[250, 405, 333.275]
[250, 404, 333.385]
[250, 403, 333.4925]
[250, 402, 333.5825]
[250, 401, 333.6525]
[250, 400, 333.7925]
[250, 399, 333.8675]
[250, 398, 333.915]
[250, 397, 334.03]
[250, 396, 334.125]
[250, 395, 334.205]
[250, 394, 334.295]
[250, 393, 334.3825]
[250, 392, 334.4275]
[250, 391, 334.49]
[250, 390, 334.5675]
[250, 389, 334.64]
[250, 388, 334.685]
[250, 387, 334.76]
[250, 386, 334.8575]
[250, 385, 334.9025]
[250, 384, 334.9825]
[250, 383, 335.055]
[250, 382, 335.13]
[250, 381, 335.2075]
[250, 380, 335.305]
[250, 379, 335.405]
[250, 378, 335.5225]
[250, 377, 335.6475]
[250, 376, 335.79]
[250, 375, 335.945]
[250, 374, 336.0825]
[250, 373, 336.2025]
[250, 372, 336.3425]
[250, 371, 336.475]
[250, 370, 336.5575]
[250, 369, 336.6625]
[250, 368, 336.7225]
[250, 367, 336.79]
[250, 366, 336.81]
[250, 365, 336.7658]
[250, 364, 336.675]
[250, 363, 336.6511]
[250, 362, 336.5482]
[250, 361, 336.3373]
[250, 360, 335.6615]
[250, 359, 335.1796]
[250, 358, 334.9445]
[250, 357, 335.0]
[250, 356, 335.06]
[250, 355, 335.2275]
[250, 354, 335.4853]
[250, 353, 335.6487]
[250, 352, 335.8277]
[250, 351, 336.105]
[250, 350, 336.335]
[250, 349, 336.4995]
[250, 348, 336.896]
[250, 347, 337.7697]
[250, 346, 338.5938]
[250, 345, 338.5793]
[250, 344, 338.2157]
[250, 343, 337.9957]
[250, 342, 337.8152]
[250, 341, 337.8232]
[250, 340, 338.0214]
[250, 339, 338.0535]
[250, 338, 338.2953]
[250, 337, 338.5654]
[250, 336, 338.7729]
[250, 335, 339.0304]
[250, 334, 339.268]
[250, 333, 339.359]
[250, 332, 339.492]
[250, 331, 339.6414]
[250, 330, 339.905]
[250, 329, 340.28]
[250, 328, 340.6875]
[250, 327, 340.95]
[250, 326, 341.0075]
[250, 325, 341.255]
[250, 324, 341.575]
[250, 323, 341.8475]
[250, 322, 341.9975]
[250, 321, 341.8375]
[250, 320, 341.6425]
[250, 319, 341.3525]
[250, 318, 341.345]
[250, 317, 341.3875]
[250, 316, 341.5175]
[250, 315, 341.5075]
[250, 314, 341.545]
[250, 313, 341.5175]
[250, 312, 341.4275]
[250, 311, 341.545]
[250, 310, 341.805]
[250, 309, 342.295]
[250, 308, 342.875]
[250, 307, 343.8225]
[250, 306, 344.6]
[250, 305, 345.2475]
[250, 304, 345.6]
[250, 303, 345.84]
[250, 302, 346.125]
[250, 301, 346.4525]
[250, 300, 346.8475]
[250, 299, 347.3775]
[250, 298, 348.075]
[250, 297, 348.8425]
[250, 296, 349.49]
[250, 295, 350.1975]
[250, 294, 350.6325]
[250, 293, 351.045]
[250, 292, 351.405]
[250, 291, 351.695]
[250, 290, 352.0]
[250, 289, 352.34]
[250, 288, 352.755]
[250, 287, 353.1325]
[250, 286, 353.535]
[250, 285, 353.7975]
[250, 284, 354.075]
[250, 283, 354.335]
[250, 282, 354.5825]
[250, 281, 354.8575]
[250, 280, 355.1575]
[250, 279, 355.445]
[250, 278, 355.75]
[250, 277, 356.0775]
[250, 276, 356.3875]
[250, 275, 356.69]
[250, 274, 357.0075]
[250, 273, 357.2875]
[250, 272, 357.6125]
[250, 271, 357.8875]
[250, 270, 358.1475]
[250, 269, 358.415]
[250, 268, 358.745]
[250, 267, 359.06]
[250, 266, 359.3425]
[250, 265, 359.67]
[250, 264, 359.9925]
[250, 263, 360.315]
[250, 262, 360.645]
[250, 261, 361.01]
[250, 260, 361.3325]
[250, 259, 361.6775]
[250, 258, 362.04]
[250, 257, 362.4175]
[250, 256, 362.78]
[250, 255, 363.1325]
[250, 254, 363.485]
[250, 253, 363.8275]
[250, 252, 364.18]
[250, 251, 364.5075]
[250, 250, 364.845]
[250, 249, 365.16]
[250, 248, 365.51]
[250, 247, 365.805]
[250, 246, 366.055]
[250, 245, 366.3425]
[250, 244, 366.5325]
[250, 243, 366.775]
[250, 242, 367.01]
[250, 241, 367.2325]
[250, 240, 367.515]
[250, 239, 367.885]
[250, 238, 368.255]
[250, 237, 368.425]
[250, 236, 368.42]
[250, 235, 368.21]
[250, 234, 368.07]
[250, 233, 367.9275]
[250, 232, 367.895]
[250, 231, 368.0325]
[250, 230, 368.6375]
[250, 229, 369.88]
[250, 228, 371.1175]
[250, 227, 371.9625]
[250, 226, 372.215]
[250, 225, 372.3375]
[250, 224, 372.4525]
[250, 223, 372.68]
[250, 222, 373.0525]
[250, 221, 373.3775]
[250, 220, 373.6275]
[250, 219, 373.855]
[250, 218, 374.095]
[250, 217, 374.3525]
[250, 216, 374.635]
[250, 215, 374.895]
[250, 214, 375.1875]
[250, 213, 375.48]
[250, 212, 375.6675]
[250, 211, 375.93]
[250, 210, 376.245]
[250, 209, 376.66]
[250, 208, 377.045]
[250, 207, 377.4425]
[250, 206, 377.79]
[250, 205, 377.91]
[250, 204, 377.8325]
[250, 203, 377.975]
[250, 202, 378.245]
[250, 201, 378.4225]
[250, 200, 378.9525]
[250, 199, 379.6775]
[250, 198, 380.125]
[250, 197, 380.4825]
[250, 196, 380.8925]
[250, 195, 381.28]
[250, 194, 381.8575]
[250, 193, 382.3375]
[250, 192, 382.635]
[250, 191, 383.0675]
[250, 190, 383.35]
[250, 189, 383.54]
[250, 188, 383.8225]
[250, 187, 384.17]
[250, 186, 384.4975]
[250, 185, 384.655]
[250, 184, 384.9025]
[250, 183, 385.2375]
[250, 182, 385.8725]
[250, 181, 386.265]
[250, 180, 386.6025]
[250, 179, 386.96]
[250, 178, 387.2675]
[250, 177, 387.525]
[250, 176, 387.795]
[250, 175, 388.08]
[250, 174, 388.335]
[250, 173, 388.605]
[250, 172, 388.9025]
[250, 171, 389.185]
[250, 170, 389.4775]
[250, 169, 389.76]
[250, 168, 390.0275]
[250, 167, 390.295]
[250, 166, 390.555]
[250, 165, 390.7925]
[250, 164, 391.0175]
[250, 163, 391.225]
[250, 162, 391.455]
[250, 161, 391.6425]
[250, 160, 391.8675]
[250, 159, 392.0875]
[250, 158, 392.3425]
[250, 157, 392.64]
[250, 156, 392.88]
[250, 155, 393.005]
[250, 154, 393.2175]
[250, 153, 393.455]
[250, 152, 393.6825]
[250, 151, 393.8975]
[250, 150, 394.1175]
[250, 149, 394.3675]
[250, 148, 394.615]
[250, 147, 394.875]
[250, 146, 395.0675]
[250, 145, 395.2825]
[250, 144, 395.4875]
[250, 143, 395.6825]
[250, 142, 395.8725]
[250, 141, 396.0675]
[250, 140, 396.22]
[250, 139, 396.37]
[250, 138, 396.505]
[250, 137, 396.665]
[250, 136, 396.82]
[250, 135, 396.985]
[250, 134, 397.125]
[250, 133, 397.3125]
[250, 132, 397.485]
[250, 131, 397.6875]
[250, 130, 397.8825]
[250, 129, 398.1225]
[250, 128, 398.3575]
[250, 127, 398.55]
[250, 126, 398.7225]
[250, 125, 398.9075]
[250, 124, 399.0875]
[250, 123, 399.23]
[250, 122, 399.385]
[250, 121, 399.525]
[250, 120, 399.655]
[250, 119, 399.77]
[250, 118, 399.8425]
[250, 117, 399.94]
[250, 116, 400.0775]
[250, 115, 400.1875]
[250, 114, 400.3025]
[250, 113, 400.37]
[250, 112, 400.4375]
[250, 111, 400.495]
[250, 110, 400.555]
[250, 109, 400.61]
[250, 108, 400.655]
[250, 107, 400.725]
[250, 106, 400.78]
[250, 105, 400.8425]
[250, 104, 400.9025]
[250, 103, 400.9575]
[250, 102, 401.045]
[250, 101, 401.1125]
[250, 100, 401.1825]
[250, 99, 401.2625]
[250, 98, 401.25]
[250, 97, 400.57]
[250, 96, 400.14]
[250, 95, 400.6375]
[250, 94, 401.3775]
[250, 93, 401.5425]
[250, 92, 401.66]
[250, 91, 401.745]
[250, 90, 401.78]
[250, 89, 401.85]
[250, 88, 401.9275]
[250, 87, 402.0375]
[250, 86, 402.1075]
[250, 85, 402.225]
[250, 84, 402.36]
[250, 83, 402.48]
[250, 82, 402.6075]
[250, 81, 402.775]
[250, 80, 402.9425]
[250, 79, 403.11]
[250, 78, 403.2975]
[250, 77, 403.445]
[250, 76, 403.6125]
[250, 75, 403.7925]
[250, 74, 403.9325]
[250, 73, 404.065]
[250, 72, 404.1975]
[250, 71, 404.3425]
[250, 70, 404.4525]
[250, 69, 404.5775]
[250, 68, 404.7425]
[250, 67, 404.8425]
[250, 66, 404.9925]
[250, 65, 405.17]
[250, 64, 405.345]
[250, 63, 405.5]
[250, 62, 405.6775]
[250, 61, 405.8575]
[250, 60, 405.995]
[250, 59, 406.1475]
[250, 58, 406.295]
[250, 57, 406.43]
[250, 56, 406.5775]
[250, 55, 406.7325]
[250, 54, 406.8925]
[250, 53, 406.99]
[250, 52, 407.1075]
[250, 51, 407.2525]
[250, 50, 407.3625]
[250, 49, 407.52]
[250, 48, 407.6425]
[250, 47, 407.7875]
[250, 46, 407.9375]
[250, 45, 408.13]
[250, 44, 408.3475]
[250, 43, 408.555]
[250, 42, 408.7625]
[250, 41, 408.9325]
[250, 40, 409.0975]
[250, 39, 409.2875]
[250, 38, 409.52]
[250, 37, 409.74]
[250, 36, 410.0025]
[250, 35, 410.265]
[250, 34, 410.235]
[250, 33, 409.685]
[250, 32, 409.1475]
[250, 31, 409.415]
[250, 30, 410.3]
[250, 29, 411.1275]
[250, 28, 411.4225]
[250, 27, 411.66]
[250, 26, 411.955]
[250, 25, 412.235]
[250, 24, 412.5225]
[250, 23, 412.76]
[250, 22, 413.0425]
[250, 21, 413.305]
[250, 20, 413.5875]
[250, 19, 413.8525]
[250, 18, 414.17]
[250, 17, 414.525]
[250, 16, 414.8525]
[250, 15, 415.19]
[250, 14, 415.49]
[250, 13, 415.815]
[250, 12, 416.0675]
[250, 11, 416.335]
[250, 10, 416.6075]
[250, 9, 416.9275]
[250, 8, 417.175]
[250, 7, 417.4275]
[250, 6, 417.645]
[250, 5, 417.8575]
[250, 4, 418.095]
[250, 3, 418.3625]
[250, 2, 418.59]
[250, 1, 418.835]
[250, 0, 419.0975]
[260, 0, 414.2975]
[260, 1, 414.09]
[260, 2, 413.9175]
[260, 3, 413.735]
[260, 4, 413.495]
[260, 5, 413.285]
[260, 6, 413.0425]
[260, 7, 412.7425]
[260, 8, 412.4425]
[260, 9, 412.135]
[260, 10, 411.77]
[260, 11, 411.4]
[260, 12, 410.95]
[260, 13, 410.5275]
[260, 14, 410.1725]
[260, 15, 409.87]
[260, 16, 409.5625]
[260, 17, 409.1975]
[260, 18, 408.8475]
[260, 19, 408.525]
[260, 20, 408.225]
[260, 21, 407.925]
[260, 22, 407.5425]
[260, 23, 407.14]
[260, 24, 406.7775]
[260, 25, 406.4775]
[260, 26, 406.235]
[260, 27, 405.98]
[260, 28, 405.7]
[260, 29, 405.495]
[260, 30, 405.3225]
[260, 31, 405.235]
[260, 32, 404.705]
[260, 33, 403.7175]
[260, 34, 403.1575]
[260, 35, 402.835]
[260, 36, 402.9725]
[260, 37, 403.4875]
[260, 38, 403.9325]
[260, 39, 404.04]
[260, 40, 403.9725]
[260, 41, 403.875]
[260, 42, 403.6775]
[260, 43, 403.48]
[260, 44, 403.275]
[260, 45, 403.1125]
[260, 46, 402.925]
[260, 47, 402.76]
[260, 48, 402.5475]
[260, 49, 402.32]
[260, 50, 402.1175]
[260, 51, 401.8525]
[260, 52, 401.62]
[260, 53, 401.3175]
[260, 54, 401.0675]
[260, 55, 400.8225]
[260, 56, 400.6375]
[260, 57, 400.525]
[260, 58, 400.395]
[260, 59, 400.2525]
[260, 60, 400.1325]
[260, 61, 399.975]
[260, 62, 399.8275]
[260, 63, 399.6975]
[260, 64, 399.53]
[260, 65, 399.3525]
[260, 66, 399.21]
[260, 67, 399.115]
[260, 68, 399.0175]
[260, 69, 398.92]
[260, 70, 398.7525]
[260, 71, 398.46]
[260, 72, 398.205]
[260, 73, 398.2]
[260, 74, 398.1675]
[260, 75, 398.205]
[260, 76, 398.23]
[260, 77, 398.2625]
[260, 78, 398.205]
[260, 79, 398.185]
[260, 80, 398.1275]
[260, 81, 398.075]
[260, 82, 398.025]
[260, 83, 397.9775]
[260, 84, 397.935]
[260, 85, 397.9025]
[260, 86, 397.87]
[260, 87, 397.8825]
[260, 88, 397.85]
[260, 89, 397.86]
[260, 90, 397.845]
[260, 91, 397.8475]
[260, 92, 397.8675]
[260, 93, 397.8425]
[260, 94, 397.7175]
[260, 95, 397.1225]
[260, 96, 395.9075]
[260, 97, 395.035]
[260, 98, 395.4375]
[260, 99, 396.4425]
[260, 100, 397.28]
[260, 101, 397.6]
[260, 102, 397.7375]
[260, 103, 397.6425]
[260, 104, 397.585]
[260, 105, 397.5525]
[260, 106, 397.525]
[260, 107, 397.5125]
[260, 108, 397.4575]
[260, 109, 397.3925]
[260, 110, 397.3525]
[260, 111, 397.3275]
[260, 112, 397.2975]
[260, 113, 397.26]
[260, 114, 397.245]
[260, 115, 397.1925]
[260, 116, 397.115]
[260, 117, 397.0]
[260, 118, 396.8875]
[260, 119, 396.725]
[260, 120, 396.5825]
[260, 121, 396.3975]
[260, 122, 396.225]
[260, 123, 396.0575]
[260, 124, 395.8825]
[260, 125, 395.7075]
[260, 126, 395.5225]
[260, 127, 395.345]
[260, 128, 395.1675]
[260, 129, 394.985]
[260, 130, 394.81]
[260, 131, 394.655]
[260, 132, 394.4675]
[260, 133, 394.315]
[260, 134, 394.15]
[260, 135, 394.0]
[260, 136, 393.8525]
[260, 137, 393.7225]
[260, 138, 393.59]
[260, 139, 393.465]
[260, 140, 393.335]
[260, 141, 393.1825]
[260, 142, 393.03]
[260, 143, 392.8975]
[260, 144, 392.7]
[260, 145, 392.49]
[260, 146, 392.2625]
[260, 147, 392.0075]
[260, 148, 391.7625]
[260, 149, 391.4875]
[260, 150, 391.225]
[260, 151, 390.9425]
[260, 152, 390.6875]
[260, 153, 390.4475]
[260, 154, 390.215]
[260, 155, 389.97]
[260, 156, 389.725]
[260, 157, 389.46]
[260, 158, 389.165]
[260, 159, 389.145]
[260, 160, 389.155]
[260, 161, 388.9525]
[260, 162, 388.7375]
[260, 163, 388.59]
[260, 164, 388.4475]
[260, 165, 388.355]
[260, 166, 388.23]
[260, 167, 388.1125]
[260, 168, 387.9525]
[260, 169, 387.795]
[260, 170, 387.605]
[260, 171, 387.415]
[260, 172, 387.2125]
[260, 173, 386.995]
[260, 174, 386.805]
[260, 175, 386.585]
[260, 176, 386.3725]
[260, 177, 386.16]
[260, 178, 385.9075]
[260, 179, 385.6925]
[260, 180, 385.47]
[260, 181, 385.23]
[260, 182, 384.9875]
[260, 183, 384.695]
[260, 184, 384.42]
[260, 185, 384.145]
[260, 186, 383.8775]
[260, 187, 383.6225]
[260, 188, 383.35]
[260, 189, 383.105]
[260, 190, 382.85]
[260, 191, 382.5475]
[260, 192, 382.24]
[260, 193, 381.9025]
[260, 194, 381.5425]
[260, 195, 381.1675]
[260, 196, 380.785]
[260, 197, 380.41]
[260, 198, 379.99]
[260, 199, 379.555]
[260, 200, 379.135]
[260, 201, 378.825]
[260, 202, 378.47]
[260, 203, 378.1]
[260, 204, 377.7675]
[260, 205, 377.4575]
[260, 206, 377.1675]
[260, 207, 376.84]
[260, 208, 376.47]
[260, 209, 376.1125]
[260, 210, 375.8125]
[260, 211, 375.4525]
[260, 212, 374.965]
[260, 213, 374.575]
[260, 214, 374.3]
[260, 215, 374.31]
[260, 216, 374.0975]
[260, 217, 373.9175]
[260, 218, 373.725]
[260, 219, 373.4]
[260, 220, 373.105]
[260, 221, 372.855]
[260, 222, 372.5375]
[260, 223, 372.3325]
[260, 224, 372.09]
[260, 225, 371.8325]
[260, 226, 371.665]
[260, 227, 371.4]
[260, 228, 371.245]
[260, 229, 371.11]
[260, 230, 370.805]
[260, 231, 370.41]
[260, 232, 370.0125]
[260, 233, 369.7325]
[260, 234, 369.4975]
[260, 235, 369.07]
[260, 236, 368.665]
[260, 237, 368.3875]
[260, 238, 368.2275]
[260, 239, 367.9475]
[260, 240, 367.765]
[260, 241, 367.57]
[260, 242, 367.195]
[260, 243, 366.83]
[260, 244, 366.5325]
[260, 245, 366.315]
[260, 246, 366.13]
[260, 247, 365.8625]
[260, 248, 365.6725]
[260, 249, 365.425]
[260, 250, 365.305]
[260, 251, 365.115]
[260, 252, 364.9325]
[260, 253, 364.925]
[260, 254, 364.6025]
[260, 255, 364.325]
[260, 256, 363.88]
[260, 257, 363.45]
[260, 258, 363.1225]
[260, 259, 362.8625]
[260, 260, 362.65]
[260, 261, 362.5575]
[260, 262, 362.2925]
[260, 263, 361.9525]
[260, 264, 361.6]
[260, 265, 361.3075]
[260, 266, 361.0375]
[260, 267, 360.7675]
[260, 268, 360.465]
[260, 269, 360.1525]
[260, 270, 359.855]
[260, 271, 359.58]
[260, 272, 359.295]
[260, 273, 359.0225]
[260, 274, 358.7325]
[260, 275, 358.5025]
[260, 276, 358.2725]
[260, 277, 358.0775]
[260, 278, 357.845]
[260, 279, 357.575]
[260, 280, 357.2775]
[260, 281, 356.965]
[260, 282, 356.33]
[260, 283, 355.6875]
[260, 284, 355.1925]
[260, 285, 354.2425]
[260, 286, 353.8625]
[260, 287, 353.7375]
[260, 288, 353.785]
[260, 289, 353.8025]
[260, 290, 353.845]
[260, 291, 353.8525]
[260, 292, 353.7175]
[260, 293, 353.5075]
[260, 294, 353.34]
[260, 295, 353.085]
[260, 296, 352.8075]
[260, 297, 352.5175]
[260, 298, 352.24]
[260, 299, 351.98]
[260, 300, 351.7475]
[260, 301, 351.56]
[260, 302, 351.365]
[260, 303, 351.1525]
[260, 304, 350.895]
[260, 305, 350.6425]
[260, 306, 350.4475]
[260, 307, 350.2825]
[260, 308, 350.0825]
[260, 309, 349.81]
[260, 310, 349.5575]
[260, 311, 349.2775]
[260, 312, 349.01]
[260, 313, 348.6675]
[260, 314, 348.1275]
[260, 315, 347.7175]
[260, 316, 347.2375]
[260, 317, 346.885]
[260, 318, 346.5975]
[260, 319, 346.275]
[260, 320, 345.8275]
[260, 321, 345.415]
[260, 322, 345.0475]
[260, 323, 344.6925]
[260, 324, 344.3725]
[260, 325, 344.1475]
[260, 326, 343.9025]
[260, 327, 343.735]
[260, 328, 343.5619]
[260, 329, 343.4461]
[260, 330, 343.3267]
[260, 331, 342.797]
[260, 332, 341.9899]
[260, 333, 341.2633]
[260, 334, 341.0271]
[260, 335, 340.8898]
[260, 336, 340.6287]
[260, 337, 340.256]
[260, 338, 339.5536]
[260, 339, 339.0553]
[260, 340, 338.714]
[260, 341, 338.2882]
[260, 342, 338.0467]
[260, 343, 337.8707]
[260, 344, 337.8834]
[260, 345, 337.916]
[260, 346, 337.8375]
[260, 347, 337.7325]
[260, 348, 337.6513]
[260, 349, 337.46]
[260, 350, 337.3725]
[260, 351, 337.275]
[260, 352, 337.4175]
[260, 353, 337.8567]
[260, 354, 338.3397]
[260, 355, 339.1225]
[260, 356, 338.995]
[260, 357, 339.1625]
[260, 358, 339.1075]
[260, 359, 338.8825]
[260, 360, 338.7025]
[260, 361, 338.585]
[260, 362, 338.4775]
[260, 363, 338.395]
[260, 364, 338.3675]
[260, 365, 338.32]
[260, 366, 338.2525]
[260, 367, 338.0575]
[260, 368, 337.845]
[260, 369, 337.695]
[260, 370, 337.61]
[260, 371, 337.5375]
[260, 372, 337.4475]
[260, 373, 337.3975]
[260, 374, 337.3525]
[260, 375, 337.2575]
[260, 376, 337.18]
[260, 377, 337.05]
[260, 378, 336.925]
[260, 379, 336.7975]
[260, 380, 336.6825]
[260, 381, 336.6475]
[260, 382, 336.56]
[260, 383, 336.43]
[260, 384, 336.3175]
[260, 385, 336.2775]
[260, 386, 336.225]
[260, 387, 336.145]
[260, 388, 335.9325]
[260, 389, 335.755]
[260, 390, 335.675]
[260, 391, 335.61]
[260, 392, 335.5625]
[260, 393, 335.3975]
[260, 394, 335.3025]
[260, 395, 335.2125]
[260, 396, 335.0875]
[260, 397, 334.9825]
[260, 398, 334.8775]
[260, 399, 334.76]
[260, 400, 334.6375]
[260, 401, 334.515]
[260, 402, 334.4]
[260, 403, 334.2175]
[260, 404, 334.0675]
[260, 405, 333.9075]
[260, 406, 333.7525]
[260, 407, 333.5475]
[260, 408, 333.3575]
[260, 409, 333.1675]
[260, 410, 333.005]
[260, 411, 332.835]
[260, 412, 332.6425]
[260, 413, 332.4825]
[260, 414, 332.315]
[260, 415, 332.1375]
[260, 416, 331.9675]
[260, 417, 331.7875]
[260, 418, 331.6375]
[260, 419, 331.5175]
[260, 420, 331.39]
[260, 421, 331.265]
[260, 422, 331.1775]
[260, 423, 331.0825]
[260, 424, 331.015]
[260, 425, 330.9125]
[260, 426, 330.8325]
[260, 427, 330.7675]
[260, 428, 330.7]
[260, 429, 330.6725]
[260, 430, 330.58]
[260, 431, 330.53]
[260, 432, 330.4425]
[260, 433, 330.365]
[260, 434, 330.35]
[260, 435, 330.29]
[260, 436, 330.1625]
[260, 437, 330.1075]
[260, 438, 330.0325]
[260, 439, 329.9575]
[260, 440, 329.796]
[260, 441, 329.542]
[260, 442, 329.3702]
[260, 443, 329.0919]
[260, 444, 328.8425]
[260, 445, 328.66]
[260, 446, 328.5225]
[260, 447, 328.4763]
[260, 448, 328.4179]
[260, 449, 328.3029]
[260, 450, 328.371]
[260, 451, 328.3137]
[260, 452, 328.3015]
[260, 453, 328.08]
[260, 454, 327.94]
[260, 455, 327.805]
[260, 456, 327.6425]
[260, 457, 327.505]
[260, 458, 327.405]
[260, 459, 327.2925]
[260, 460, 327.1625]
[260, 461, 327.0425]
[260, 462, 326.92]
[260, 463, 326.81]
[260, 464, 326.6775]
[260, 465, 326.5175]
[260, 466, 326.3925]
[260, 467, 326.2625]
[260, 468, 326.115]
[260, 469, 325.9825]
[260, 470, 325.8575]
[260, 471, 325.7175]
[260, 472, 325.5575]
[260, 473, 325.4375]
[260, 474, 325.4025]
[260, 475, 325.4011]
[260, 476, 325.1669]
[260, 477, 324.1282]
[260, 478, 322.9847]
[260, 479, 322.2375]
[260, 480, 321.6525]
[260, 481, 321.3381]
[260, 482, 321.1468]
[260, 483, 321.0189]
[260, 484, 320.94]
[260, 485, 320.8327]
[260, 486, 320.1444]
[260, 487, 319.535]
[260, 488, 319.5707]
[260, 489, 319.7386]
[260, 490, 319.765]
[260, 491, 319.6575]
[260, 492, 319.6225]
[260, 493, 319.5575]
[260, 494, 319.475]
[260, 495, 319.39]
[260, 496, 319.3325]
[260, 497, 319.3275]
[260, 498, 319.3375]
[260, 499, 319.3175]
[270, 499, 320.1325]
[270, 498, 320.3175]
[270, 497, 320.46]
[270, 496, 320.59]
[270, 495, 320.655]
[270, 494, 320.6775]
[270, 493, 320.675]
[270, 492, 320.675]
[270, 491, 320.695]
[270, 490, 320.715]
[270, 489, 320.77]
[270, 488, 320.6831]
[270, 487, 320.2726]
[270, 486, 320.1775]
[270, 485, 320.1825]
[270, 484, 320.5788]
[270, 483, 321.1508]
[270, 482, 321.5111]
[270, 481, 321.6827]
[270, 480, 321.807]
[270, 479, 321.9075]
[270, 478, 322.0153]
[270, 477, 322.115]
[270, 476, 322.2419]
[270, 475, 322.4974]
[270, 474, 322.7723]
[270, 473, 323.0946]
[270, 472, 323.3869]
[270, 471, 323.5962]
[270, 470, 324.0281]
[270, 469, 324.4675]
[270, 468, 324.9875]
[270, 467, 325.672]
[270, 466, 326.0996]
[270, 465, 326.261]
[270, 464, 326.1142]
[270, 463, 325.9131]
[270, 462, 325.7889]
[270, 461, 325.6225]
[270, 460, 325.4936]
[270, 459, 325.4775]
[270, 458, 325.5275]
[270, 457, 325.538]
[270, 456, 325.6704]
[270, 455, 325.8725]
[270, 454, 326.1225]
[270, 453, 326.4868]
[270, 452, 326.7505]
[270, 451, 327.1497]
[270, 450, 327.4532]
[270, 449, 327.9273]
[270, 448, 328.3263]
[270, 447, 328.5098]
[270, 446, 328.7875]
[270, 445, 328.895]
[270, 444, 329.005]
[270, 443, 329.1025]
[270, 442, 329.2175]
[270, 441, 329.2975]
[270, 440, 329.4275]
[270, 439, 329.56]
[270, 438, 329.6925]
[270, 437, 329.8425]
[270, 436, 329.965]
[270, 435, 330.1025]
[270, 434, 330.225]
[270, 433, 330.355]
[270, 432, 330.5075]
[270, 431, 330.6625]
[270, 430, 330.81]
[270, 429, 330.9225]
[270, 428, 331.0125]
[270, 427, 331.1525]
[270, 426, 331.28]
[270, 425, 331.4125]
[270, 424, 331.545]
[270, 423, 331.6525]
[270, 422, 331.7425]
[270, 421, 331.825]
[270, 420, 331.925]
[270, 419, 332.04]
[270, 418, 332.135]
[270, 417, 332.215]
[270, 416, 332.2975]
[270, 415, 332.395]
[270, 414, 332.505]
[270, 413, 332.63]
[270, 412, 332.7625]
[270, 411, 332.7773]
[270, 410, 332.8568]
[270, 409, 332.9798]
[270, 408, 333.0794]
[270, 407, 333.0752]
[270, 406, 333.2046]
[270, 405, 333.3431]
[270, 404, 333.4875]
[270, 403, 333.6524]
[270, 402, 333.8425]
[270, 401, 334.0425]
[270, 400, 334.2925]
[270, 399, 334.5375]
[270, 398, 334.7725]
[270, 397, 334.9448]
[270, 396, 335.2196]
[270, 395, 335.2863]
[270, 394, 335.2959]
[270, 393, 335.4275]
[270, 392, 335.4284]
[270, 391, 335.537]
[270, 390, 335.6576]
[270, 389, 335.7713]
[270, 388, 335.8275]
[270, 387, 335.9432]
[270, 386, 335.9467]
[270, 385, 336.03]
[270, 384, 336.165]
[270, 383, 336.255]
[270, 382, 336.385]
[270, 381, 336.5625]
[270, 380, 336.7]
[270, 379, 336.8775]
[270, 378, 337.0686]
[270, 377, 337.1321]
[270, 376, 337.2525]
[270, 375, 337.3956]
[270, 374, 337.6126]
[270, 373, 337.78]
[270, 372, 337.97]
[270, 371, 338.1375]
[270, 370, 338.2925]
[270, 369, 338.4325]
[270, 368, 338.495]
[270, 367, 338.5925]
[270, 366, 338.6925]
[270, 365, 338.855]
[270, 364, 339.0425]
[270, 363, 339.23]
[270, 362, 339.4125]
[270, 361, 339.59]
[270, 360, 339.76]
[270, 359, 339.9425]
[270, 358, 340.1175]
[270, 357, 340.29]
[270, 356, 340.48]
[270, 355, 340.7138]
[270, 354, 341.11]
[270, 353, 341.415]
[270, 352, 341.7195]
[270, 351, 341.9999]
[270, 350, 342.2044]
[270, 349, 342.45]
[270, 348, 342.6475]
[270, 347, 342.8071]
[270, 346, 342.9753]
[270, 345, 343.16]
[270, 344, 343.3245]
[270, 343, 343.6414]
[270, 342, 343.972]
[270, 341, 344.4638]
[270, 340, 344.9476]
[270, 339, 345.1811]
[270, 338, 345.276]
[270, 337, 345.3792]
[270, 336, 345.4833]
[270, 335, 345.624]
[270, 334, 345.7978]
[270, 333, 345.97]
[270, 332, 346.1345]
[270, 331, 346.345]
[270, 330, 346.5932]
[270, 329, 346.8235]
[270, 328, 347.0453]
[270, 327, 347.2508]
[270, 326, 347.4825]
[270, 325, 347.705]
[270, 324, 347.9175]
[270, 323, 348.1125]
[270, 322, 348.3125]
[270, 321, 348.5375]
[270, 320, 348.7775]
[270, 319, 348.9925]
[270, 318, 349.19]
[270, 317, 349.405]
[270, 316, 349.6425]
[270, 315, 349.885]
[270, 314, 350.125]
[270, 313, 350.3625]
[270, 312, 350.5825]
[270, 311, 350.8175]
[270, 310, 351.0775]
[270, 309, 351.3475]
[270, 308, 351.615]
[270, 307, 351.875]
[270, 306, 352.13]
[270, 305, 352.3725]
[270, 304, 352.405]
[270, 303, 352.475]
[270, 302, 352.695]
[270, 301, 352.9275]
[270, 300, 353.185]
[270, 299, 353.23]
[270, 298, 353.3175]
[270, 297, 353.56]
[270, 296, 353.7625]
[270, 295, 353.9625]
[270, 294, 354.1475]
[270, 293, 354.485]
[270, 292, 354.73]
[270, 291, 355.025]
[270, 290, 355.4]
[270, 289, 355.7325]
[270, 288, 356.085]
[270, 287, 356.5125]
[270, 286, 356.7725]
[270, 285, 356.955]
[270, 284, 357.1225]
[270, 283, 357.34]
[270, 282, 357.5925]
[270, 281, 357.7875]
[270, 280, 358.0425]
[270, 279, 358.2725]
[270, 278, 358.515]
[270, 277, 358.665]
[270, 276, 358.845]
[270, 275, 359.22]
[270, 274, 359.5]
[270, 273, 359.7225]
[270, 272, 359.9025]
[270, 271, 360.1075]
[270, 270, 360.325]
[270, 269, 360.535]
[270, 268, 360.7525]
[270, 267, 360.915]
[270, 266, 361.1]
[270, 265, 361.3025]
[270, 264, 361.53]
[270, 263, 361.6925]
[270, 262, 361.905]
[270, 261, 362.11]
[270, 260, 362.335]
[270, 259, 362.525]
[270, 258, 362.725]
[270, 257, 362.945]
[270, 256, 363.145]
[270, 255, 363.37]
[270, 254, 363.565]
[270, 253, 363.7475]
[270, 252, 363.955]
[270, 251, 364.1675]
[270, 250, 364.3375]
[270, 249, 364.5175]
[270, 248, 364.7125]
[270, 247, 364.91]
[270, 246, 365.0625]
[270, 245, 365.265]
[270, 244, 365.4675]
[270, 243, 365.6325]
[270, 242, 365.82]
[270, 241, 365.98]
[270, 240, 366.16]
[270, 239, 366.3625]
[270, 238, 366.575]
[270, 237, 366.81]
[270, 236, 367.0175]
[270, 235, 367.22]
[270, 234, 367.4575]
[270, 233, 367.69]
[270, 232, 367.9225]
[270, 231, 368.2]
[270, 230, 368.4075]
[270, 229, 368.6125]
[270, 228, 368.84]
[270, 227, 369.05]
[270, 226, 369.2675]
[270, 225, 369.48]
[270, 224, 369.65]
[270, 223, 369.865]
[270, 222, 370.1025]
[270, 221, 370.3275]
[270, 220, 370.5375]
[270, 219, 370.815]
[270, 218, 371.0425]
[270, 217, 371.29]
[270, 216, 371.53]
[270, 215, 371.79]
[270, 214, 371.9925]
[270, 213, 372.22]
[270, 212, 372.4875]
[270, 211, 372.8025]
[270, 210, 373.1025]
[270, 209, 373.1225]
[270, 208, 373.045]
[270, 207, 373.42]
[270, 206, 374.02]
[270, 205, 374.405]
[270, 204, 374.775]
[270, 203, 375.1375]
[270, 202, 375.52]
[270, 201, 375.8925]
[270, 200, 376.29]
[270, 199, 376.675]
[270, 198, 377.0675]
[270, 197, 377.3875]
[270, 196, 377.715]
[270, 195, 378.035]
[270, 194, 378.36]
[270, 193, 378.66]
[270, 192, 378.945]
[270, 191, 379.19]
[270, 190, 379.45]
[270, 189, 379.6225]
[270, 188, 379.815]
[270, 187, 379.9875]
[270, 186, 380.145]
[270, 185, 380.2975]
[270, 184, 380.4675]
[270, 183, 380.6475]
[270, 182, 380.7925]
[270, 181, 380.9325]
[270, 180, 381.0725]
[270, 179, 381.205]
[270, 178, 381.3525]
[270, 177, 381.5]
[270, 176, 381.6425]
[270, 175, 381.7775]
[270, 174, 381.8875]
[270, 173, 382.04]
[270, 172, 382.2025]
[270, 171, 382.395]
[270, 170, 382.5425]
[270, 169, 382.7]
[270, 168, 382.895]
[270, 167, 383.0775]
[270, 166, 383.37]
[270, 165, 383.6925]
[270, 164, 383.595]
[270, 163, 383.5]
[270, 162, 383.6825]
[270, 161, 383.8725]
[270, 160, 384.02]
[270, 159, 384.14]
[270, 158, 384.2775]
[270, 157, 384.4525]
[270, 156, 384.635]
[270, 155, 384.8325]
[270, 154, 384.9925]
[270, 153, 385.1875]
[270, 152, 385.3325]
[270, 151, 385.525]
[270, 150, 385.7275]
[270, 149, 385.84]
[270, 148, 385.99]
[270, 147, 386.1775]
[270, 146, 386.3675]
[270, 145, 386.5925]
[270, 144, 386.785]
[270, 143, 387.0225]
[270, 142, 387.2125]
[270, 141, 387.3475]
[270, 140, 387.4625]
[270, 139, 387.5575]
[270, 138, 387.6775]
[270, 137, 387.75]
[270, 136, 387.81]
[270, 135, 387.9075]
[270, 134, 388.025]
[270, 133, 388.13]
[270, 132, 388.23]
[270, 131, 388.3725]
[270, 130, 388.49]
[270, 129, 388.685]
[270, 128, 388.8075]
[270, 127, 388.975]
[270, 126, 389.215]
[270, 125, 389.3725]
[270, 124, 389.56]
[270, 123, 389.785]
[270, 122, 390.04]
[270, 121, 390.185]
[270, 120, 390.2975]
[270, 119, 390.4425]
[270, 118, 390.615]
[270, 117, 390.835]
[270, 116, 390.92]
[270, 115, 390.99]
[270, 114, 391.1375]
[270, 113, 391.2625]
[270, 112, 391.2625]
[270, 111, 391.2875]
[270, 110, 391.345]
[270, 109, 391.3675]
[270, 108, 391.3925]
[270, 107, 391.54]
[270, 106, 391.655]
[270, 105, 391.7375]
[270, 104, 391.915]
[270, 103, 391.935]
[270, 102, 391.75]
[270, 101, 390.755]
[270, 100, 389.3525]
[270, 99, 388.5975]
[270, 98, 389.8175]
[270, 97, 391.275]
[270, 96, 391.8775]
[270, 95, 392.0025]
[270, 94, 392.0625]
[270, 93, 392.155]
[270, 92, 392.24]
[270, 91, 392.235]
[270, 90, 392.17]
[270, 89, 391.56]
[270, 88, 391.12]
[270, 87, 391.0275]
[270, 86, 391.3575]
[270, 85, 391.57]
[270, 84, 391.87]
[270, 83, 392.2]
[270, 82, 392.5025]
[270, 81, 392.7775]
[270, 80, 392.945]
[270, 79, 393.0775]
[270, 78, 393.1925]
[270, 77, 393.38]
[270, 76, 393.5225]
[270, 75, 393.5975]
[270, 74, 393.7625]
[270, 73, 394.02]
[270, 72, 394.1925]
[270, 71, 394.38]
[270, 70, 394.555]
[270, 69, 394.68]
[270, 68, 394.8525]
[270, 67, 395.0025]
[270, 66, 395.315]
[270, 65, 395.51]
[270, 64, 395.67]
[270, 63, 395.7725]
[270, 62, 395.825]
[270, 61, 395.9775]
[270, 60, 396.215]
[270, 59, 396.4]
[270, 58, 396.4875]
[270, 57, 396.675]
[270, 56, 396.83]
[270, 55, 397.0625]
[270, 54, 397.305]
[270, 53, 397.5025]
[270, 52, 397.7625]
[270, 51, 398.005]
[270, 50, 398.22]
[270, 49, 398.4375]
[270, 48, 398.6525]
[270, 47, 398.91]
[270, 46, 399.2475]
[270, 45, 399.67]
[270, 44, 399.945]
[270, 43, 400.1]
[270, 42, 400.255]
[270, 41, 400.4275]
[270, 40, 400.4425]
[270, 39, 400.325]
[270, 38, 399.53]
[270, 37, 399.2475]
[270, 36, 399.6925]
[270, 35, 400.3075]
[270, 34, 401.1025]
[270, 33, 401.74]
[270, 32, 402.2125]
[270, 31, 402.5425]
[270, 30, 402.805]
[270, 29, 403.0325]
[270, 28, 403.27]
[270, 27, 403.5725]
[270, 26, 403.855]
[270, 25, 404.065]
[270, 24, 404.1375]
[270, 23, 404.235]
[270, 22, 404.34]
[270, 21, 404.44]
[270, 20, 404.5925]
[270, 19, 404.735]
[270, 18, 404.91]
[270, 17, 405.1375]
[270, 16, 405.355]
[270, 15, 405.6675]
[270, 14, 406.03]
[270, 13, 406.395]
[270, 12, 406.7575]
[270, 11, 407.04]
[270, 10, 407.375]
[270, 9, 407.7775]
[270, 8, 408.1275]
[270, 7, 408.4175]
[270, 6, 408.6925]
[270, 5, 409.0]
[270, 4, 409.345]
[270, 3, 409.6325]
[270, 2, 409.97]
[270, 1, 410.345]
[270, 0, 410.6825]
[280, 0, 407.305]
[280, 1, 407.035]
[280, 2, 406.675]
[280, 3, 406.0675]
[280, 4, 405.7775]
[280, 5, 405.4225]
[280, 6, 405.2275]
[280, 7, 404.92]
[280, 8, 404.7275]
[280, 9, 404.6275]
[280, 10, 404.4275]
[280, 11, 404.22]
[280, 12, 403.91]
[280, 13, 403.595]
[280, 14, 403.2525]
[280, 15, 402.8825]
[280, 16, 402.5325]
[280, 17, 402.1675]
[280, 18, 401.79]
[280, 19, 401.345]
[280, 20, 400.9675]
[280, 21, 400.8725]
[280, 22, 400.8075]
[280, 23, 400.7975]
[280, 24, 400.63]
[280, 25, 400.51]
[280, 26, 400.3425]
[280, 27, 400.115]
[280, 28, 399.86]
[280, 29, 399.6075]
[280, 30, 399.3625]
[280, 31, 399.115]
[280, 32, 398.8775]
[280, 33, 398.7175]
[280, 34, 398.51]
[280, 35, 398.255]
[280, 36, 397.965]
[280, 37, 397.7425]
[280, 38, 397.5275]
[280, 39, 397.265]
[280, 40, 396.87]
[280, 41, 396.5275]
[280, 42, 396.2425]
[280, 43, 395.89]
[280, 44, 395.5775]
[280, 45, 394.955]
[280, 46, 394.185]
[280, 47, 394.4975]
[280, 48, 394.7675]
[280, 49, 394.65]
[280, 50, 394.4625]
[280, 51, 394.2225]
[280, 52, 393.965]
[280, 53, 393.7]
[280, 54, 393.4875]
[280, 55, 393.2725]
[280, 56, 393.05]
[280, 57, 392.8725]
[280, 58, 392.6925]
[280, 59, 392.49]
[280, 60, 392.255]
[280, 61, 392.015]
[280, 62, 391.7475]
[280, 63, 391.505]
[280, 64, 391.3025]
[280, 65, 391.1475]
[280, 66, 390.9475]
[280, 67, 390.82]
[280, 68, 390.66]
[280, 69, 390.545]
[280, 70, 390.4075]
[280, 71, 390.295]
[280, 72, 390.08]
[280, 73, 389.7925]
[280, 74, 389.5525]
[280, 75, 389.2775]
[280, 76, 389.0175]
[280, 77, 388.7225]
[280, 78, 388.405]
[280, 79, 387.8775]
[280, 80, 387.1975]
[280, 81, 386.395]
[280, 82, 385.3525]
[280, 83, 384.1825]
[280, 84, 383.42]
[280, 85, 382.8775]
[280, 86, 382.0675]
[280, 87, 381.6175]
[280, 88, 381.635]
[280, 89, 381.58]
[280, 90, 381.425]
[280, 91, 381.115]
[280, 92, 380.69]
[280, 93, 380.4375]
[280, 94, 380.7]
[280, 95, 381.0525]
[280, 96, 381.4025]
[280, 97, 381.65]
[280, 98, 381.475]
[280, 99, 381.2825]
[280, 100, 380.97]
[280, 101, 380.985]
[280, 102, 381.735]
[280, 103, 382.9225]
[280, 104, 384.0425]
[280, 105, 384.5025]
[280, 106, 384.7175]
[280, 107, 384.6]
[280, 108, 384.55]
[280, 109, 384.465]
[280, 110, 384.355]
[280, 111, 384.1475]
[280, 112, 384.0225]
[280, 113, 383.9375]
[280, 114, 383.865]
[280, 115, 383.67]
[280, 116, 383.3]
[280, 117, 382.6225]
[280, 118, 381.86]
[280, 119, 381.0125]
[280, 120, 380.2825]
[280, 121, 379.46]
[280, 122, 378.73]
[280, 123, 378.4475]
[280, 124, 378.03]
[280, 125, 377.7825]
[280, 126, 377.845]
[280, 127, 378.1]
[280, 128, 378.645]
[280, 129, 379.06]
[280, 130, 379.0225]
[280, 131, 378.6825]
[280, 132, 378.6775]
[280, 133, 378.9025]
[280, 134, 379.4175]
[280, 135, 380.37]
[280, 136, 380.8225]
[280, 137, 381.42]
[280, 138, 381.5475]
[280, 139, 381.4475]
[280, 140, 381.345]
[280, 141, 381.0875]
[280, 142, 380.87]
[280, 143, 380.7575]
[280, 144, 380.5]
[280, 145, 380.2675]
[280, 146, 380.045]
[280, 147, 379.8475]
[280, 148, 379.6025]
[280, 149, 379.405]
[280, 150, 379.1625]
[280, 151, 378.955]
[280, 152, 378.7575]
[280, 153, 378.605]
[280, 154, 378.435]
[280, 155, 378.3075]
[280, 156, 378.22]
[280, 157, 378.1475]
[280, 158, 378.115]
[280, 159, 378.0825]
[280, 160, 378.0675]
[280, 161, 378.055]
[280, 162, 378.0]
[280, 163, 377.9675]
[280, 164, 377.9075]
[280, 165, 377.91]
[280, 166, 377.74]
[280, 167, 377.5825]
[280, 168, 377.68]
[280, 169, 377.7425]
[280, 170, 377.47]
[280, 171, 377.18]
[280, 172, 377.035]
[280, 173, 376.8475]
[280, 174, 376.6875]
[280, 175, 376.5325]
[280, 176, 376.35]
[280, 177, 376.1675]
[280, 178, 375.9725]
[280, 179, 375.765]
[280, 180, 375.505]
[280, 181, 375.2625]
[280, 182, 375.05]
[280, 183, 374.8625]
[280, 184, 374.665]
[280, 185, 374.435]
[280, 186, 374.2125]
[280, 187, 373.9225]
[280, 188, 373.62]
[280, 189, 373.3375]
[280, 190, 373.075]
[280, 191, 372.805]
[280, 192, 372.5275]
[280, 193, 372.2225]
[280, 194, 371.9425]
[280, 195, 371.6625]
[280, 196, 371.395]
[280, 197, 371.1675]
[280, 198, 370.92]
[280, 199, 370.695]
[280, 200, 370.465]
[280, 201, 370.2475]
[280, 202, 370.0125]
[280, 203, 369.79]
[280, 204, 369.555]
[280, 205, 369.2875]
[280, 206, 369.05]
[280, 207, 368.83]
[280, 208, 368.635]
[280, 209, 368.4575]
[280, 210, 368.26]
[280, 211, 367.9425]
[280, 212, 367.5125]
[280, 213, 367.045]
[280, 214, 367.1025]
[280, 215, 367.485]
[280, 216, 367.515]
[280, 217, 367.255]
[280, 218, 366.98]
[280, 219, 366.73]
[280, 220, 366.5125]
[280, 221, 366.35]
[280, 222, 366.1975]
[280, 223, 366.045]
[280, 224, 365.8975]
[280, 225, 365.7375]
[280, 226, 365.52]
[280, 227, 365.33]
[280, 228, 365.12]
[280, 229, 364.92]
[280, 230, 364.7025]
[280, 231, 364.46]
[280, 232, 364.2325]
[280, 233, 363.99]
[280, 234, 363.78]
[280, 235, 363.52]
[280, 236, 363.3175]
[280, 237, 363.125]
[280, 238, 362.925]
[280, 239, 362.7275]
[280, 240, 362.5325]
[280, 241, 362.37]
[280, 242, 362.1925]
[280, 243, 361.995]
[280, 244, 361.815]
[280, 245, 361.6475]
[280, 246, 361.49]
[280, 247, 361.335]
[280, 248, 361.1825]
[280, 249, 361.0525]
[280, 250, 360.9125]
[280, 251, 360.7825]
[280, 252, 360.665]
[280, 253, 360.54]
[280, 254, 360.43]
[280, 255, 360.29]
[280, 256, 360.195]
[280, 257, 360.0525]
[280, 258, 359.895]
[280, 259, 359.83]
[280, 260, 359.725]
[280, 261, 359.5625]
[280, 262, 359.4525]
[280, 263, 359.3075]
[280, 264, 359.1525]
[280, 265, 359.03]
[280, 266, 358.8925]
[280, 267, 358.7575]
[280, 268, 358.6125]
[280, 269, 358.5]
[280, 270, 358.36]
[280, 271, 358.2075]
[280, 272, 358.03]
[280, 273, 357.8675]
[280, 274, 357.71]
[280, 275, 357.5725]
[280, 276, 357.4575]
[280, 277, 357.35]
[280, 278, 357.235]
[280, 279, 357.085]
[280, 280, 356.915]
[280, 281, 356.765]
[280, 282, 356.6125]
[280, 283, 356.415]
[280, 284, 356.1725]
[280, 285, 355.8725]
[280, 286, 355.7275]
[280, 287, 355.6575]
[280, 288, 355.6325]
[280, 289, 355.5475]
[280, 290, 355.4025]
[280, 291, 355.25]
[280, 292, 355.08]
[280, 293, 354.8725]
[280, 294, 354.69]
[280, 295, 354.47]
[280, 296, 354.295]
[280, 297, 354.0825]
[280, 298, 353.8525]
[280, 299, 353.6175]
[280, 300, 353.375]
[280, 301, 353.18]
[280, 302, 352.955]
[280, 303, 352.725]
[280, 304, 352.4325]
[280, 305, 352.1575]
[280, 306, 351.9075]
[280, 307, 351.6725]
[280, 308, 351.42]
[280, 309, 351.1625]
[280, 310, 350.91]
[280, 311, 350.6775]
[280, 312, 350.4725]
[280, 313, 350.2775]
[280, 314, 350.06]
[280, 315, 349.8825]
[280, 316, 349.6875]
[280, 317, 349.485]
[280, 318, 349.3225]
[280, 319, 349.135]
[280, 320, 348.95]
[280, 321, 348.76]
[280, 322, 348.55]
[280, 323, 348.365]
[280, 324, 348.195]
[280, 325, 348.02]
[280, 326, 347.8375]
[280, 327, 347.6314]
[280, 328, 347.4273]
[280, 329, 347.236]
[280, 330, 347.0361]
[280, 331, 346.8558]
[280, 332, 346.6744]
[280, 333, 346.4869]
[280, 334, 346.3051]
[280, 335, 346.1497]
[280, 336, 346.0056]
[280, 337, 345.8285]
[280, 338, 345.6477]
[280, 339, 345.4641]
[280, 340, 345.2796]
[280, 341, 345.0887]
[280, 342, 344.895]
[280, 343, 344.7275]
[280, 344, 344.5975]
[280, 345, 344.485]
[280, 346, 344.325]
[280, 347, 344.0975]
[280, 348, 343.5562]
[280, 349, 342.9801]
[280, 350, 342.1655]
[280, 351, 341.15]
[280, 352, 340.4637]
[280, 353, 340.2076]
[280, 354, 339.8621]
[280, 355, 339.5866]
[280, 356, 339.2818]
[280, 357, 338.9815]
[280, 358, 338.8375]
[280, 359, 338.9925]
[280, 360, 339.2825]
[280, 361, 339.2665]
[280, 362, 339.4001]
[280, 363, 339.3733]
[280, 364, 339.2661]
[280, 365, 338.6524]
[280, 366, 337.9183]
[280, 367, 337.5349]
[280, 368, 337.1761]
[280, 369, 336.6308]
[280, 370, 336.2913]
[280, 371, 335.8416]
[280, 372, 335.5165]
[280, 373, 335.2475]
[280, 374, 334.8805]
[280, 375, 334.5744]
[280, 376, 334.315]
[280, 377, 334.1325]
[280, 378, 333.9475]
[280, 379, 333.725]
[280, 380, 333.5675]
[280, 381, 333.425]
[280, 382, 333.275]
[280, 383, 333.1525]
[280, 384, 333.03]
[280, 385, 332.91]
[280, 386, 332.7775]
[280, 387, 332.66]
[280, 388, 332.55]
[280, 389, 332.4775]
[280, 390, 332.375]
[280, 391, 332.31]
[280, 392, 332.2425]
[280, 393, 332.175]
[280, 394, 332.1275]
[280, 395, 332.0775]
[280, 396, 332.02]
[280, 397, 332.015]
[280, 398, 332.1063]
[280, 399, 332.2733]
[280, 400, 332.45]
[280, 401, 332.6416]
[280, 402, 332.7693]
[280, 403, 332.8375]
[280, 404, 332.87]
[280, 405, 332.8875]
[280, 406, 332.8825]
[280, 407, 332.8525]
[280, 408, 332.7975]
[280, 409, 332.735]
[280, 410, 332.68]
[280, 411, 332.585]
[280, 412, 332.495]
[280, 413, 332.375]
[280, 414, 332.2425]
[280, 415, 332.14]
[280, 416, 332.035]
[280, 417, 331.93]
[280, 418, 331.815]
[280, 419, 331.695]
[280, 420, 331.6025]
[280, 421, 331.4875]
[280, 422, 331.3975]
[280, 423, 331.29]
[280, 424, 331.18]
[280, 425, 331.0725]
[280, 426, 330.9775]
[280, 427, 330.8425]
[280, 428, 330.74]
[280, 429, 330.65]
[280, 430, 330.51]
[280, 431, 330.3775]
[280, 432, 330.2525]
[280, 433, 330.1325]
[280, 434, 330.0125]
[280, 435, 329.9]
[280, 436, 329.85]
[280, 437, 329.865]
[280, 438, 329.5172]
[280, 439, 328.7819]
[280, 440, 327.3459]
[280, 441, 325.9588]
[280, 442, 325.0548]
[280, 443, 324.6925]
[280, 444, 324.5625]
[280, 445, 324.5225]
[280, 446, 324.565]
[280, 447, 324.5495]
[280, 448, 324.5012]
[280, 449, 324.5283]
[280, 450, 324.5075]
[280, 451, 324.53]
[280, 452, 324.5075]
[280, 453, 324.4825]
[280, 454, 324.4]
[280, 455, 324.285]
[280, 456, 324.1544]
[280, 457, 323.5972]
[280, 458, 323.2101]
[280, 459, 323.0013]
[280, 460, 322.9245]
[280, 461, 323.349]
[280, 462, 323.7088]
[280, 463, 323.6125]
[280, 464, 323.515]
[280, 465, 323.3925]
[280, 466, 323.28]
[280, 467, 323.19]
[280, 468, 323.0975]
[280, 469, 322.975]
[280, 470, 322.8425]
[280, 471, 322.7225]
[280, 472, 322.6175]
[280, 473, 322.49]
[280, 474, 322.3975]
[280, 475, 322.29]
[280, 476, 322.2175]
[280, 477, 322.17]
[280, 478, 322.1275]
[280, 479, 322.0775]
[280, 480, 321.9225]
[280, 481, 321.82]
[280, 482, 321.7975]
[280, 483, 321.905]
[280, 484, 322.0858]
[280, 485, 322.0617]
[280, 486, 321.99]
[280, 487, 322.0423]
[280, 488, 321.9268]
[280, 489, 321.83]
[280, 490, 321.735]
[280, 491, 321.6025]
[280, 492, 321.5]
[280, 493, 321.435]
[280, 494, 321.5271]
[280, 495, 321.625]
[280, 496, 321.84]
[280, 497, 322.065]
[280, 498, 322.4919]
[280, 499, 322.9801]
[290, 499, 328.8425]
[290, 498, 328.885]
[290, 497, 328.8975]
[290, 496, 328.935]
[290, 495, 329.025]
[290, 494, 329.04]
[290, 493, 328.7325]
[290, 492, 327.7905]
[290, 491, 327.2397]
[290, 490, 326.8038]
[290, 489, 326.5518]
[290, 488, 326.3675]
[290, 487, 326.185]
[290, 486, 326.0375]
[290, 485, 325.9077]
[290, 484, 325.8022]
[290, 483, 325.7177]
[290, 482, 325.6987]
[290, 481, 325.6593]
[290, 480, 325.608]
[290, 479, 325.5948]
[290, 478, 325.604]
[290, 477, 325.5707]
[290, 476, 325.4886]
[290, 475, 325.44]
[290, 474, 325.43]
[290, 473, 325.4601]
[290, 472, 325.4775]
[290, 471, 325.475]
[290, 470, 325.4475]
[290, 469, 325.4665]
[290, 468, 325.5202]
[290, 467, 325.59]
[290, 466, 325.6975]
[290, 465, 325.805]
[290, 464, 325.8718]
[290, 463, 325.8983]
[290, 462, 325.9058]
[290, 461, 325.8175]
[290, 460, 325.657]
[290, 459, 325.4805]
[290, 458, 325.3458]
[290, 457, 325.1625]
[290, 456, 324.5661]
[290, 455, 324.0819]
[290, 454, 324.055]
[290, 453, 324.1524]
[290, 452, 324.2795]
[290, 451, 324.465]
[290, 450, 324.7025]
[290, 449, 325.15]
[290, 448, 325.5344]
[290, 447, 325.645]
[290, 446, 325.7623]
[290, 445, 325.805]
[290, 444, 325.7575]
[290, 443, 325.675]
[290, 442, 325.6525]
[290, 441, 325.74]
[290, 440, 325.9725]
[290, 439, 326.6577]
[290, 438, 327.6873]
[290, 437, 328.5501]
[290, 436, 328.8373]
[290, 435, 329.1195]
[290, 434, 329.1925]
[290, 433, 329.24]
[290, 432, 329.2875]
[290, 431, 329.36]
[290, 430, 329.41]
[290, 429, 329.475]
[290, 428, 329.5575]
[290, 427, 329.605]
[290, 426, 329.65]
[290, 425, 329.705]
[290, 424, 329.8025]
[290, 423, 329.9125]
[290, 422, 330.03]
[290, 421, 330.105]
[290, 420, 330.085]
[290, 419, 329.9625]
[290, 418, 329.805]
[290, 417, 329.645]
[290, 416, 329.6025]
[290, 415, 329.61]
[290, 414, 329.735]
[290, 413, 329.92]
[290, 412, 330.0325]
[290, 411, 330.1725]
[290, 410, 330.2925]
[290, 409, 330.4225]
[290, 408, 330.5475]
[290, 407, 330.655]
[290, 406, 330.7425]
[290, 405, 330.7925]
[290, 404, 330.7889]
[290, 403, 330.6013]
[290, 402, 330.4577]
[290, 401, 330.3838]
[290, 400, 330.3285]
[290, 399, 330.2821]
[290, 398, 330.2429]
[290, 397, 330.3675]
[290, 396, 330.5164]
[290, 395, 330.4815]
[290, 394, 330.5042]
[290, 393, 330.4918]
[290, 392, 330.6095]
[290, 391, 330.7531]
[290, 390, 330.961]
[290, 389, 331.0236]
[290, 388, 331.0048]
[290, 387, 330.9619]
[290, 386, 331.0659]
[290, 385, 331.1854]
[290, 384, 331.2593]
[290, 383, 331.381]
[290, 382, 331.4843]
[290, 381, 331.6125]
[290, 380, 331.9233]
[290, 379, 332.1601]
[290, 378, 332.3539]
[290, 377, 332.3981]
[290, 376, 332.4714]
[290, 375, 332.3595]
[290, 374, 332.2907]
[290, 373, 332.3376]
[290, 372, 332.4047]
[290, 371, 332.465]
[290, 370, 332.5998]
[290, 369, 332.7979]
[290, 368, 332.94]
[290, 367, 333.0268]
[290, 366, 333.1695]
[290, 365, 333.285]
[290, 364, 333.3499]
[290, 363, 333.4463]
[290, 362, 333.6025]
[290, 361, 333.7473]
[290, 360, 333.9608]
[290, 359, 334.0182]
[290, 358, 334.2045]
[290, 357, 334.8439]
[290, 356, 335.257]
[290, 355, 335.5665]
[290, 354, 335.8118]
[290, 353, 335.9684]
[290, 352, 336.0134]
[290, 351, 336.0373]
[290, 350, 336.1837]
[290, 349, 336.2944]
[290, 348, 336.529]
[290, 347, 336.7144]
[290, 346, 336.9266]
[290, 345, 337.1105]
[290, 344, 337.2773]
[290, 343, 337.55]
[290, 342, 337.7389]
[290, 341, 337.7958]
[290, 340, 337.8479]
[290, 339, 338.1129]
[290, 338, 338.7321]
[290, 337, 339.3156]
[290, 336, 339.8677]
[290, 335, 340.5833]
[290, 334, 341.2878]
[290, 333, 341.7834]
[290, 332, 342.5949]
[290, 331, 343.8897]
[290, 330, 344.3632]
[290, 329, 344.4835]
[290, 328, 344.5045]
[290, 327, 344.565]
[290, 326, 345.4225]
[290, 325, 346.09]
[290, 324, 346.6425]
[290, 323, 347.12]
[290, 322, 347.395]
[290, 321, 347.585]
[290, 320, 347.3525]
[290, 319, 347.205]
[290, 318, 347.275]
[290, 317, 347.215]
[290, 316, 347.3075]
[290, 315, 347.565]
[290, 314, 347.815]
[290, 313, 348.175]
[290, 312, 348.5425]
[290, 311, 348.935]
[290, 310, 349.4125]
[290, 309, 349.8575]
[290, 308, 350.19]
[290, 307, 350.395]
[290, 306, 350.5725]
[290, 305, 350.7075]
[290, 304, 350.8775]
[290, 303, 351.0575]
[290, 302, 351.22]
[290, 301, 351.355]
[290, 300, 351.425]
[290, 299, 351.4375]
[290, 298, 351.5375]
[290, 297, 351.7375]
[290, 296, 351.86]
[290, 295, 351.995]
[290, 294, 352.1425]
[290, 293, 352.31]
[290, 292, 352.395]
[290, 291, 352.505]
[290, 290, 352.5975]
[290, 289, 352.665]
[290, 288, 352.7375]
[290, 287, 352.845]
[290, 286, 352.95]
[290, 285, 353.0275]
[290, 284, 353.1375]
[290, 283, 353.2425]
[290, 282, 353.31]
[290, 281, 353.335]
[290, 280, 353.4125]
[290, 279, 353.51]
[290, 278, 353.585]
[290, 277, 353.68]
[290, 276, 353.7925]
[290, 275, 353.8925]
[290, 274, 353.985]
[290, 273, 354.125]
[290, 272, 354.2475]
[290, 271, 354.3925]
[290, 270, 354.5225]
[290, 269, 354.6475]
[290, 268, 354.7675]
[290, 267, 354.9075]
[290, 266, 355.0375]
[290, 265, 355.1725]
[290, 264, 355.315]
[290, 263, 355.41]
[290, 262, 355.5475]
[290, 261, 355.6975]
[290, 260, 355.8125]
[290, 259, 355.9425]
[290, 258, 356.0925]
[290, 257, 356.2425]
[290, 256, 356.3975]
[290, 255, 356.5525]
[290, 254, 356.77]
[290, 253, 356.9575]
[290, 252, 357.1125]
[290, 251, 357.2625]
[290, 250, 357.4325]
[290, 249, 357.5725]
[290, 248, 357.7525]
[290, 247, 357.9525]
[290, 246, 358.11]
[290, 245, 358.23]
[290, 244, 358.395]
[290, 243, 358.5625]
[290, 242, 358.755]
[290, 241, 358.9125]
[290, 240, 359.085]
[290, 239, 359.2775]
[290, 238, 359.4725]
[290, 237, 359.6425]
[290, 236, 359.8225]
[290, 235, 360.0375]
[290, 234, 360.23]
[290, 233, 360.3975]
[290, 232, 360.575]
[290, 231, 360.795]
[290, 230, 360.9875]
[290, 229, 361.1475]
[290, 228, 361.3475]
[290, 227, 361.5775]
[290, 226, 361.835]
[290, 225, 362.0525]
[290, 224, 362.2725]
[290, 223, 362.4875]
[290, 222, 362.7525]
[290, 221, 362.885]
[290, 220, 362.8775]
[290, 219, 362.9025]
[290, 218, 363.0575]
[290, 217, 363.2225]
[290, 216, 363.435]
[290, 215, 363.5925]
[290, 214, 363.77]
[290, 213, 363.9775]
[290, 212, 364.2175]
[290, 211, 364.4475]
[290, 210, 364.6875]
[290, 209, 364.895]
[290, 208, 365.115]
[290, 207, 365.265]
[290, 206, 365.44]
[290, 205, 365.605]
[290, 204, 365.8]
[290, 203, 365.97]
[290, 202, 366.1875]
[290, 201, 366.37]
[290, 200, 366.515]
[290, 199, 366.675]
[290, 198, 366.82]
[290, 197, 366.97]
[290, 196, 367.145]
[290, 195, 367.2775]
[290, 194, 367.425]
[290, 193, 367.575]
[290, 192, 367.6925]
[290, 191, 367.865]
[290, 190, 368.02]
[290, 189, 368.14]
[290, 188, 368.3]
[290, 187, 368.4525]
[290, 186, 368.6475]
[290, 185, 368.8625]
[290, 184, 369.0875]
[290, 183, 369.3125]
[290, 182, 369.56]
[290, 181, 369.8375]
[290, 180, 370.075]
[290, 179, 370.3275]
[290, 178, 370.5675]
[290, 177, 370.8025]
[290, 176, 371.0175]
[290, 175, 371.235]
[290, 174, 371.44]
[290, 173, 371.565]
[290, 172, 371.5125]
[290, 171, 371.255]
[290, 170, 371.11]
[290, 169, 370.855]
[290, 168, 370.6225]
[290, 167, 370.485]
[290, 166, 370.415]
[290, 165, 370.3425]
[290, 164, 370.32]
[290, 163, 370.35]
[290, 162, 370.4325]
[290, 161, 370.515]
[290, 160, 370.5525]
[290, 159, 370.635]
[290, 158, 370.7125]
[290, 157, 370.8225]
[290, 156, 370.9725]
[290, 155, 371.04]
[290, 154, 371.2025]
[290, 153, 371.3975]
[290, 152, 371.5825]
[290, 151, 371.7175]
[290, 150, 371.895]
[290, 149, 372.1475]
[290, 148, 372.3975]
[290, 147, 372.5775]
[290, 146, 372.6825]
[290, 145, 372.77]
[290, 144, 372.87]
[290, 143, 372.66]
[290, 142, 372.365]
[290, 141, 371.9025]
[290, 140, 370.6375]
[290, 139, 369.9225]
[290, 138, 369.7625]
[290, 137, 369.7725]
[290, 136, 369.685]
[290, 135, 369.68]
[290, 134, 369.71]
[290, 133, 369.735]
[290, 132, 369.8425]
[290, 131, 370.02]
[290, 130, 370.125]
[290, 129, 370.3]
[290, 128, 370.37]
[290, 127, 370.3675]
[290, 126, 370.43]
[290, 125, 370.4775]
[290, 124, 370.6175]
[290, 123, 370.8325]
[290, 122, 371.485]
[290, 121, 371.7925]
[290, 120, 372.18]
[290, 119, 372.3375]
[290, 118, 372.4325]
[290, 117, 372.5775]
[290, 116, 372.9625]
[290, 115, 373.7]
[290, 114, 374.62]
[290, 113, 375.4275]
[290, 112, 376.1375]
[290, 111, 376.71]
[290, 110, 376.9525]
[290, 109, 377.1025]
[290, 108, 377.18]
[290, 107, 377.335]
[290, 106, 377.47]
[290, 105, 377.6425]
[290, 104, 377.265]
[290, 103, 376.9375]
[290, 102, 376.585]
[290, 101, 376.135]
[290, 100, 375.7225]
[290, 99, 375.5275]
[290, 98, 375.705]
[290, 97, 376.1375]
[290, 96, 376.55]
[290, 95, 376.7725]
[290, 94, 376.8025]
[290, 93, 377.01]
[290, 92, 377.1975]
[290, 91, 377.2875]
[290, 90, 377.515]
[290, 89, 377.6475]
[290, 88, 377.6675]
[290, 87, 378.0175]
[290, 86, 378.345]
[290, 85, 378.63]
[290, 84, 378.9825]
[290, 83, 379.335]
[290, 82, 379.465]
[290, 81, 379.6625]
[290, 80, 379.895]
[290, 79, 380.2175]
[290, 78, 380.545]
[290, 77, 380.92]
[290, 76, 381.2375]
[290, 75, 381.5125]
[290, 74, 381.765]
[290, 73, 382.1175]
[290, 72, 382.32]
[290, 71, 382.385]
[290, 70, 382.4875]
[290, 69, 382.6]
[290, 68, 382.67]
[290, 67, 382.8175]
[290, 66, 383.0625]
[290, 65, 383.2825]
[290, 64, 383.5075]
[290, 63, 383.7725]
[290, 62, 384.045]
[290, 61, 384.3225]
[290, 60, 384.69]
[290, 59, 385.075]
[290, 58, 385.6725]
[290, 57, 386.2175]
[290, 56, 386.55]
[290, 55, 387.0225]
[290, 54, 387.375]
[290, 53, 387.5675]
[290, 52, 387.53]
[290, 51, 387.725]
[290, 50, 388.21]
[290, 49, 388.6975]
[290, 48, 389.1175]
[290, 47, 389.4425]
[290, 46, 389.55]
[290, 45, 389.8025]
[290, 44, 390.395]
[290, 43, 390.67]
[290, 42, 390.86]
[290, 41, 391.08]
[290, 40, 391.04]
[290, 39, 390.585]
[290, 38, 389.8675]
[290, 37, 389.605]
[290, 36, 389.4075]
[290, 35, 389.325]
[290, 34, 389.355]
[290, 33, 389.2575]
[290, 32, 389.1875]
[290, 31, 389.235]
[290, 30, 389.5125]
[290, 29, 389.615]
[290, 28, 389.7275]
[290, 27, 389.885]
[290, 26, 390.0925]
[290, 25, 390.335]
[290, 24, 390.61]
[290, 23, 390.78]
[290, 22, 390.9]
[290, 21, 391.085]
[290, 20, 391.43]
[290, 19, 391.9225]
[290, 18, 392.6075]
[290, 17, 393.3725]
[290, 16, 394.125]
[290, 15, 394.76]
[290, 14, 395.4325]
[290, 13, 396.1]
[290, 12, 396.9675]
[290, 11, 397.6125]
[290, 10, 398.365]
[290, 9, 398.9525]
[290, 8, 399.3725]
[290, 7, 399.5875]
[290, 6, 399.7975]
[290, 5, 400.1225]
[290, 4, 399.825]
[290, 3, 399.3025]
[290, 2, 398.99]
[290, 1, 398.715]
[290, 0, 398.7325]
[300, 0, 396.8625]
[300, 1, 396.7625]
[300, 2, 396.9225]
[300, 3, 396.755]
[300, 4, 396.3675]
[300, 5, 395.76]
[300, 6, 394.795]
[300, 7, 394.1425]
[300, 8, 393.765]
[300, 9, 393.4775]
[300, 10, 393.4375]
[300, 11, 393.3925]
[300, 12, 393.0375]
[300, 13, 392.34]
[300, 14, 392.0525]
[300, 15, 391.8175]
[300, 16, 391.5525]
[300, 17, 391.3025]
[300, 18, 391.42]
[300, 19, 391.31]
[300, 20, 391.4]
[300, 21, 391.42]
[300, 22, 391.4425]
[300, 23, 391.3775]
[300, 24, 391.01]
[300, 25, 390.7575]
[300, 26, 390.64]
[300, 27, 390.595]
[300, 28, 390.6325]
[300, 29, 390.71]
[300, 30, 390.6625]
[300, 31, 390.375]
[300, 32, 390.1225]
[300, 33, 389.7775]
[300, 34, 389.52]
[300, 35, 389.2675]
[300, 36, 388.855]
[300, 37, 388.295]
[300, 38, 387.89]
[300, 39, 387.5675]
[300, 40, 387.34]
[300, 41, 387.2225]
[300, 42, 387.1825]
[300, 43, 387.455]
[300, 44, 387.8075]
[300, 45, 387.6275]
[300, 46, 387.0425]
[300, 47, 386.5475]
[300, 48, 386.185]
[300, 49, 385.7625]
[300, 50, 385.4]
[300, 51, 385.205]
[300, 52, 385.02]
[300, 53, 384.7]
[300, 54, 384.405]
[300, 55, 384.145]
[300, 56, 383.975]
[300, 57, 383.91]
[300, 58, 383.8425]
[300, 59, 383.5775]
[300, 60, 383.25]
[300, 61, 382.7025]
[300, 62, 382.6975]
[300, 63, 382.7725]
[300, 64, 382.6875]
[300, 65, 382.8175]
[300, 66, 382.5525]
[300, 67, 382.5325]
[300, 68, 382.6225]
[300, 69, 382.9325]
[300, 70, 382.915]
[300, 71, 382.4025]
[300, 72, 382.035]
[300, 73, 382.19]
[300, 74, 382.225]
[300, 75, 382.215]
[300, 76, 382.3275]
[300, 77, 382.2]
[300, 78, 382.2375]
[300, 79, 382.4]
[300, 80, 382.445]
[300, 81, 382.5375]
[300, 82, 382.7475]
[300, 83, 383.4425]
[300, 84, 383.9375]
[300, 85, 384.115]
[300, 86, 384.5125]
[300, 87, 384.775]
[300, 88, 384.72]
[300, 89, 384.3825]
[300, 90, 384.0425]
[300, 91, 383.685]
[300, 92, 382.3575]
[300, 93, 380.8575]
[300, 94, 379.35]
[300, 95, 378.0625]
[300, 96, 377.08]
[300, 97, 376.54]
[300, 98, 376.3475]
[300, 99, 376.1225]
[300, 100, 375.91]
[300, 101, 375.7]
[300, 102, 375.345]
[300, 103, 375.075]
[300, 104, 374.765]
[300, 105, 374.44]
[300, 106, 374.185]
[300, 107, 373.9025]
[300, 108, 373.61]
[300, 109, 373.3575]
[300, 110, 373.145]
[300, 111, 373.105]
[300, 112, 373.245]
[300, 113, 373.38]
[300, 114, 373.505]
[300, 115, 373.8375]
[300, 116, 374.1125]
[300, 117, 374.1625]
[300, 118, 374.0575]
[300, 119, 373.785]
[300, 120, 373.4975]
[300, 121, 373.235]
[300, 122, 372.91]
[300, 123, 372.6825]
[300, 124, 372.525]
[300, 125, 372.395]
[300, 126, 372.3475]
[300, 127, 372.28]
[300, 128, 372.21]
[300, 129, 372.155]
[300, 130, 372.0475]
[300, 131, 371.6375]
[300, 132, 371.0425]
[300, 133, 370.535]
[300, 134, 370.1675]
[300, 135, 369.95]
[300, 136, 369.61]
[300, 137, 368.7525]
[300, 138, 368.24]
[300, 139, 368.1525]
[300, 140, 368.0075]
[300, 141, 367.8775]
[300, 142, 367.78]
[300, 143, 367.7425]
[300, 144, 367.615]
[300, 145, 367.54]
[300, 146, 367.4275]
[300, 147, 367.3175]
[300, 148, 367.2375]
[300, 149, 367.2075]
[300, 150, 367.15]
[300, 151, 367.305]
[300, 152, 367.645]
[300, 153, 368.1575]
[300, 154, 368.4925]
[300, 155, 368.8075]
[300, 156, 369.235]
[300, 157, 369.16]
[300, 158, 369.29]
[300, 159, 369.17]
[300, 160, 369.0575]
[300, 161, 368.88]
[300, 162, 368.4575]
[300, 163, 367.81]
[300, 164, 367.2975]
[300, 165, 366.8]
[300, 166, 366.1225]
[300, 167, 365.51]
[300, 168, 365.0475]
[300, 169, 364.7475]
[300, 170, 364.4325]
[300, 171, 364.0225]
[300, 172, 363.5525]
[300, 173, 363.0925]
[300, 174, 362.7275]
[300, 175, 362.345]
[300, 176, 362.0425]
[300, 177, 361.935]
[300, 178, 361.95]
[300, 179, 361.9175]
[300, 180, 361.7975]
[300, 181, 361.665]
[300, 182, 361.1575]
[300, 183, 360.7325]
[300, 184, 360.4825]
[300, 185, 360.685]
[300, 186, 361.0925]
[300, 187, 361.29]
[300, 188, 361.3275]
[300, 189, 361.275]
[300, 190, 361.12]
[300, 191, 360.925]
[300, 192, 360.7625]
[300, 193, 360.5375]
[300, 194, 360.395]
[300, 195, 360.2775]
[300, 196, 360.235]
[300, 197, 360.375]
[300, 198, 361.1175]
[300, 199, 362.06]
[300, 200, 362.7775]
[300, 201, 363.0475]
[300, 202, 362.95]
[300, 203, 362.8325]
[300, 204, 362.7075]
[300, 205, 362.6575]
[300, 206, 362.5425]
[300, 207, 362.435]
[300, 208, 362.34]
[300, 209, 362.25]
[300, 210, 362.1675]
[300, 211, 362.0625]
[300, 212, 361.89]
[300, 213, 361.7275]
[300, 214, 361.62]
[300, 215, 361.5075]
[300, 216, 361.3925]
[300, 217, 361.2625]
[300, 218, 361.1375]
[300, 219, 361.07]
[300, 220, 360.9775]
[300, 221, 360.8125]
[300, 222, 360.6725]
[300, 223, 360.515]
[300, 224, 360.2075]
[300, 225, 359.7125]
[300, 226, 359.19]
[300, 227, 358.845]
[300, 228, 358.72]
[300, 229, 358.5075]
[300, 230, 358.1875]
[300, 231, 357.9325]
[300, 232, 357.71]
[300, 233, 357.53]
[300, 234, 357.39]
[300, 235, 357.215]
[300, 236, 357.075]
[300, 237, 356.93]
[300, 238, 356.8175]
[300, 239, 356.6225]
[300, 240, 356.4575]
[300, 241, 356.29]
[300, 242, 356.125]
[300, 243, 355.965]
[300, 244, 355.785]
[300, 245, 355.6025]
[300, 246, 355.445]
[300, 247, 355.2575]
[300, 248, 355.0975]
[300, 249, 354.9325]
[300, 250, 354.7425]
[300, 251, 354.49]
[300, 252, 354.0525]
[300, 253, 353.5175]
[300, 254, 353.0175]
[300, 255, 352.52]
[300, 256, 352.2075]
[300, 257, 352.175]
[300, 258, 352.315]
[300, 259, 352.55]
[300, 260, 352.67]
[300, 261, 352.6825]
[300, 262, 352.5475]
[300, 263, 352.365]
[300, 264, 352.1975]
[300, 265, 352.04]
[300, 266, 351.8525]
[300, 267, 351.62]
[300, 268, 351.48]
[300, 269, 351.32]
[300, 270, 351.155]
[300, 271, 351.0]
[300, 272, 350.8375]
[300, 273, 350.6925]
[300, 274, 350.56]
[300, 275, 350.455]
[300, 276, 350.3275]
[300, 277, 350.225]
[300, 278, 350.1175]
[300, 279, 350.005]
[300, 280, 349.9]
[300, 281, 349.8075]
[300, 282, 349.6925]
[300, 283, 349.585]
[300, 284, 349.4875]
[300, 285, 349.3975]
[300, 286, 349.3075]
[300, 287, 349.2575]
[300, 288, 349.1575]
[300, 289, 349.0075]
[300, 290, 348.91]
[300, 291, 348.82]
[300, 292, 348.7425]
[300, 293, 348.695]
[300, 294, 348.65]
[300, 295, 348.6425]
[300, 296, 348.62]
[300, 297, 348.625]
[300, 298, 348.56]
[300, 299, 348.0925]
[300, 300, 347.2875]
[300, 301, 346.41]
[300, 302, 345.6375]
[300, 303, 344.8175]
[300, 304, 344.1625]
[300, 305, 343.4275]
[300, 306, 343.0025]
[300, 307, 342.4225]
[300, 308, 341.89]
[300, 309, 341.355]
[300, 310, 341.1325]
[300, 311, 340.98]
[300, 312, 340.705]
[300, 313, 340.2675]
[300, 314, 339.92]
[300, 315, 339.6825]
[300, 316, 339.5]
[300, 317, 339.245]
[300, 318, 338.9125]
[300, 319, 338.5225]
[300, 320, 338.345]
[300, 321, 338.1275]
[300, 322, 337.745]
[300, 323, 337.5175]
[300, 324, 337.27]
[300, 325, 337.0075]
[300, 326, 336.9525]
[300, 327, 337.015]
[300, 328, 337.1075]
[300, 329, 337.0725]
[300, 330, 336.8975]
[300, 331, 336.8074]
[300, 332, 336.6249]
[300, 333, 336.4465]
[300, 334, 336.2885]
[300, 335, 336.1019]
[300, 336, 336.5613]
[300, 337, 337.0832]
[300, 338, 337.1502]
[300, 339, 337.0701]
[300, 340, 336.9101]
[300, 341, 336.7717]
[300, 342, 336.6665]
[300, 343, 336.55]
[300, 344, 336.5381]
[300, 345, 336.559]
[300, 346, 336.6458]
[300, 347, 336.7765]
[300, 348, 336.7831]
[300, 349, 336.8741]
[300, 350, 336.9611]
[300, 351, 337.0795]
[300, 352, 337.228]
[300, 353, 337.5009]
[300, 354, 337.4248]
[300, 355, 337.1688]
[300, 356, 336.9119]
[300, 357, 336.6167]
[300, 358, 336.4571]
[300, 359, 336.5277]
[300, 360, 336.6966]
[300, 361, 336.6765]
[300, 362, 336.5084]
[300, 363, 336.2883]
[300, 364, 336.391]
[300, 365, 336.181]
[300, 366, 336.2696]
[300, 367, 336.3707]
[300, 368, 336.5778]
[300, 369, 336.63]
[300, 370, 336.79]
[300, 371, 337.0381]
[300, 372, 337.1693]
[300, 373, 337.236]
[300, 374, 337.2166]
[300, 375, 337.2258]
[300, 376, 337.31]
[300, 377, 337.2475]
[300, 378, 337.0853]
[300, 379, 336.915]
[300, 380, 336.89]
[300, 381, 336.8525]
[300, 382, 336.7781]
[300, 383, 336.6325]
[300, 384, 336.5225]
[300, 385, 336.39]
[300, 386, 336.21]
[300, 387, 336.055]
[300, 388, 335.925]
[300, 389, 335.5297]
[300, 390, 334.9811]
[300, 391, 334.7396]
[300, 392, 333.8914]
[300, 393, 333.0]
[300, 394, 332.1706]
[300, 395, 331.2133]
[300, 396, 330.75]
[300, 397, 330.62]
[300, 398, 330.505]
[300, 399, 330.51]
[300, 400, 330.4766]
[300, 401, 330.3267]
[300, 402, 330.2425]
[300, 403, 330.155]
[300, 404, 330.105]
[300, 405, 330.001]
[300, 406, 329.6725]
[300, 407, 328.9493]
[300, 408, 328.795]
[300, 409, 328.7525]
[300, 410, 328.665]
[300, 411, 328.525]
[300, 412, 328.43]
[300, 413, 328.335]
[300, 414, 328.194]
[300, 415, 327.8507]
[300, 416, 327.8368]
[300, 417, 327.6817]
[300, 418, 327.5687]
[300, 419, 327.4425]
[300, 420, 327.365]
[300, 421, 327.165]
[300, 422, 327.1075]
[300, 423, 326.9775]
[300, 424, 326.8499]
[300, 425, 326.7946]
[300, 426, 326.705]
[300, 427, 326.69]
[300, 428, 326.6025]
[300, 429, 326.4975]
[300, 430, 326.42]
[300, 431, 326.34]
[300, 432, 326.3125]
[300, 433, 326.3384]
[300, 434, 326.6501]
[300, 435, 326.5873]
[300, 436, 326.6185]
[300, 437, 326.6827]
[300, 438, 326.5687]
[300, 439, 326.6613]
[300, 440, 326.7675]
[300, 441, 326.8204]
[300, 442, 326.8083]
[300, 443, 326.7375]
[300, 444, 326.7]
[300, 445, 326.6122]
[300, 446, 326.5398]
[300, 447, 326.4725]
[300, 448, 326.4125]
[300, 449, 326.405]
[300, 450, 326.4454]
[300, 451, 326.5251]
[300, 452, 326.6375]
[300, 453, 327.0291]
[300, 454, 328.0163]
[300, 455, 329.1488]
[300, 456, 329.88]
[300, 457, 330.22]
[300, 458, 330.5493]
[300, 459, 330.9842]
[300, 460, 331.3117]
[300, 461, 331.6086]
[300, 462, 331.9153]
[300, 463, 332.1925]
[300, 464, 332.3103]
[300, 465, 332.3632]
[300, 466, 332.446]
[300, 467, 332.6762]
[300, 468, 332.9706]
[300, 469, 333.1732]
[300, 470, 333.3821]
[300, 471, 333.3771]
[300, 472, 333.38]
[300, 473, 333.3775]
[300, 474, 333.3575]
[300, 475, 333.3425]
[300, 476, 333.2675]
[300, 477, 333.205]
[300, 478, 333.1375]
[300, 479, 333.0749]
[300, 480, 332.9725]
[300, 481, 332.8675]
[300, 482, 332.75]
[300, 483, 332.665]
[300, 484, 332.6964]
[300, 485, 332.7468]
[300, 486, 332.57]
[300, 487, 332.3544]
[300, 488, 332.399]
[300, 489, 332.3525]
[300, 490, 332.2519]
[300, 491, 332.1703]
[300, 492, 332.0132]
[300, 493, 331.9514]
[300, 494, 331.9514]
[300, 495, 331.9381]
[300, 496, 331.8847]
[300, 497, 331.805]
[300, 498, 331.6975]
[300, 499, 331.63]
[310, 499, 334.53]
[310, 498, 334.5325]
[310, 497, 334.59]
[310, 496, 334.6425]
[310, 495, 334.6975]
[310, 494, 334.7175]
[310, 493, 334.7687]
[310, 492, 334.8925]
[310, 491, 334.9475]
[310, 490, 335.0375]
[310, 489, 335.084]
[310, 488, 335.1514]
[310, 487, 335.2212]
[310, 486, 335.3036]
[310, 485, 335.385]
[310, 484, 335.5034]
[310, 483, 335.6173]
[310, 482, 335.7235]
[310, 481, 335.8225]
[310, 480, 335.9173]
[310, 479, 335.99]
[310, 478, 335.9782]
[310, 477, 336.0446]
[310, 476, 336.1275]
[310, 475, 336.0823]
[310, 474, 335.872]
[310, 473, 335.9913]
[310, 472, 336.08]
[310, 471, 336.1646]
[310, 470, 336.245]
[310, 469, 336.3609]
[310, 468, 336.5596]
[310, 467, 336.4789]
[310, 466, 336.6575]
[310, 465, 336.7843]
[310, 464, 336.9825]
[310, 463, 337.0885]
[310, 462, 336.8465]
[310, 461, 336.8711]
[310, 460, 336.7752]
[310, 459, 336.8425]
[310, 458, 336.8975]
[310, 457, 336.9105]
[310, 456, 336.8489]
[310, 455, 336.567]
[310, 454, 336.3179]
[310, 453, 335.9951]
[310, 452, 335.6538]
[310, 451, 335.1485]
[310, 450, 334.4968]
[310, 449, 334.1606]
[310, 448, 334.1125]
[310, 447, 333.8877]
[310, 446, 333.3843]
[310, 445, 332.8001]
[310, 444, 332.3204]
[310, 443, 332.117]
[310, 442, 331.9291]
[310, 441, 331.5875]
[310, 440, 331.2725]
[310, 439, 330.9864]
[310, 438, 330.7179]
[310, 437, 330.6948]
[310, 436, 330.8684]
[310, 435, 330.8998]
[310, 434, 330.6352]
[310, 433, 330.306]
[310, 432, 329.8985]
[310, 431, 329.68]
[310, 430, 329.6]
[310, 429, 329.5738]
[310, 428, 329.6888]
[310, 427, 329.9184]
[310, 426, 330.085]
[310, 425, 330.0771]
[310, 424, 329.9702]
[310, 423, 329.8372]
[310, 422, 330.0472]
[310, 421, 329.7978]
[310, 420, 330.0961]
[310, 419, 330.5436]
[310, 418, 330.8049]
[310, 417, 331.0151]
[310, 416, 331.5167]
[310, 415, 331.8893]
[310, 414, 332.9646]
[310, 413, 333.7327]
[310, 412, 334.2548]
[310, 411, 334.6678]
[310, 410, 335.1114]
[310, 409, 335.7594]
[310, 408, 336.5664]
[310, 407, 337.1054]
[310, 406, 337.5807]
[310, 405, 337.9753]
[310, 404, 338.2551]
[310, 403, 338.386]
[310, 402, 338.4089]
[310, 401, 338.462]
[310, 400, 338.522]
[310, 399, 338.5568]
[310, 398, 338.6822]
[310, 397, 338.6875]
[310, 396, 338.5575]
[310, 395, 338.495]
[310, 394, 338.4425]
[310, 393, 338.435]
[310, 392, 338.4275]
[310, 391, 338.41]
[310, 390, 338.425]
[310, 389, 338.4075]
[310, 388, 338.4475]
[310, 387, 338.4525]
[310, 386, 338.4825]
[310, 385, 338.52]
[310, 384, 338.5425]
[310, 383, 338.53]
[310, 382, 338.54]
[310, 381, 338.535]
[310, 380, 338.55]
[310, 379, 338.5875]
[310, 378, 338.6425]
[310, 377, 338.675]
[310, 376, 338.6875]
[310, 375, 338.6975]
[310, 374, 338.74]
[310, 373, 338.785]
[310, 372, 338.795]
[310, 371, 338.8425]
[310, 370, 338.885]
[310, 369, 338.95]
[310, 368, 338.99]
[310, 367, 339.0375]
[310, 366, 339.085]
[310, 365, 339.13]
[310, 364, 339.2075]
[310, 363, 339.2425]
[310, 362, 339.285]
[310, 361, 339.295]
[310, 360, 339.3175]
[310, 359, 339.3575]
[310, 358, 339.3568]
[310, 357, 339.3098]
[310, 356, 339.2773]
[310, 355, 339.28]
[310, 354, 339.295]
[310, 353, 339.315]
[310, 352, 339.3825]
[310, 351, 339.445]
[310, 350, 339.51]
[310, 349, 339.615]
[310, 348, 339.75]
[310, 347, 339.8775]
[310, 346, 340.0425]
[310, 345, 340.2073]
[310, 344, 340.363]
[310, 343, 340.4875]
[310, 342, 340.6312]
[310, 341, 340.745]
[310, 340, 340.8856]
[310, 339, 341.0148]
[310, 338, 341.1118]
[310, 337, 341.189]
[310, 336, 341.2973]
[310, 335, 341.2395]
[310, 334, 340.5771]
[310, 333, 339.4908]
[310, 332, 338.6464]
[310, 331, 338.2827]
[310, 330, 338.4475]
[310, 329, 338.7675]
[310, 328, 339.1525]
[310, 327, 339.8825]
[310, 326, 340.35]
[310, 325, 340.425]
[310, 324, 340.4625]
[310, 323, 340.6575]
[310, 322, 341.23]
[310, 321, 341.6375]
[310, 320, 341.8225]
[310, 319, 342.0475]
[310, 318, 342.315]
[310, 317, 342.54]
[310, 316, 342.4125]
[310, 315, 341.8125]
[310, 314, 341.2175]
[310, 313, 340.895]
[310, 312, 340.6675]
[310, 311, 340.6425]
[310, 310, 340.4675]
[310, 309, 340.505]
[310, 308, 340.52]
[310, 307, 340.4975]
[310, 306, 340.485]
[310, 305, 340.315]
[310, 304, 340.1575]
[310, 303, 340.1625]
[310, 302, 340.33]
[310, 301, 340.6825]
[310, 300, 340.9725]
[310, 299, 341.38]
[310, 298, 341.8375]
[310, 297, 342.5625]
[310, 296, 342.955]
[310, 295, 343.1725]
[310, 294, 343.3725]
[310, 293, 343.465]
[310, 292, 343.63]
[310, 291, 343.81]
[310, 290, 343.9625]
[310, 289, 344.095]
[310, 288, 344.2425]
[310, 287, 344.27]
[310, 286, 344.1575]
[310, 285, 344.215]
[310, 284, 344.5925]
[310, 283, 345.055]
[310, 282, 345.515]
[310, 281, 345.9]
[310, 280, 346.0825]
[310, 279, 346.1]
[310, 278, 346.3225]
[310, 277, 346.2425]
[310, 276, 346.0375]
[310, 275, 346.0375]
[310, 274, 346.1725]
[310, 273, 346.355]
[310, 272, 346.385]
[310, 271, 346.5875]
[310, 270, 346.655]
[310, 269, 346.72]
[310, 268, 346.69]
[310, 267, 346.55]
[310, 266, 346.3825]
[310, 265, 346.06]
[310, 264, 345.8225]
[310, 263, 345.63]
[310, 262, 345.625]
[310, 261, 345.795]
[310, 260, 346.6]
[310, 259, 347.33]
[310, 258, 347.6975]
[310, 257, 347.75]
[310, 256, 347.8925]
[310, 255, 348.01]
[310, 254, 348.19]
[310, 253, 348.3975]
[310, 252, 348.53]
[310, 251, 348.5925]
[310, 250, 348.5475]
[310, 249, 348.4825]
[310, 248, 348.3175]
[310, 247, 348.29]
[310, 246, 348.44]
[310, 245, 348.59]
[310, 244, 348.735]
[310, 243, 348.925]
[310, 242, 349.1625]
[310, 241, 349.2575]
[310, 240, 349.395]
[310, 239, 349.52]
[310, 238, 349.71]
[310, 237, 349.8975]
[310, 236, 350.1225]
[310, 235, 350.6025]
[310, 234, 351.265]
[310, 233, 351.94]
[310, 232, 352.755]
[310, 231, 353.1225]
[310, 230, 353.4175]
[310, 229, 353.5375]
[310, 228, 353.485]
[310, 227, 353.4875]
[310, 226, 353.5075]
[310, 225, 353.5375]
[310, 224, 353.42]
[310, 223, 353.2125]
[310, 222, 353.52]
[310, 221, 354.125]
[310, 220, 354.5775]
[310, 219, 355.1675]
[310, 218, 355.6225]
[310, 217, 356.1375]
[310, 216, 356.6525]
[310, 215, 357.22]
[310, 214, 357.705]
[310, 213, 358.065]
[310, 212, 358.35]
[310, 211, 358.635]
[310, 210, 358.92]
[310, 209, 359.1725]
[310, 208, 359.325]
[310, 207, 358.7175]
[310, 206, 358.27]
[310, 205, 358.37]
[310, 204, 358.48]
[310, 203, 358.6175]
[310, 202, 358.2025]
[310, 201, 357.64]
[310, 200, 357.4575]
[310, 199, 357.6525]
[310, 198, 358.07]
[310, 197, 358.84]
[310, 196, 359.575]
[310, 195, 359.985]
[310, 194, 360.32]
[310, 193, 360.57]
[310, 192, 360.81]
[310, 191, 361.1]
[310, 190, 361.6475]
[310, 189, 362.2125]
[310, 188, 362.8575]
[310, 187, 363.5825]
[310, 186, 364.33]
[310, 185, 364.84]
[310, 184, 365.105]
[310, 183, 365.16]
[310, 182, 365.26]
[310, 181, 365.4725]
[310, 180, 365.8]
[310, 179, 366.135]
[310, 178, 366.4325]
[310, 177, 366.715]
[310, 176, 367.0]
[310, 175, 366.955]
[310, 174, 366.3775]
[310, 173, 365.44]
[310, 172, 364.62]
[310, 171, 364.31]
[310, 170, 364.0575]
[310, 169, 363.975]
[310, 168, 363.8075]
[310, 167, 363.88]
[310, 166, 363.84]
[310, 165, 363.9775]
[310, 164, 364.05]
[310, 163, 364.13]
[310, 162, 364.4225]
[310, 161, 364.88]
[310, 160, 365.32]
[310, 159, 365.535]
[310, 158, 365.4275]
[310, 157, 365.86]
[310, 156, 366.3375]
[310, 155, 366.805]
[310, 154, 367.325]
[310, 153, 367.895]
[310, 152, 368.4325]
[310, 151, 369.04]
[310, 150, 369.6]
[310, 149, 370.115]
[310, 148, 370.7375]
[310, 147, 371.185]
[310, 146, 371.1275]
[310, 145, 371.2625]
[310, 144, 371.7725]
[310, 143, 372.735]
[310, 142, 373.7725]
[310, 141, 374.7025]
[310, 140, 375.1575]
[310, 139, 375.2425]
[310, 138, 375.4075]
[310, 137, 375.79]
[310, 136, 376.0475]
[310, 135, 376.3275]
[310, 134, 376.5175]
[310, 133, 376.8625]
[310, 132, 377.13]
[310, 131, 377.285]
[310, 130, 377.53]
[310, 129, 377.755]
[310, 128, 377.955]
[310, 127, 378.1275]
[310, 126, 378.2525]
[310, 125, 378.42]
[310, 124, 378.6125]
[310, 123, 378.7425]
[310, 122, 378.97]
[310, 121, 379.235]
[310, 120, 379.45]
[310, 119, 379.73]
[310, 118, 379.955]
[310, 117, 380.1525]
[310, 116, 380.3125]
[310, 115, 380.6275]
[310, 114, 380.9225]
[310, 113, 381.16]
[310, 112, 381.32]
[310, 111, 381.465]
[310, 110, 381.6575]
[310, 109, 381.8725]
[310, 108, 382.11]
[310, 107, 382.385]
[310, 106, 382.59]
[310, 105, 382.7725]
[310, 104, 383.01]
[310, 103, 383.2675]
[310, 102, 383.5025]
[310, 101, 383.71]
[310, 100, 383.8875]
[310, 99, 383.765]
[310, 98, 383.875]
[310, 97, 384.1]
[310, 96, 384.2625]
[310, 95, 384.7825]
[310, 94, 385.2825]
[310, 93, 385.5275]
[310, 92, 385.8]
[310, 91, 386.065]
[310, 90, 386.28]
[310, 89, 386.5475]
[310, 88, 386.925]
[310, 87, 387.2525]
[310, 86, 387.6875]
[310, 85, 388.22]
[310, 84, 388.6875]
[310, 83, 389.125]
[310, 82, 389.63]
[310, 81, 390.165]
[310, 80, 390.55]
[310, 79, 390.87]
[310, 78, 391.1725]
[310, 77, 391.4175]
[310, 76, 391.5925]
[310, 75, 391.83]
[310, 74, 392.095]
[310, 73, 392.2425]
[310, 72, 392.4625]
[310, 71, 392.6625]
[310, 70, 392.8475]
[310, 69, 393.0675]
[310, 68, 393.315]
[310, 67, 393.5925]
[310, 66, 393.77]
[310, 65, 394.05]
[310, 64, 394.3725]
[310, 63, 394.6475]
[310, 62, 394.8675]
[310, 61, 394.715]
[310, 60, 394.8375]
[310, 59, 395.0125]
[310, 58, 395.56]
[310, 57, 395.92]
[310, 56, 396.11]
[310, 55, 396.14]
[310, 54, 395.6675]
[310, 53, 394.8325]
[310, 52, 393.865]
[310, 51, 392.945]
[310, 50, 392.25]
[310, 49, 391.77]
[310, 48, 391.7575]
[310, 47, 391.96]
[310, 46, 392.3275]
[310, 45, 392.695]
[310, 44, 393.01]
[310, 43, 393.3775]
[310, 42, 393.645]
[310, 41, 393.8925]
[310, 40, 394.185]
[310, 39, 394.3325]
[310, 38, 394.445]
[310, 37, 394.7025]
[310, 36, 395.03]
[310, 35, 395.4675]
[310, 34, 396.035]
[310, 33, 396.4925]
[310, 32, 397.1075]
[310, 31, 397.6725]
[310, 30, 398.155]
[310, 29, 398.56]
[310, 28, 398.85]
[310, 27, 399.1375]
[310, 26, 399.44]
[310, 25, 399.7825]
[310, 24, 400.355]
[310, 23, 400.7925]
[310, 22, 400.945]
[310, 21, 400.9725]
[310, 20, 401.0775]
[310, 19, 400.9525]
[310, 18, 400.5125]
[310, 17, 400.2125]
[310, 16, 399.93]
[310, 15, 399.99]
[310, 14, 400.43]
[310, 13, 400.98]
[310, 12, 401.5725]
[310, 11, 402.0275]
[310, 10, 402.17]
[310, 9, 402.4225]
[310, 8, 402.7525]
[310, 7, 403.445]
[310, 6, 404.1275]
[310, 5, 404.19]
[310, 4, 404.3025]
[310, 3, 404.6225]
[310, 2, 405.1625]
[310, 1, 405.91]
[310, 0, 406.55]
[320, 0, 413.695]
[320, 1, 413.4525]
[320, 2, 413.45]
[320, 3, 413.47]
[320, 4, 413.3175]
[320, 5, 413.225]
[320, 6, 412.9825]
[320, 7, 412.7425]
[320, 8, 412.3575]
[320, 9, 412.0125]
[320, 10, 411.75]
[320, 11, 411.74]
[320, 12, 411.81]
[320, 13, 411.955]
[320, 14, 412.3175]
[320, 15, 412.21]
[320, 16, 411.8725]
[320, 17, 411.585]
[320, 18, 411.2725]
[320, 19, 410.9525]
[320, 20, 410.7025]
[320, 21, 410.465]
[320, 22, 410.265]
[320, 23, 410.04]
[320, 24, 409.7175]
[320, 25, 409.3275]
[320, 26, 408.895]
[320, 27, 408.565]
[320, 28, 408.23]
[320, 29, 407.91]
[320, 30, 407.5425]
[320, 31, 407.1125]
[320, 32, 406.6525]
[320, 33, 406.1675]
[320, 34, 405.765]
[320, 35, 405.3775]
[320, 36, 404.9175]
[320, 37, 404.5625]
[320, 38, 404.225]
[320, 39, 403.82]
[320, 40, 403.43]
[320, 41, 403.11]
[320, 42, 402.8775]
[320, 43, 402.545]
[320, 44, 402.1925]
[320, 45, 401.8775]
[320, 46, 401.51]
[320, 47, 401.2025]
[320, 48, 400.9175]
[320, 49, 400.6625]
[320, 50, 400.3525]
[320, 51, 399.985]
[320, 52, 399.735]
[320, 53, 399.5925]
[320, 54, 399.3775]
[320, 55, 399.0475]
[320, 56, 398.6875]
[320, 57, 398.3625]
[320, 58, 397.98]
[320, 59, 397.5725]
[320, 60, 397.175]
[320, 61, 396.795]
[320, 62, 396.4225]
[320, 63, 396.1625]
[320, 64, 395.82]
[320, 65, 395.5475]
[320, 66, 395.25]
[320, 67, 394.9775]
[320, 68, 394.725]
[320, 69, 394.455]
[320, 70, 394.2575]
[320, 71, 394.0675]
[320, 72, 393.895]
[320, 73, 393.66]
[320, 74, 393.455]
[320, 75, 393.3625]
[320, 76, 393.2025]
[320, 77, 393.0025]
[320, 78, 392.8375]
[320, 79, 392.63]
[320, 80, 392.4425]
[320, 81, 392.2175]
[320, 82, 392.01]
[320, 83, 391.7625]
[320, 84, 391.49]
[320, 85, 391.255]
[320, 86, 391.07]
[320, 87, 390.8975]
[320, 88, 390.5775]
[320, 89, 390.2375]
[320, 90, 389.8125]
[320, 91, 389.41]
[320, 92, 389.0375]
[320, 93, 388.7]
[320, 94, 388.36]
[320, 95, 388.03]
[320, 96, 387.7]
[320, 97, 387.215]
[320, 98, 386.8725]
[320, 99, 386.47]
[320, 100, 386.0925]
[320, 101, 385.6675]
[320, 102, 385.1525]
[320, 103, 384.6675]
[320, 104, 384.25]
[320, 105, 383.9075]
[320, 106, 383.585]
[320, 107, 383.24]
[320, 108, 382.89]
[320, 109, 382.4575]
[320, 110, 382.105]
[320, 111, 381.7925]
[320, 112, 381.5525]
[320, 113, 381.2675]
[320, 114, 381.055]
[320, 115, 380.8125]
[320, 116, 380.5475]
[320, 117, 380.29]
[320, 118, 380.065]
[320, 119, 379.745]
[320, 120, 379.595]
[320, 121, 379.57]
[320, 122, 379.4425]
[320, 123, 379.3275]
[320, 124, 379.235]
[320, 125, 379.105]
[320, 126, 379.015]
[320, 127, 378.8775]
[320, 128, 378.7725]
[320, 129, 378.735]
[320, 130, 378.67]
[320, 131, 378.6325]
[320, 132, 378.49]
[320, 133, 378.3475]
[320, 134, 378.2325]
[320, 135, 378.04]
[320, 136, 377.7525]
[320, 137, 377.4275]
[320, 138, 377.105]
[320, 139, 376.78]
[320, 140, 376.5]
[320, 141, 376.255]
[320, 142, 376.02]
[320, 143, 375.785]
[320, 144, 375.5625]
[320, 145, 375.405]
[320, 146, 375.2225]
[320, 147, 375.025]
[320, 148, 374.8375]
[320, 149, 374.605]
[320, 150, 374.385]
[320, 151, 374.1225]
[320, 152, 373.83]
[320, 153, 373.575]
[320, 154, 373.335]
[320, 155, 373.0725]
[320, 156, 372.88]
[320, 157, 372.64]
[320, 158, 372.3725]
[320, 159, 372.13]
[320, 160, 371.8975]
[320, 161, 371.66]
[320, 162, 371.4225]
[320, 163, 371.195]
[320, 164, 370.945]
[320, 165, 370.715]
[320, 166, 370.455]
[320, 167, 370.2225]
[320, 168, 369.9625]
[320, 169, 369.7275]
[320, 170, 369.5025]
[320, 171, 369.2875]
[320, 172, 369.0325]
[320, 173, 368.815]
[320, 174, 368.6125]
[320, 175, 368.385]
[320, 176, 368.17]
[320, 177, 367.9275]
[320, 178, 367.7025]
[320, 179, 367.47]
[320, 180, 367.265]
[320, 181, 367.02]
[320, 182, 366.79]
[320, 183, 366.605]
[320, 184, 366.43]
[320, 185, 366.1925]
[320, 186, 365.9825]
[320, 187, 365.79]
[320, 188, 365.5775]
[320, 189, 365.3775]
[320, 190, 365.23]
[320, 191, 365.0675]
[320, 192, 364.895]
[320, 193, 364.775]
[320, 194, 364.6725]
[320, 195, 364.5175]
[320, 196, 364.135]
[320, 197, 362.7175]
[320, 198, 360.01]
[320, 199, 357.82]
[320, 200, 356.45]
[320, 201, 355.8275]
[320, 202, 355.7875]
[320, 203, 356.015]
[320, 204, 356.755]
[320, 205, 357.03]
[320, 206, 356.925]
[320, 207, 356.7025]
[320, 208, 356.5325]
[320, 209, 356.37]
[320, 210, 356.1775]
[320, 211, 356.04]
[320, 212, 355.8575]
[320, 213, 355.51]
[320, 214, 355.14]
[320, 215, 354.385]
[320, 216, 353.525]
[320, 217, 352.9025]
[320, 218, 352.44]
[320, 219, 352.4625]
[320, 220, 353.02]
[320, 221, 353.555]
[320, 222, 353.68]
[320, 223, 353.62]
[320, 224, 353.475]
[320, 225, 353.43]
[320, 226, 353.3425]
[320, 227, 353.25]
[320, 228, 353.175]
[320, 229, 353.0]
[320, 230, 352.9025]
[320, 231, 352.7925]
[320, 232, 352.6475]
[320, 233, 352.535]
[320, 234, 352.415]
[320, 235, 352.295]
[320, 236, 352.18]
[320, 237, 352.1]
[320, 238, 352.0075]
[320, 239, 352.0075]
[320, 240, 352.065]
[320, 241, 352.1975]
[320, 242, 352.375]
[320, 243, 352.76]
[320, 244, 353.195]
[320, 245, 353.3575]
[320, 246, 353.56]
[320, 247, 353.8525]
[320, 248, 354.0925]
[320, 249, 353.94]
[320, 250, 353.785]
[320, 251, 353.6425]
[320, 252, 353.5175]
[320, 253, 353.3525]
[320, 254, 353.2825]
[320, 255, 353.2075]
[320, 256, 353.13]
[320, 257, 353.0675]
[320, 258, 352.83]
[320, 259, 352.035]
[320, 260, 350.82]
[320, 261, 349.715]
[320, 262, 348.89]
[320, 263, 348.3125]
[320, 264, 347.9925]
[320, 265, 347.7875]
[320, 266, 347.6025]
[320, 267, 347.4275]
[320, 268, 347.3125]
[320, 269, 347.1725]
[320, 270, 346.89]
[320, 271, 346.425]
[320, 272, 346.19]
[320, 273, 346.0]
[320, 274, 345.8225]
[320, 275, 345.71]
[320, 276, 345.6325]
[320, 277, 345.5475]
[320, 278, 345.525]
[320, 279, 345.76]
[320, 280, 346.3]
[320, 281, 346.8175]
[320, 282, 347.075]
[320, 283, 347.415]
[320, 284, 347.6525]
[320, 285, 347.4125]
[320, 286, 347.1275]
[320, 287, 346.9025]
[320, 288, 346.6925]
[320, 289, 346.3875]
[320, 290, 346.125]
[320, 291, 345.98]
[320, 292, 345.9075]
[320, 293, 345.85]
[320, 294, 346.09]
[320, 295, 346.42]
[320, 296, 346.825]
[320, 297, 346.8875]
[320, 298, 347.015]
[320, 299, 347.0]
[320, 300, 347.0775]
[320, 301, 347.18]
[320, 302, 347.14]
[320, 303, 347.1075]
[320, 304, 346.925]
[320, 305, 346.7675]
[320, 306, 346.615]
[320, 307, 346.385]
[320, 308, 346.0475]
[320, 309, 345.84]
[320, 310, 345.685]
[320, 311, 345.6625]
[320, 312, 345.6]
[320, 313, 345.505]
[320, 314, 345.3925]
[320, 315, 345.3175]
[320, 316, 345.1475]
[320, 317, 344.73]
[320, 318, 343.6875]
[320, 319, 342.7675]
[320, 320, 342.28]
[320, 321, 342.0125]
[320, 322, 341.9225]
[320, 323, 341.895]
[320, 324, 341.82]
[320, 325, 341.4325]
[320, 326, 340.7425]
[320, 327, 340.8275]
[320, 328, 341.2125]
[320, 329, 341.38]
[320, 330, 341.57]
[320, 331, 342.4181]
[320, 332, 343.488]
[320, 333, 344.337]
[320, 334, 344.7333]
[320, 335, 344.7283]
[320, 336, 344.6334]
[320, 337, 344.5498]
[320, 338, 344.4543]
[320, 339, 344.3845]
[320, 340, 344.2952]
[320, 341, 344.2078]
[320, 342, 344.1069]
[320, 343, 344.0107]
[320, 344, 343.9138]
[320, 345, 343.808]
[320, 346, 343.68]
[320, 347, 343.5675]
[320, 348, 343.4445]
[320, 349, 343.3479]
[320, 350, 343.2289]
[320, 351, 343.1311]
[320, 352, 343.04]
[320, 353, 342.9875]
[320, 354, 342.9425]
[320, 355, 342.8775]
[320, 356, 342.825]
[320, 357, 342.805]
[320, 358, 342.7875]
[320, 359, 342.76]
[320, 360, 342.745]
[320, 361, 342.765]
[320, 362, 342.745]
[320, 363, 342.7525]
[320, 364, 342.76]
[320, 365, 342.755]
[320, 366, 342.7525]
[320, 367, 342.7425]
[320, 368, 342.7542]
[320, 369, 342.7713]
[320, 370, 342.7722]
[320, 371, 342.7765]
[320, 372, 342.7625]
[320, 373, 342.7725]
[320, 374, 342.7613]
[320, 375, 342.7548]
[320, 376, 342.7685]
[320, 377, 342.77]
[320, 378, 342.77]
[320, 379, 342.7513]
[320, 380, 342.6925]
[320, 381, 342.655]
[320, 382, 342.5764]
[320, 383, 342.4771]
[320, 384, 342.39]
[320, 385, 342.3475]
[320, 386, 342.305]
[320, 387, 342.29]
[320, 388, 342.255]
[320, 389, 342.26]
[320, 390, 342.3081]
[320, 391, 342.3562]
[320, 392, 342.405]
[320, 393, 342.3725]
[320, 394, 342.3675]
[320, 395, 342.3925]
[320, 396, 342.39]
[320, 397, 342.3975]
[320, 398, 342.4]
[320, 399, 342.4]
[320, 400, 342.3725]
[320, 401, 342.3875]
[320, 402, 342.38]
[320, 403, 342.3375]
[320, 404, 342.3025]
[320, 405, 342.3125]
[320, 406, 342.37]
[320, 407, 342.4025]
[320, 408, 342.3238]
[320, 409, 342.1519]
[320, 410, 342.1061]
[320, 411, 341.9826]
[320, 412, 341.8439]
[320, 413, 341.6631]
[320, 414, 341.4588]
[320, 415, 341.3361]
[320, 416, 341.1345]
[320, 417, 340.9712]
[320, 418, 340.8126]
[320, 419, 340.655]
[320, 420, 340.52]
[320, 421, 340.4525]
[320, 422, 340.3995]
[320, 423, 340.3133]
[320, 424, 340.2681]
[320, 425, 340.1751]
[320, 426, 339.9965]
[320, 427, 339.833]
[320, 428, 339.8575]
[320, 429, 339.9957]
[320, 430, 339.9795]
[320, 431, 339.9395]
[320, 432, 340.058]
[320, 433, 340.2623]
[320, 434, 340.3611]
[320, 435, 340.3553]
[320, 436, 340.5201]
[320, 437, 340.7314]
[320, 438, 340.8493]
[320, 439, 340.8625]
[320, 440, 340.9317]
[320, 441, 340.8977]
[320, 442, 340.7528]
[320, 443, 340.8623]
[320, 444, 340.7378]
[320, 445, 340.6437]
[320, 446, 340.5746]
[320, 447, 340.6403]
[320, 448, 340.6135]
[320, 449, 340.5664]
[320, 450, 340.5858]
[320, 451, 340.5814]
[320, 452, 340.6309]
[320, 453, 340.6451]
[320, 454, 340.6532]
[320, 455, 340.6245]
[320, 456, 340.5874]
[320, 457, 340.6107]
[320, 458, 340.6759]
[320, 459, 340.7208]
[320, 460, 340.7375]
[320, 461, 340.6605]
[320, 462, 340.46]
[320, 463, 340.1954]
[320, 464, 340.231]
[320, 465, 340.514]
[320, 466, 340.6049]
[320, 467, 340.5284]
[320, 468, 340.4672]
[320, 469, 340.4572]
[320, 470, 340.4898]
[320, 471, 340.44]
[320, 472, 340.3449]
[320, 473, 340.0609]
[320, 474, 340.136]
[320, 475, 340.2791]
[320, 476, 340.3061]
[320, 477, 340.2409]
[320, 478, 340.1706]
[320, 479, 340.0914]
[320, 480, 339.9115]
[320, 481, 339.7205]
[320, 482, 339.5821]
[320, 483, 339.4119]
[320, 484, 339.2738]
[320, 485, 339.0678]
[320, 486, 338.8575]
[320, 487, 338.6648]
[320, 488, 338.525]
[320, 489, 338.4843]
[320, 490, 338.5883]
[320, 491, 338.6206]
[320, 492, 338.4144]
[320, 493, 338.1024]
[320, 494, 337.9844]
[320, 495, 338.0003]
[320, 496, 337.8374]
[320, 497, 337.68]
[320, 498, 337.555]
[320, 499, 337.5125]
[330, 499, 342.0328]
[330, 498, 342.0262]
[330, 497, 342.0214]
[330, 496, 341.9975]
[330, 495, 341.9641]
[330, 494, 341.9584]
[330, 493, 341.9807]
[330, 492, 342.0444]
[330, 491, 342.1155]
[330, 490, 342.2225]
[330, 489, 342.3824]
[330, 488, 342.6515]
[330, 487, 342.874]
[330, 486, 342.9898]
[330, 485, 343.1]
[330, 484, 343.235]
[330, 483, 343.4498]
[330, 482, 343.5777]
[330, 481, 343.69]
[330, 480, 343.8523]
[330, 479, 343.9831]
[330, 478, 344.1352]
[330, 477, 344.2849]
[330, 476, 344.2505]
[330, 475, 344.1612]
[330, 474, 344.0722]
[330, 473, 344.2063]
[330, 472, 344.5867]
[330, 471, 344.7216]
[330, 470, 344.658]
[330, 469, 344.5286]
[330, 468, 344.5401]
[330, 467, 344.6021]
[330, 466, 344.605]
[330, 465, 344.6625]
[330, 464, 344.6522]
[330, 463, 344.5229]
[330, 462, 344.4198]
[330, 461, 344.2897]
[330, 460, 344.3374]
[330, 459, 344.4]
[330, 458, 344.3872]
[330, 457, 344.3725]
[330, 456, 344.395]
[330, 455, 344.4552]
[330, 454, 344.5547]
[330, 453, 344.6668]
[330, 452, 344.6909]
[330, 451, 344.7319]
[330, 450, 344.7649]
[330, 449, 344.7889]
[330, 448, 344.8057]
[330, 447, 344.7875]
[330, 446, 344.8639]
[330, 445, 344.887]
[330, 444, 344.9206]
[330, 443, 345.0975]
[330, 442, 345.165]
[330, 441, 345.2675]
[330, 440, 345.4725]
[330, 439, 345.6023]
[330, 438, 345.7734]
[330, 437, 345.8871]
[330, 436, 345.9568]
[330, 435, 345.9267]
[330, 434, 345.8613]
[330, 433, 345.7197]
[330, 432, 345.5943]
[330, 431, 345.5126]
[330, 430, 345.3924]
[330, 429, 345.2246]
[330, 428, 345.0556]
[330, 427, 344.9304]
[330, 426, 344.7947]
[330, 425, 344.7225]
[330, 424, 344.69]
[330, 423, 344.7023]
[330, 422, 344.82]
[330, 421, 344.9675]
[330, 420, 345.1423]
[330, 419, 345.2954]
[330, 418, 345.4218]
[330, 417, 345.5234]
[330, 416, 345.6353]
[330, 415, 345.7125]
[330, 414, 345.7624]
[330, 413, 345.77]
[330, 412, 345.7953]
[330, 411, 345.78]
[330, 410, 345.825]
[330, 409, 345.9139]
[330, 408, 345.96]
[330, 407, 346.0425]
[330, 406, 346.15]
[330, 405, 346.1925]
[330, 404, 346.2306]
[330, 403, 346.1577]
[330, 402, 346.3791]
[330, 401, 346.4061]
[330, 400, 346.2075]
[330, 399, 346.1225]
[330, 398, 346.125]
[330, 397, 346.175]
[330, 396, 346.185]
[330, 395, 346.2075]
[330, 394, 346.24]
[330, 393, 346.2475]
[330, 392, 346.295]
[330, 391, 346.3175]
[330, 390, 346.305]
[330, 389, 346.2725]
[330, 388, 346.35]
[330, 387, 346.425]
[330, 386, 346.5]
[330, 385, 346.5699]
[330, 384, 346.6558]
[330, 383, 346.7894]
[330, 382, 346.8769]
[330, 381, 346.9525]
[330, 380, 346.98]
[330, 379, 347.0175]
[330, 378, 347.0441]
[330, 377, 347.0689]
[330, 376, 347.12]
[330, 375, 347.15]
[330, 374, 347.205]
[330, 373, 347.285]
[330, 372, 347.3275]
[330, 371, 347.39]
[330, 370, 347.445]
[330, 369, 347.4822]
[330, 368, 347.4922]
[330, 367, 347.4988]
[330, 366, 347.4523]
[330, 365, 347.3835]
[330, 364, 347.3147]
[330, 363, 347.2352]
[330, 362, 347.1123]
[330, 361, 346.9817]
[330, 360, 346.8489]
[330, 359, 346.705]
[330, 358, 346.5683]
[330, 357, 346.4199]
[330, 356, 346.28]
[330, 355, 346.1625]
[330, 354, 346.0975]
[330, 353, 346.0325]
[330, 352, 346.0225]
[330, 351, 346.04]
[330, 350, 346.0925]
[330, 349, 346.155]
[330, 348, 346.215]
[330, 347, 346.3625]
[330, 346, 346.5375]
[330, 345, 346.705]
[330, 344, 346.9033]
[330, 343, 347.1093]
[330, 342, 347.3125]
[330, 341, 347.4527]
[330, 340, 347.5325]
[330, 339, 347.655]
[330, 338, 347.7457]
[330, 337, 347.8257]
[330, 336, 347.891]
[330, 335, 348.0158]
[330, 334, 348.1498]
[330, 333, 348.3035]
[330, 332, 348.4162]
[330, 331, 348.4262]
[330, 330, 347.8575]
[330, 329, 346.96]
[330, 328, 346.1175]
[330, 327, 345.125]
[330, 326, 344.0125]
[330, 325, 343.31]
[330, 324, 342.9925]
[330, 323, 342.87]
[330, 322, 343.16]
[330, 321, 343.59]
[330, 320, 343.93]
[330, 319, 344.12]
[330, 318, 344.2575]
[330, 317, 344.33]
[330, 316, 344.385]
[330, 315, 344.5175]
[330, 314, 344.7375]
[330, 313, 344.87]
[330, 312, 344.8575]
[330, 311, 344.88]
[330, 310, 345.0625]
[330, 309, 345.4175]
[330, 308, 346.0575]
[330, 307, 347.0475]
[330, 306, 348.42]
[330, 305, 349.7]
[330, 304, 350.2675]
[330, 303, 350.63]
[330, 302, 350.785]
[330, 301, 350.775]
[330, 300, 350.8425]
[330, 299, 350.9675]
[330, 298, 351.0375]
[330, 297, 351.1925]
[330, 296, 351.2825]
[330, 295, 351.48]
[330, 294, 351.615]
[330, 293, 351.76]
[330, 292, 351.8675]
[330, 291, 351.9975]
[330, 290, 352.125]
[330, 289, 352.2175]
[330, 288, 352.3275]
[330, 287, 352.445]
[330, 286, 352.5575]
[330, 285, 352.6375]
[330, 284, 352.7275]
[330, 283, 352.8075]
[330, 282, 352.8825]
[330, 281, 353.0]
[330, 280, 353.16]
[330, 279, 353.2625]
[330, 278, 353.345]
[330, 277, 353.455]
[330, 276, 353.52]
[330, 275, 353.5575]
[330, 274, 353.6725]
[330, 273, 353.775]
[330, 272, 353.8925]
[330, 271, 353.9625]
[330, 270, 354.12]
[330, 269, 354.275]
[330, 268, 354.3825]
[330, 267, 354.5]
[330, 266, 354.6725]
[330, 265, 354.825]
[330, 264, 354.935]
[330, 263, 355.0925]
[330, 262, 355.2375]
[330, 261, 355.385]
[330, 260, 355.53]
[330, 259, 355.7025]
[330, 258, 355.8675]
[330, 257, 355.975]
[330, 256, 356.12]
[330, 255, 356.245]
[330, 254, 356.36]
[330, 253, 356.4575]
[330, 252, 356.5575]
[330, 251, 356.65]
[330, 250, 356.7675]
[330, 249, 356.875]
[330, 248, 356.97]
[330, 247, 357.0675]
[330, 246, 357.2075]
[330, 245, 357.3375]
[330, 244, 357.48]
[330, 243, 357.62]
[330, 242, 357.755]
[330, 241, 357.9]
[330, 240, 358.0275]
[330, 239, 358.1675]
[330, 238, 358.3075]
[330, 237, 358.4975]
[330, 236, 358.625]
[330, 235, 358.755]
[330, 234, 358.91]
[330, 233, 359.0675]
[330, 232, 359.21]
[330, 231, 359.3775]
[330, 230, 359.61]
[330, 229, 359.78]
[330, 228, 360.085]
[330, 227, 360.255]
[330, 226, 360.3475]
[330, 225, 360.4975]
[330, 224, 360.7275]
[330, 223, 360.9075]
[330, 222, 361.1675]
[330, 221, 361.185]
[330, 220, 361.285]
[330, 219, 361.2]
[330, 218, 360.795]
[330, 217, 360.0725]
[330, 216, 359.3025]
[330, 215, 358.4675]
[330, 214, 357.605]
[330, 213, 356.93]
[330, 212, 356.435]
[330, 211, 356.07]
[330, 210, 356.0025]
[330, 209, 356.01]
[330, 208, 356.0475]
[330, 207, 356.1425]
[330, 206, 356.385]
[330, 205, 356.7925]
[330, 204, 357.27]
[330, 203, 358.1575]
[330, 202, 359.2]
[330, 201, 360.6325]
[330, 200, 362.335]
[330, 199, 363.84]
[330, 198, 364.99]
[330, 197, 365.585]
[330, 196, 365.905]
[330, 195, 366.0975]
[330, 194, 366.2775]
[330, 193, 366.47]
[330, 192, 366.6675]
[330, 191, 366.8475]
[330, 190, 367.0025]
[330, 189, 367.1825]
[330, 188, 367.38]
[330, 187, 367.56]
[330, 186, 367.7775]
[330, 185, 367.975]
[330, 184, 368.1625]
[330, 183, 368.3725]
[330, 182, 368.54]
[330, 181, 368.73]
[330, 180, 368.905]
[330, 179, 369.0775]
[330, 178, 369.255]
[330, 177, 369.4225]
[330, 176, 369.6025]
[330, 175, 369.845]
[330, 174, 370.0275]
[330, 173, 370.21]
[330, 172, 370.38]
[330, 171, 370.555]
[330, 170, 370.7875]
[330, 169, 370.99]
[330, 168, 371.2]
[330, 167, 371.4475]
[330, 166, 371.73]
[330, 165, 372.0625]
[330, 164, 372.395]
[330, 163, 372.6975]
[330, 162, 372.985]
[330, 161, 373.2675]
[330, 160, 373.525]
[330, 159, 373.7825]
[330, 158, 374.0325]
[330, 157, 374.3025]
[330, 156, 374.5375]
[330, 155, 374.795]
[330, 154, 375.045]
[330, 153, 375.27]
[330, 152, 375.5075]
[330, 151, 375.7575]
[330, 150, 375.9825]
[330, 149, 376.1975]
[330, 148, 376.46]
[330, 147, 376.725]
[330, 146, 377.0025]
[330, 145, 377.2875]
[330, 144, 377.6]
[330, 143, 377.9]
[330, 142, 378.235]
[330, 141, 378.5475]
[330, 140, 378.9475]
[330, 139, 379.28]
[330, 138, 379.555]
[330, 137, 379.8225]
[330, 136, 380.03]
[330, 135, 380.27]
[330, 134, 380.5]
[330, 133, 380.675]
[330, 132, 380.77]
[330, 131, 380.8775]
[330, 130, 380.9275]
[330, 129, 381.08]
[330, 128, 381.105]
[330, 127, 381.1225]
[330, 126, 381.2]
[330, 125, 381.34]
[330, 124, 381.4575]
[330, 123, 381.5325]
[330, 122, 381.73]
[330, 121, 381.8225]
[330, 120, 381.93]
[330, 119, 382.105]
[330, 118, 382.28]
[330, 117, 382.485]
[330, 116, 382.64]
[330, 115, 382.8725]
[330, 114, 383.0925]
[330, 113, 383.31]
[330, 112, 383.5425]
[330, 111, 383.8625]
[330, 110, 384.0125]
[330, 109, 384.14]
[330, 108, 384.65]
[330, 107, 385.16]
[330, 106, 385.7]
[330, 105, 386.175]
[330, 104, 386.745]
[330, 103, 387.1975]
[330, 102, 387.7175]
[330, 101, 388.065]
[330, 100, 388.4675]
[330, 99, 388.9125]
[330, 98, 389.3275]
[330, 97, 389.875]
[330, 96, 390.36]
[330, 95, 390.77]
[330, 94, 391.2175]
[330, 93, 391.6975]
[330, 92, 392.205]
[330, 91, 392.6175]
[330, 90, 392.9425]
[330, 89, 393.2225]
[330, 88, 393.5025]
[330, 87, 393.6975]
[330, 86, 393.9075]
[330, 85, 394.055]
[330, 84, 394.2675]
[330, 83, 394.4475]
[330, 82, 394.6525]
[330, 81, 394.8325]
[330, 80, 395.085]
[330, 79, 395.385]
[330, 78, 395.71]
[330, 77, 396.0875]
[330, 76, 396.325]
[330, 75, 396.525]
[330, 74, 396.6725]
[330, 73, 396.9075]
[330, 72, 397.105]
[330, 71, 397.24]
[330, 70, 397.5225]
[330, 69, 397.71]
[330, 68, 397.8725]
[330, 67, 398.1625]
[330, 66, 398.49]
[330, 65, 398.765]
[330, 64, 398.98]
[330, 63, 399.2825]
[330, 62, 399.695]
[330, 61, 400.0425]
[330, 60, 400.42]
[330, 59, 400.79]
[330, 58, 401.2875]
[330, 57, 401.635]
[330, 56, 402.01]
[330, 55, 402.455]
[330, 54, 402.8625]
[330, 53, 403.335]
[330, 52, 403.7825]
[330, 51, 404.1875]
[330, 50, 404.6525]
[330, 49, 405.11]
[330, 48, 405.595]
[330, 47, 406.005]
[330, 46, 406.5175]
[330, 45, 406.95]
[330, 44, 407.41]
[330, 43, 407.8025]
[330, 42, 408.075]
[330, 41, 408.31]
[330, 40, 408.5375]
[330, 39, 408.73]
[330, 38, 409.09]
[330, 37, 409.5375]
[330, 36, 409.88]
[330, 35, 410.34]
[330, 34, 410.8775]
[330, 33, 411.3925]
[330, 32, 411.795]
[330, 31, 412.195]
[330, 30, 412.575]
[330, 29, 412.955]
[330, 28, 413.35]
[330, 27, 413.675]
[330, 26, 414.1425]
[330, 25, 414.5575]
[330, 24, 414.94]
[330, 23, 415.3225]
[330, 22, 415.675]
[330, 21, 415.9475]
[330, 20, 416.1525]
[330, 19, 416.3575]
[330, 18, 416.5525]
[330, 17, 416.8325]
[330, 16, 417.08]
[330, 15, 417.3825]
[330, 14, 417.8075]
[330, 13, 418.24]
[330, 12, 418.49]
[330, 11, 418.8175]
[330, 10, 419.17]
[330, 9, 419.5425]
[330, 8, 419.9625]
[330, 7, 420.46]
[330, 6, 420.84]
[330, 5, 421.2525]
[330, 4, 421.725]
[330, 3, 422.1925]
[330, 2, 422.555]
[330, 1, 422.7225]
[330, 0, 422.98]
[340, 0, 429.21]
[340, 1, 429.0375]
[340, 2, 428.9]
[340, 3, 428.7925]
[340, 4, 428.63]
[340, 5, 428.4875]
[340, 6, 428.19]
[340, 7, 427.8825]
[340, 8, 427.765]
[340, 9, 427.64]
[340, 10, 427.455]
[340, 11, 427.205]
[340, 12, 426.9375]
[340, 13, 426.4975]
[340, 14, 426.0625]
[340, 15, 425.7475]
[340, 16, 425.275]
[340, 17, 424.695]
[340, 18, 424.205]
[340, 19, 423.8025]
[340, 20, 423.3575]
[340, 21, 423.09]
[340, 22, 422.8025]
[340, 23, 422.385]
[340, 24, 421.9175]
[340, 25, 421.495]
[340, 26, 420.99]
[340, 27, 420.5675]
[340, 28, 420.1875]
[340, 29, 419.7275]
[340, 30, 419.4]
[340, 31, 419.06]
[340, 32, 418.5675]
[340, 33, 418.0625]
[340, 34, 417.615]
[340, 35, 417.09]
[340, 36, 416.5825]
[340, 37, 416.115]
[340, 38, 415.5775]
[340, 39, 415.1575]
[340, 40, 414.8075]
[340, 41, 414.54]
[340, 42, 414.1825]
[340, 43, 413.735]
[340, 44, 413.3]
[340, 45, 412.91]
[340, 46, 412.555]
[340, 47, 412.1275]
[340, 48, 411.7675]
[340, 49, 411.2775]
[340, 50, 410.905]
[340, 51, 410.5775]
[340, 52, 410.18]
[340, 53, 409.795]
[340, 54, 409.3925]
[340, 55, 409.015]
[340, 56, 408.68]
[340, 57, 408.33]
[340, 58, 407.8625]
[340, 59, 407.4025]
[340, 60, 406.9525]
[340, 61, 406.555]
[340, 62, 406.1825]
[340, 63, 405.885]
[340, 64, 405.6975]
[340, 65, 405.445]
[340, 66, 405.1375]
[340, 67, 404.945]
[340, 68, 404.595]
[340, 69, 404.2725]
[340, 70, 403.9425]
[340, 71, 403.6775]
[340, 72, 403.5025]
[340, 73, 403.29]
[340, 74, 402.915]
[340, 75, 402.485]
[340, 76, 402.105]
[340, 77, 401.755]
[340, 78, 401.32]
[340, 79, 400.9525]
[340, 80, 400.595]
[340, 81, 400.205]
[340, 82, 399.805]
[340, 83, 399.305]
[340, 84, 398.83]
[340, 85, 398.52]
[340, 86, 398.15]
[340, 87, 397.7325]
[340, 88, 397.3275]
[340, 89, 396.9275]
[340, 90, 396.665]
[340, 91, 396.4425]
[340, 92, 396.18]
[340, 93, 395.8275]
[340, 94, 395.5775]
[340, 95, 395.3025]
[340, 96, 395.015]
[340, 97, 394.755]
[340, 98, 394.51]
[340, 99, 394.16]
[340, 100, 393.7875]
[340, 101, 393.3775]
[340, 102, 393.02]
[340, 103, 392.585]
[340, 104, 392.28]
[340, 105, 391.9375]
[340, 106, 391.545]
[340, 107, 391.1675]
[340, 108, 390.7975]
[340, 109, 390.3575]
[340, 110, 389.9375]
[340, 111, 389.5325]
[340, 112, 389.1525]
[340, 113, 388.8725]
[340, 114, 388.675]
[340, 115, 388.435]
[340, 116, 388.2675]
[340, 117, 388.065]
[340, 118, 387.795]
[340, 119, 387.5725]
[340, 120, 387.305]
[340, 121, 387.065]
[340, 122, 386.7825]
[340, 123, 386.4875]
[340, 124, 386.1975]
[340, 125, 385.9775]
[340, 126, 385.71]
[340, 127, 385.4975]
[340, 128, 385.2675]
[340, 129, 385.095]
[340, 130, 384.97]
[340, 131, 384.8725]
[340, 132, 384.6675]
[340, 133, 384.435]
[340, 134, 384.2725]
[340, 135, 383.9425]
[340, 136, 383.6125]
[340, 137, 383.295]
[340, 138, 383.0525]
[340, 139, 382.92]
[340, 140, 382.755]
[340, 141, 382.605]
[340, 142, 382.485]
[340, 143, 382.36]
[340, 144, 382.135]
[340, 145, 381.8625]
[340, 146, 381.475]
[340, 147, 381.1225]
[340, 148, 380.7325]
[340, 149, 380.3925]
[340, 150, 379.95]
[340, 151, 379.515]
[340, 152, 379.12]
[340, 153, 378.7]
[340, 154, 378.2525]
[340, 155, 377.855]
[340, 156, 377.4375]
[340, 157, 377.015]
[340, 158, 376.5925]
[340, 159, 376.23]
[340, 160, 375.85]
[340, 161, 375.4975]
[340, 162, 375.1125]
[340, 163, 374.78]
[340, 164, 374.5325]
[340, 165, 374.28]
[340, 166, 374.025]
[340, 167, 373.71]
[340, 168, 373.4375]
[340, 169, 373.1425]
[340, 170, 372.8825]
[340, 171, 372.635]
[340, 172, 372.33]
[340, 173, 371.89]
[340, 174, 371.5075]
[340, 175, 371.1125]
[340, 176, 370.6425]
[340, 177, 370.27]
[340, 178, 369.965]
[340, 179, 369.705]
[340, 180, 369.4825]
[340, 181, 369.295]
[340, 182, 369.0725]
[340, 183, 368.8075]
[340, 184, 368.605]
[340, 185, 368.42]
[340, 186, 368.2225]
[340, 187, 368.0675]
[340, 188, 367.8875]
[340, 189, 367.76]
[340, 190, 367.6]
[340, 191, 367.39]
[340, 192, 367.115]
[340, 193, 366.8775]
[340, 194, 366.6375]
[340, 195, 366.3875]
[340, 196, 366.1525]
[340, 197, 365.935]
[340, 198, 365.7425]
[340, 199, 365.57]
[340, 200, 365.41]
[340, 201, 365.265]
[340, 202, 365.13]
[340, 203, 364.985]
[340, 204, 364.8875]
[340, 205, 364.795]
[340, 206, 364.63]
[340, 207, 364.48]
[340, 208, 364.38]
[340, 209, 364.145]
[340, 210, 363.85]
[340, 211, 363.6125]
[340, 212, 363.4]
[340, 213, 363.15]
[340, 214, 362.915]
[340, 215, 362.745]
[340, 216, 362.64]
[340, 217, 362.575]
[340, 218, 362.5325]
[340, 219, 362.4725]
[340, 220, 362.39]
[340, 221, 362.2875]
[340, 222, 362.18]
[340, 223, 362.0225]
[340, 224, 361.8225]
[340, 225, 361.6425]
[340, 226, 361.485]
[340, 227, 361.365]
[340, 228, 361.27]
[340, 229, 361.1675]
[340, 230, 361.085]
[340, 231, 360.9575]
[340, 232, 360.845]
[340, 233, 360.735]
[340, 234, 360.6125]
[340, 235, 360.5275]
[340, 236, 360.43]
[340, 237, 360.3325]
[340, 238, 360.235]
[340, 239, 360.14]
[340, 240, 360.085]
[340, 241, 360.03]
[340, 242, 359.945]
[340, 243, 359.885]
[340, 244, 359.795]
[340, 245, 359.7375]
[340, 246, 359.635]
[340, 247, 359.55]
[340, 248, 359.45]
[340, 249, 359.3725]
[340, 250, 359.26]
[340, 251, 359.15]
[340, 252, 359.0375]
[340, 253, 358.9825]
[340, 254, 358.8625]
[340, 255, 358.7625]
[340, 256, 358.655]
[340, 257, 358.56]
[340, 258, 358.44]
[340, 259, 358.3175]
[340, 260, 358.23]
[340, 261, 358.125]
[340, 262, 358.0125]
[340, 263, 357.895]
[340, 264, 357.8175]
[340, 265, 357.7325]
[340, 266, 357.6075]
[340, 267, 357.455]
[340, 268, 357.315]
[340, 269, 357.1725]
[340, 270, 357.0625]
[340, 271, 356.9775]
[340, 272, 356.835]
[340, 273, 356.7375]
[340, 274, 356.6]
[340, 275, 356.4775]
[340, 276, 356.3975]
[340, 277, 356.3]
[340, 278, 356.2]
[340, 279, 356.08]
[340, 280, 356.01]
[340, 281, 355.925]
[340, 282, 355.875]
[340, 283, 355.7975]
[340, 284, 355.745]
[340, 285, 355.6]
[340, 286, 355.5575]
[340, 287, 355.575]
[340, 288, 355.565]
[340, 289, 355.465]
[340, 290, 355.3875]
[340, 291, 355.2575]
[340, 292, 355.1575]
[340, 293, 355.11]
[340, 294, 355.145]
[340, 295, 355.06]
[340, 296, 354.8475]
[340, 297, 354.4875]
[340, 298, 354.2725]
[340, 299, 354.125]
[340, 300, 353.79]
[340, 301, 353.2225]
[340, 302, 351.8075]
[340, 303, 350.63]
[340, 304, 349.7325]
[340, 305, 348.71]
[340, 306, 347.6925]
[340, 307, 347.45]
[340, 308, 347.595]
[340, 309, 347.81]
[340, 310, 347.83]
[340, 311, 347.905]
[340, 312, 347.97]
[340, 313, 347.8425]
[340, 314, 347.66]
[340, 315, 347.115]
[340, 316, 345.56]
[340, 317, 345.4]
[340, 318, 345.9225]
[340, 319, 346.4825]
[340, 320, 347.3875]
[340, 321, 348.365]
[340, 322, 349.265]
[340, 323, 349.9025]
[340, 324, 350.3875]
[340, 325, 351.0025]
[340, 326, 351.43]
[340, 327, 351.7125]
[340, 328, 351.7]
[340, 329, 351.5175]
[340, 330, 351.3175]
[340, 331, 351.1339]
[340, 332, 350.9133]
[340, 333, 350.736]
[340, 334, 350.5548]
[340, 335, 350.3783]
[340, 336, 350.2335]
[340, 337, 350.1098]
[340, 338, 349.9645]
[340, 339, 349.796]
[340, 340, 349.65]
[340, 341, 349.4913]
[340, 342, 349.364]
[340, 343, 349.2525]
[340, 344, 349.1657]
[340, 345, 349.115]
[340, 346, 349.0625]
[340, 347, 349.0821]
[340, 348, 349.1075]
[340, 349, 349.1875]
[340, 350, 349.3055]
[340, 351, 349.4725]
[340, 352, 349.665]
[340, 353, 349.8925]
[340, 354, 350.1539]
[340, 355, 350.4465]
[340, 356, 350.7425]
[340, 357, 350.995]
[340, 358, 351.195]
[340, 359, 351.3217]
[340, 360, 351.409]
[340, 361, 351.5025]
[340, 362, 351.5815]
[340, 363, 351.6725]
[340, 364, 351.705]
[340, 365, 351.735]
[340, 366, 351.755]
[340, 367, 351.78]
[340, 368, 351.7925]
[340, 369, 351.8035]
[340, 370, 351.8093]
[340, 371, 351.8191]
[340, 372, 351.8289]
[340, 373, 351.8357]
[340, 374, 351.8424]
[340, 375, 351.8492]
[340, 376, 351.862]
[340, 377, 351.8295]
[340, 378, 351.7671]
[340, 379, 351.6719]
[340, 380, 351.4775]
[340, 381, 351.2957]
[340, 382, 351.1023]
[340, 383, 350.9473]
[340, 384, 350.8071]
[340, 385, 350.6983]
[340, 386, 350.5569]
[340, 387, 350.4283]
[340, 388, 350.3125]
[340, 389, 350.2258]
[340, 390, 350.1585]
[340, 391, 350.17]
[340, 392, 350.1419]
[340, 393, 350.1747]
[340, 394, 350.3028]
[340, 395, 350.3868]
[340, 396, 350.5574]
[340, 397, 350.6515]
[340, 398, 350.6631]
[340, 399, 350.6545]
[340, 400, 350.665]
[340, 401, 350.7118]
[340, 402, 350.7827]
[340, 403, 350.86]
[340, 404, 350.9275]
[340, 405, 351.0225]
[340, 406, 351.1008]
[340, 407, 351.1297]
[340, 408, 351.0284]
[340, 409, 351.0859]
[340, 410, 351.0793]
[340, 411, 351.0525]
[340, 412, 351.0225]
[340, 413, 351.0295]
[340, 414, 350.9854]
[340, 415, 350.9675]
[340, 416, 350.845]
[340, 417, 350.7276]
[340, 418, 350.5932]
[340, 419, 350.4592]
[340, 420, 350.325]
[340, 421, 350.2122]
[340, 422, 350.1775]
[340, 423, 350.1625]
[340, 424, 350.175]
[340, 425, 350.245]
[340, 426, 350.3629]
[340, 427, 350.4787]
[340, 428, 350.5956]
[340, 429, 350.7487]
[340, 430, 350.9125]
[340, 431, 350.9089]
[340, 432, 350.99]
[340, 433, 351.1045]
[340, 434, 351.115]
[340, 435, 351.0396]
[340, 436, 350.8221]
[340, 437, 350.8664]
[340, 438, 350.8764]
[340, 439, 350.8363]
[340, 440, 350.8905]
[340, 441, 350.9525]
[340, 442, 350.9149]
[340, 443, 350.8375]
[340, 444, 350.7625]
[340, 445, 350.7182]
[340, 446, 350.6663]
[340, 447, 350.6967]
[340, 448, 350.7425]
[340, 449, 350.7725]
[340, 450, 350.8008]
[340, 451, 350.716]
[340, 452, 350.6159]
[340, 453, 350.5333]
[340, 454, 350.4503]
[340, 455, 350.4056]
[340, 456, 350.3875]
[340, 457, 350.3374]
[340, 458, 350.243]
[340, 459, 350.1823]
[340, 460, 350.2022]
[340, 461, 350.2825]
[340, 462, 350.2564]
[340, 463, 350.0065]
[340, 464, 349.8058]
[340, 465, 349.7574]
[340, 466, 349.7914]
[340, 467, 349.7786]
[340, 468, 349.685]
[340, 469, 349.5894]
[340, 470, 349.5443]
[340, 471, 349.4781]
[340, 472, 349.5398]
[340, 473, 349.4962]
[340, 474, 349.0771]
[340, 475, 349.1055]
[340, 476, 349.1272]
[340, 477, 349.0315]
[340, 478, 348.9738]
[340, 479, 349.1104]
[340, 480, 349.1153]
[340, 481, 349.0824]
[340, 482, 348.7291]
[340, 483, 348.5766]
[340, 484, 349.1788]
[340, 485, 349.9368]
[340, 486, 349.72]
[340, 487, 349.25]
[340, 488, 349.1125]
[340, 489, 348.9987]
[340, 490, 348.9506]
[340, 491, 348.8273]
[340, 492, 348.6765]
[340, 493, 348.4188]
[340, 494, 348.3448]
[340, 495, 348.482]
[340, 496, 348.4698]
[340, 497, 348.3826]
[340, 498, 348.4525]
[340, 499, 348.5526]
[350, 499, 356.2496]
[350, 498, 356.3874]
[350, 497, 356.4514]
[350, 496, 356.4932]
[350, 495, 356.5765]
[350, 494, 356.5659]
[350, 493, 356.7025]
[350, 492, 357.1575]
[350, 491, 357.4683]
[350, 490, 356.9048]
[350, 489, 356.1304]
[350, 488, 355.8718]
[350, 487, 356.3461]
[350, 486, 356.8187]
[350, 485, 356.9507]
[350, 484, 357.1171]
[350, 483, 357.1526]
[350, 482, 357.2438]
[350, 481, 357.374]
[350, 480, 357.587]
[350, 479, 357.6734]
[350, 478, 357.6386]
[350, 477, 357.4942]
[350, 476, 357.1361]
[350, 475, 357.0703]
[350, 474, 357.1567]
[350, 473, 357.0957]
[350, 472, 357.063]
[350, 471, 357.2606]
[350, 470, 357.3811]
[350, 469, 357.4124]
[350, 468, 357.472]
[350, 467, 357.557]
[350, 466, 357.6792]
[350, 465, 357.5994]
[350, 464, 357.5411]
[350, 463, 357.4657]
[350, 462, 357.3159]
[350, 461, 357.0632]
[350, 460, 357.3311]
[350, 459, 357.5704]
[350, 458, 357.5966]
[350, 457, 357.7129]
[350, 456, 357.7559]
[350, 455, 357.7161]
[350, 454, 357.765]
[350, 453, 357.8425]
[350, 452, 357.9096]
[350, 451, 357.9254]
[350, 450, 357.962]
[350, 449, 357.9721]
[350, 448, 357.9763]
[350, 447, 358.0054]
[350, 446, 358.0863]
[350, 445, 358.1716]
[350, 444, 358.3472]
[350, 443, 358.4693]
[350, 442, 358.3213]
[350, 441, 357.9637]
[350, 440, 357.6142]
[350, 439, 357.7472]
[350, 438, 357.8164]
[350, 437, 357.8469]
[350, 436, 357.8478]
[350, 435, 357.8843]
[350, 434, 357.8179]
[350, 433, 357.7907]
[350, 432, 357.8327]
[350, 431, 357.8961]
[350, 430, 357.9203]
[350, 429, 357.9525]
[350, 428, 357.9425]
[350, 427, 357.83]
[350, 426, 357.77]
[350, 425, 357.6863]
[350, 424, 357.6012]
[350, 423, 357.46]
[350, 422, 357.2992]
[350, 421, 357.1452]
[350, 420, 357.0221]
[350, 419, 356.9208]
[350, 418, 356.8575]
[350, 417, 356.84]
[350, 416, 356.8175]
[350, 415, 356.87]
[350, 414, 356.885]
[350, 413, 356.9515]
[350, 412, 356.9392]
[350, 411, 356.9163]
[350, 410, 356.8331]
[350, 409, 356.709]
[350, 408, 356.5687]
[350, 407, 356.4372]
[350, 406, 356.3438]
[350, 405, 356.2629]
[350, 404, 356.2096]
[350, 403, 356.195]
[350, 402, 356.1831]
[350, 401, 356.2068]
[350, 400, 356.2106]
[350, 399, 356.2298]
[350, 398, 356.2725]
[350, 397, 356.3602]
[350, 396, 356.4797]
[350, 395, 356.6019]
[350, 394, 356.6126]
[350, 393, 356.7137]
[350, 392, 356.8525]
[350, 391, 356.7586]
[350, 390, 356.7027]
[350, 389, 356.7198]
[350, 388, 356.7081]
[350, 387, 356.64]
[350, 386, 356.435]
[350, 385, 356.2597]
[350, 384, 356.3103]
[350, 383, 356.4477]
[350, 382, 356.3169]
[350, 381, 356.2474]
[350, 380, 356.2]
[350, 379, 356.1775]
[350, 378, 356.2015]
[350, 377, 356.2377]
[350, 376, 356.2867]
[350, 375, 356.3197]
[350, 374, 356.3122]
[350, 373, 356.3451]
[350, 372, 356.3906]
[350, 371, 356.4518]
[350, 370, 356.5237]
[350, 369, 356.6033]
[350, 368, 356.6723]
[350, 367, 356.7263]
[350, 366, 356.7754]
[350, 365, 356.8345]
[350, 364, 356.8758]
[350, 363, 356.9223]
[350, 362, 356.9623]
[350, 361, 357.0055]
[350, 360, 357.0591]
[350, 359, 357.11]
[350, 358, 357.1666]
[350, 357, 357.2024]
[350, 356, 357.2326]
[350, 355, 357.2591]
[350, 354, 357.1659]
[350, 353, 356.9738]
[350, 352, 356.7725]
[350, 351, 356.6054]
[350, 350, 356.4008]
[350, 349, 356.155]
[350, 348, 355.9525]
[350, 347, 355.78]
[350, 346, 355.5975]
[350, 345, 355.4461]
[350, 344, 355.2985]
[350, 343, 355.1461]
[350, 342, 354.9705]
[350, 341, 354.8035]
[350, 340, 354.6741]
[350, 339, 354.5691]
[350, 338, 354.4434]
[350, 337, 354.3844]
[350, 336, 354.3468]
[350, 335, 354.3216]
[350, 334, 354.338]
[350, 333, 354.3907]
[350, 332, 354.4492]
[350, 331, 354.4874]
[350, 330, 354.5858]
[350, 329, 354.6469]
[350, 328, 354.71]
[350, 327, 354.795]
[350, 326, 354.9175]
[350, 325, 355.05]
[350, 324, 355.045]
[350, 323, 354.605]
[350, 322, 353.795]
[350, 321, 353.085]
[350, 320, 352.285]
[350, 319, 351.8025]
[350, 318, 351.58]
[350, 317, 351.5625]
[350, 316, 351.4425]
[350, 315, 350.9675]
[350, 314, 350.4075]
[350, 313, 349.8675]
[350, 312, 349.4225]
[350, 311, 349.2075]
[350, 310, 349.265]
[350, 309, 349.3825]
[350, 308, 349.535]
[350, 307, 349.8575]
[350, 306, 350.15]
[350, 305, 350.0175]
[350, 304, 349.9525]
[350, 303, 349.9975]
[350, 302, 350.2625]
[350, 301, 350.43]
[350, 300, 350.5975]
[350, 299, 350.7075]
[350, 298, 350.73]
[350, 297, 351.0475]
[350, 296, 351.9475]
[350, 295, 353.715]
[350, 294, 355.63]
[350, 293, 357.2125]
[350, 292, 358.1975]
[350, 291, 358.2725]
[350, 290, 358.2925]
[350, 289, 358.33]
[350, 288, 358.505]
[350, 287, 358.7]
[350, 286, 358.835]
[350, 285, 358.835]
[350, 284, 358.78]
[350, 283, 358.765]
[350, 282, 358.825]
[350, 281, 358.85]
[350, 280, 358.9425]
[350, 279, 359.0575]
[350, 278, 359.1375]
[350, 277, 359.2525]
[350, 276, 359.335]
[350, 275, 359.4275]
[350, 274, 359.525]
[350, 273, 359.6425]
[350, 272, 359.7225]
[350, 271, 359.815]
[350, 270, 359.885]
[350, 269, 360.0025]
[350, 268, 360.1125]
[350, 267, 360.215]
[350, 266, 360.34]
[350, 265, 360.44]
[350, 264, 360.4925]
[350, 263, 360.585]
[350, 262, 360.6725]
[350, 261, 360.775]
[350, 260, 360.855]
[350, 259, 360.8975]
[350, 258, 360.9825]
[350, 257, 361.025]
[350, 256, 361.0725]
[350, 255, 361.1375]
[350, 254, 361.2025]
[350, 253, 361.2425]
[350, 252, 361.3175]
[350, 251, 361.3675]
[350, 250, 361.4125]
[350, 249, 361.4275]
[350, 248, 361.445]
[350, 247, 361.4525]
[350, 246, 361.4825]
[350, 245, 361.515]
[350, 244, 361.5525]
[350, 243, 361.6025]
[350, 242, 361.665]
[350, 241, 361.7025]
[350, 240, 361.7025]
[350, 239, 361.8075]
[350, 238, 361.9]
[350, 237, 361.975]
[350, 236, 362.08]
[350, 235, 362.21]
[350, 234, 362.275]
[350, 233, 362.305]
[350, 232, 362.4175]
[350, 231, 362.5575]
[350, 230, 362.63]
[350, 229, 362.7775]
[350, 228, 362.9175]
[350, 227, 363.185]
[350, 226, 363.405]
[350, 225, 363.5825]
[350, 224, 363.765]
[350, 223, 363.965]
[350, 222, 364.115]
[350, 221, 364.2925]
[350, 220, 364.4825]
[350, 219, 364.7425]
[350, 218, 364.9625]
[350, 217, 365.2075]
[350, 216, 365.39]
[350, 215, 365.6175]
[350, 214, 365.82]
[350, 213, 366.0225]
[350, 212, 366.2575]
[350, 211, 366.5]
[350, 210, 366.7775]
[350, 209, 366.96]
[350, 208, 367.2525]
[350, 207, 367.535]
[350, 206, 367.71]
[350, 205, 367.76]
[350, 204, 367.8]
[350, 203, 367.945]
[350, 202, 368.075]
[350, 201, 368.2]
[350, 200, 368.395]
[350, 199, 368.635]
[350, 198, 368.7825]
[350, 197, 368.9175]
[350, 196, 369.0725]
[350, 195, 369.2775]
[350, 194, 369.465]
[350, 193, 369.665]
[350, 192, 369.9725]
[350, 191, 370.2775]
[350, 190, 370.405]
[350, 189, 370.5625]
[350, 188, 370.77]
[350, 187, 370.9475]
[350, 186, 371.1825]
[350, 185, 371.415]
[350, 184, 371.7475]
[350, 183, 372.0425]
[350, 182, 372.3375]
[350, 181, 372.5725]
[350, 180, 372.9225]
[350, 179, 373.1725]
[350, 178, 373.4825]
[350, 177, 373.8075]
[350, 176, 374.2075]
[350, 175, 374.6425]
[350, 174, 375.0625]
[350, 173, 375.4325]
[350, 172, 375.7375]
[350, 171, 376.05]
[350, 170, 376.33]
[350, 169, 376.645]
[350, 168, 376.9925]
[350, 167, 377.35]
[350, 166, 377.67]
[350, 165, 378.1075]
[350, 164, 378.535]
[350, 163, 379.06]
[350, 162, 379.565]
[350, 161, 380.15]
[350, 160, 380.7175]
[350, 159, 381.33]
[350, 158, 381.925]
[350, 157, 382.5375]
[350, 156, 383.15]
[350, 155, 383.6925]
[350, 154, 384.15]
[350, 153, 384.4825]
[350, 152, 384.67]
[350, 151, 384.82]
[350, 150, 384.89]
[350, 149, 384.9725]
[350, 148, 385.065]
[350, 147, 385.155]
[350, 146, 385.325]
[350, 145, 385.42]
[350, 144, 385.5175]
[350, 143, 385.605]
[350, 142, 385.7925]
[350, 141, 386.055]
[350, 140, 386.2825]
[350, 139, 386.4775]
[350, 138, 386.76]
[350, 137, 387.0975]
[350, 136, 387.4675]
[350, 135, 387.94]
[350, 134, 388.4175]
[350, 133, 388.82]
[350, 132, 389.21]
[350, 131, 389.575]
[350, 130, 389.9]
[350, 129, 390.195]
[350, 128, 390.5075]
[350, 127, 390.83]
[350, 126, 391.1475]
[350, 125, 391.5225]
[350, 124, 391.8625]
[350, 123, 392.2225]
[350, 122, 392.54]
[350, 121, 392.8575]
[350, 120, 393.0975]
[350, 119, 393.315]
[350, 118, 393.465]
[350, 117, 393.6475]
[350, 116, 393.9575]
[350, 115, 394.21]
[350, 114, 394.4775]
[350, 113, 394.8]
[350, 112, 395.065]
[350, 111, 395.425]
[350, 110, 395.85]
[350, 109, 396.3425]
[350, 108, 396.725]
[350, 107, 397.165]
[350, 106, 397.6025]
[350, 105, 398.0025]
[350, 104, 398.395]
[350, 103, 398.785]
[350, 102, 399.115]
[350, 101, 399.38]
[350, 100, 399.7825]
[350, 99, 400.1625]
[350, 98, 400.5525]
[350, 97, 401.015]
[350, 96, 401.4025]
[350, 95, 401.7]
[350, 94, 402.0475]
[350, 93, 402.325]
[350, 92, 402.61]
[350, 91, 403.0825]
[350, 90, 403.475]
[350, 89, 403.9825]
[350, 88, 404.4925]
[350, 87, 404.87]
[350, 86, 405.3125]
[350, 85, 405.755]
[350, 84, 406.1675]
[350, 83, 406.4525]
[350, 82, 406.85]
[350, 81, 407.295]
[350, 80, 407.7475]
[350, 79, 408.185]
[350, 78, 408.49]
[350, 77, 408.8025]
[350, 76, 409.1975]
[350, 75, 409.5375]
[350, 74, 409.875]
[350, 73, 410.18]
[350, 72, 410.4025]
[350, 71, 410.5875]
[350, 70, 410.7525]
[350, 69, 410.9725]
[350, 68, 411.115]
[350, 67, 411.3675]
[350, 66, 411.755]
[350, 65, 412.1]
[350, 64, 412.495]
[350, 63, 413.0225]
[350, 62, 413.5675]
[350, 61, 414.0725]
[350, 60, 414.5125]
[350, 59, 415.0375]
[350, 58, 415.455]
[350, 57, 415.8925]
[350, 56, 416.3075]
[350, 55, 416.6575]
[350, 54, 417.07]
[350, 53, 417.55]
[350, 52, 417.9875]
[350, 51, 418.345]
[350, 50, 418.7625]
[350, 49, 419.035]
[350, 48, 419.27]
[350, 47, 419.6325]
[350, 46, 420.0675]
[350, 45, 420.425]
[350, 44, 420.835]
[350, 43, 421.1675]
[350, 42, 421.4725]
[350, 41, 421.765]
[350, 40, 422.1925]
[350, 39, 422.575]
[350, 38, 422.9275]
[350, 37, 423.3025]
[350, 36, 423.5575]
[350, 35, 423.95]
[350, 34, 424.425]
[350, 33, 424.9725]
[350, 32, 425.535]
[350, 31, 426.2725]
[350, 30, 426.94]
[350, 29, 427.605]
[350, 28, 428.25]
[350, 27, 428.9075]
[350, 26, 429.4975]
[350, 25, 429.935]
[350, 24, 430.385]
[350, 23, 430.855]
[350, 22, 431.23]
[350, 21, 431.57]
[350, 20, 431.86]
[350, 19, 432.175]
[350, 18, 432.4175]
[350, 17, 432.5475]
[350, 16, 432.7]
[350, 15, 432.86]
[350, 14, 433.075]
[350, 13, 433.31]
[350, 12, 433.4425]
[350, 11, 433.5775]
[350, 10, 433.8125]
[350, 9, 434.12]
[350, 8, 434.4775]
[350, 7, 434.9]
[350, 6, 435.41]
[350, 5, 435.7575]
[350, 4, 436.135]
[350, 3, 436.49]
[350, 2, 436.87]
[350, 1, 437.255]
[350, 0, 437.64]
[360, 0, 446.1625]
[360, 1, 445.8625]
[360, 2, 445.44]
[360, 3, 444.9675]
[360, 4, 444.51]
[360, 5, 444.0875]
[360, 6, 443.7525]
[360, 7, 443.4175]
[360, 8, 443.1675]
[360, 9, 442.9525]
[360, 10, 442.685]
[360, 11, 442.23]
[360, 12, 441.8275]
[360, 13, 441.3425]
[360, 14, 440.905]
[360, 15, 440.54]
[360, 16, 440.2775]
[360, 17, 439.845]
[360, 18, 439.475]
[360, 19, 439.1375]
[360, 20, 438.905]
[360, 21, 438.64]
[360, 22, 438.425]
[360, 23, 438.17]
[360, 24, 437.8425]
[360, 25, 437.515]
[360, 26, 437.1225]
[360, 27, 436.575]
[360, 28, 436.115]
[360, 29, 435.78]
[360, 30, 435.4825]
[360, 31, 435.1075]
[360, 32, 434.6625]
[360, 33, 434.2875]
[360, 34, 433.845]
[360, 35, 433.4125]
[360, 36, 432.9525]
[360, 37, 432.4775]
[360, 38, 432.0675]
[360, 39, 431.725]
[360, 40, 431.4]
[360, 41, 431.0275]
[360, 42, 430.6525]
[360, 43, 430.305]
[360, 44, 429.9525]
[360, 45, 429.475]
[360, 46, 429.0075]
[360, 47, 428.3625]
[360, 48, 427.745]
[360, 49, 427.3425]
[360, 50, 426.8925]
[360, 51, 426.4025]
[360, 52, 425.875]
[360, 53, 425.4175]
[360, 54, 425.0525]
[360, 55, 424.675]
[360, 56, 424.275]
[360, 57, 423.86]
[360, 58, 423.2875]
[360, 59, 422.84]
[360, 60, 422.18]
[360, 61, 421.495]
[360, 62, 420.8325]
[360, 63, 420.2]
[360, 64, 419.7575]
[360, 65, 419.565]
[360, 66, 419.3525]
[360, 67, 419.0675]
[360, 68, 418.9225]
[360, 69, 418.7475]
[360, 70, 418.555]
[360, 71, 418.3075]
[360, 72, 418.1425]
[360, 73, 417.9725]
[360, 74, 417.715]
[360, 75, 417.475]
[360, 76, 417.2625]
[360, 77, 417.1025]
[360, 78, 416.9075]
[360, 79, 416.585]
[360, 80, 416.3325]
[360, 81, 415.9125]
[360, 82, 415.6825]
[360, 83, 415.4225]
[360, 84, 415.04]
[360, 85, 414.53]
[360, 86, 414.0325]
[360, 87, 413.495]
[360, 88, 413.0375]
[360, 89, 412.64]
[360, 90, 412.1625]
[360, 91, 411.64]
[360, 92, 411.16]
[360, 93, 410.7]
[360, 94, 410.2]
[360, 95, 409.63]
[360, 96, 408.975]
[360, 97, 408.34]
[360, 98, 407.665]
[360, 99, 406.94]
[360, 100, 406.275]
[360, 101, 405.655]
[360, 102, 404.985]
[360, 103, 404.4975]
[360, 104, 403.9775]
[360, 105, 403.5225]
[360, 106, 403.14]
[360, 107, 402.635]
[360, 108, 402.23]
[360, 109, 401.8475]
[360, 110, 401.3275]
[360, 111, 400.98]
[360, 112, 400.605]
[360, 113, 400.2425]
[360, 114, 399.8875]
[360, 115, 399.575]
[360, 116, 399.285]
[360, 117, 399.08]
[360, 118, 398.8575]
[360, 119, 398.6]
[360, 120, 398.3675]
[360, 121, 398.2075]
[360, 122, 398.055]
[360, 123, 397.8125]
[360, 124, 397.585]
[360, 125, 397.4225]
[360, 126, 397.2125]
[360, 127, 396.995]
[360, 128, 396.83]
[360, 129, 396.7]
[360, 130, 396.4325]
[360, 131, 396.1825]
[360, 132, 395.975]
[360, 133, 395.8075]
[360, 134, 395.5725]
[360, 135, 395.3025]
[360, 136, 394.995]
[360, 137, 394.6675]
[360, 138, 394.355]
[360, 139, 394.0525]
[360, 140, 393.6875]
[360, 141, 393.285]
[360, 142, 392.9075]
[360, 143, 392.4525]
[360, 144, 392.0975]
[360, 145, 391.7475]
[360, 146, 391.355]
[360, 147, 391.0125]
[360, 148, 390.7425]
[360, 149, 390.52]
[360, 150, 390.3525]
[360, 151, 390.12]
[360, 152, 389.8475]
[360, 153, 389.5975]
[360, 154, 389.3175]
[360, 155, 388.9925]
[360, 156, 388.5475]
[360, 157, 387.995]
[360, 158, 387.42]
[360, 159, 386.845]
[360, 160, 386.36]
[360, 161, 385.8725]
[360, 162, 385.395]
[360, 163, 384.9475]
[360, 164, 384.45]
[360, 165, 383.995]
[360, 166, 383.5925]
[360, 167, 383.1175]
[360, 168, 382.61]
[360, 169, 382.2475]
[360, 170, 381.9]
[360, 171, 381.5675]
[360, 172, 381.1325]
[360, 173, 380.71]
[360, 174, 380.335]
[360, 175, 379.9025]
[360, 176, 379.47]
[360, 177, 379.005]
[360, 178, 378.6]
[360, 179, 378.1275]
[360, 180, 377.73]
[360, 181, 377.3175]
[360, 182, 376.93]
[360, 183, 376.66]
[360, 184, 376.3675]
[360, 185, 376.0925]
[360, 186, 375.745]
[360, 187, 375.435]
[360, 188, 375.1575]
[360, 189, 374.955]
[360, 190, 374.8175]
[360, 191, 374.69]
[360, 192, 374.57]
[360, 193, 374.505]
[360, 194, 374.5025]
[360, 195, 374.47]
[360, 196, 374.4475]
[360, 197, 374.4475]
[360, 198, 374.43]
[360, 199, 374.395]
[360, 200, 374.35]
[360, 201, 374.26]
[360, 202, 374.2225]
[360, 203, 374.1325]
[360, 204, 374.04]
[360, 205, 373.9125]
[360, 206, 373.795]
[360, 207, 373.6575]
[360, 208, 373.4725]
[360, 209, 373.285]
[360, 210, 373.075]
[360, 211, 372.7975]
[360, 212, 372.4875]
[360, 213, 372.12]
[360, 214, 371.84]
[360, 215, 371.595]
[360, 216, 371.3775]
[360, 217, 371.2025]
[360, 218, 371.025]
[360, 219, 370.8225]
[360, 220, 370.6025]
[360, 221, 370.3725]
[360, 222, 370.185]
[360, 223, 369.95]
[360, 224, 369.7325]
[360, 225, 369.5375]
[360, 226, 369.325]
[360, 227, 369.06]
[360, 228, 368.8]
[360, 229, 368.5425]
[360, 230, 368.315]
[360, 231, 368.0825]
[360, 232, 367.8475]
[360, 233, 367.595]
[360, 234, 367.36]
[360, 235, 367.1325]
[360, 236, 366.8325]
[360, 237, 366.6025]
[360, 238, 366.4475]
[360, 239, 366.2]
[360, 240, 365.9725]
[360, 241, 365.805]
[360, 242, 365.54]
[360, 243, 365.3225]
[360, 244, 365.1175]
[360, 245, 364.8825]
[360, 246, 364.6175]
[360, 247, 364.42]
[360, 248, 364.285]
[360, 249, 364.12]
[360, 250, 363.94]
[360, 251, 363.8125]
[360, 252, 363.7975]
[360, 253, 363.65]
[360, 254, 363.5575]
[360, 255, 363.4975]
[360, 256, 363.44]
[360, 257, 363.425]
[360, 258, 363.3725]
[360, 259, 363.365]
[360, 260, 363.3625]
[360, 261, 363.3325]
[360, 262, 363.28]
[360, 263, 363.2125]
[360, 264, 363.165]
[360, 265, 363.1025]
[360, 266, 363.025]
[360, 267, 362.955]
[360, 268, 362.875]
[360, 269, 362.84]
[360, 270, 362.79]
[360, 271, 362.7675]
[360, 272, 362.705]
[360, 273, 362.6175]
[360, 274, 362.53]
[360, 275, 362.51]
[360, 276, 362.46]
[360, 277, 362.44]
[360, 278, 362.5075]
[360, 279, 362.5775]
[360, 280, 362.3225]
[360, 281, 362.0325]
[360, 282, 361.9]
[360, 283, 361.77]
[360, 284, 361.36]
[360, 285, 360.2125]
[360, 286, 358.545]
[360, 287, 357.1575]
[360, 288, 356.2125]
[360, 289, 355.7125]
[360, 290, 355.2325]
[360, 291, 354.92]
[360, 292, 354.7375]
[360, 293, 354.59]
[360, 294, 354.095]
[360, 295, 353.4375]
[360, 296, 353.0325]
[360, 297, 352.985]
[360, 298, 353.315]
[360, 299, 353.525]
[360, 300, 353.5975]
[360, 301, 353.66]
[360, 302, 353.49]
[360, 303, 353.4125]
[360, 304, 353.305]
[360, 305, 353.2425]
[360, 306, 352.97]
[360, 307, 352.75]
[360, 308, 352.755]
[360, 309, 353.195]
[360, 310, 354.085]
[360, 311, 355.03]
[360, 312, 355.9225]
[360, 313, 356.835]
[360, 314, 357.79]
[360, 315, 358.6025]
[360, 316, 359.24]
[360, 317, 359.58]
[360, 318, 359.935]
[360, 319, 360.22]
[360, 320, 360.155]
[360, 321, 359.9225]
[360, 322, 359.9025]
[360, 323, 360.39]
[360, 324, 361.015]
[360, 325, 361.435]
[360, 326, 361.5725]
[360, 327, 361.63]
[360, 328, 361.7274]
[360, 329, 361.852]
[360, 330, 361.9669]
[360, 331, 362.0801]
[360, 332, 362.1828]
[360, 333, 362.2972]
[360, 334, 362.3821]
[360, 335, 362.4435]
[360, 336, 362.475]
[360, 337, 362.4988]
[360, 338, 362.535]
[360, 339, 362.542]
[360, 340, 362.5705]
[360, 341, 362.6583]
[360, 342, 362.6967]
[360, 343, 362.7273]
[360, 344, 362.7516]
[360, 345, 362.7596]
[360, 346, 362.7553]
[360, 347, 362.745]
[360, 348, 362.6955]
[360, 349, 362.6449]
[360, 350, 362.5929]
[360, 351, 362.5525]
[360, 352, 362.6025]
[360, 353, 362.6625]
[360, 354, 362.7246]
[360, 355, 362.7838]
[360, 356, 362.8424]
[360, 357, 362.8506]
[360, 358, 362.83]
[360, 359, 362.802]
[360, 360, 362.735]
[360, 361, 362.6551]
[360, 362, 362.5131]
[360, 363, 362.3644]
[360, 364, 362.2303]
[360, 365, 362.1451]
[360, 366, 362.0916]
[360, 367, 362.1004]
[360, 368, 362.1966]
[360, 369, 362.2621]
[360, 370, 362.3484]
[360, 371, 362.3179]
[360, 372, 362.239]
[360, 373, 362.2442]
[360, 374, 362.299]
[360, 375, 362.315]
[360, 376, 362.3325]
[360, 377, 362.4523]
[360, 378, 362.5863]
[360, 379, 362.6897]
[360, 380, 362.8275]
[360, 381, 362.9621]
[360, 382, 362.9975]
[360, 383, 363.0451]
[360, 384, 363.1123]
[360, 385, 363.105]
[360, 386, 363.045]
[360, 387, 362.9263]
[360, 388, 362.8397]
[360, 389, 362.7156]
[360, 390, 362.5864]
[360, 391, 362.35]
[360, 392, 362.1892]
[360, 393, 362.4098]
[360, 394, 362.6363]
[360, 395, 362.7488]
[360, 396, 362.8524]
[360, 397, 362.958]
[360, 398, 363.0233]
[360, 399, 363.038]
[360, 400, 363.1178]
[360, 401, 363.1314]
[360, 402, 363.2054]
[360, 403, 363.3072]
[360, 404, 363.4151]
[360, 405, 363.5245]
[360, 406, 363.6437]
[360, 407, 363.7804]
[360, 408, 363.9064]
[360, 409, 364.0051]
[360, 410, 363.9884]
[360, 411, 364.0148]
[360, 412, 364.0475]
[360, 413, 364.0579]
[360, 414, 364.1331]
[360, 415, 364.2839]
[360, 416, 364.4739]
[360, 417, 364.65]
[360, 418, 364.8525]
[360, 419, 365.0117]
[360, 420, 365.1298]
[360, 421, 365.2614]
[360, 422, 365.3528]
[360, 423, 365.3775]
[360, 424, 365.42]
[360, 425, 365.486]
[360, 426, 365.4695]
[360, 427, 365.4414]
[360, 428, 365.3854]
[360, 429, 365.4402]
[360, 430, 365.438]
[360, 431, 365.4098]
[360, 432, 365.3725]
[360, 433, 365.3775]
[360, 434, 365.3685]
[360, 435, 365.2728]
[360, 436, 365.1993]
[360, 437, 365.1279]
[360, 438, 365.0625]
[360, 439, 364.9738]
[360, 440, 364.8556]
[360, 441, 364.7517]
[360, 442, 364.8753]
[360, 443, 365.3]
[360, 444, 365.5098]
[360, 445, 365.636]
[360, 446, 365.7903]
[360, 447, 365.88]
[360, 448, 365.9117]
[360, 449, 365.926]
[360, 450, 366.0018]
[360, 451, 366.0195]
[360, 452, 365.9642]
[360, 453, 365.8988]
[360, 454, 365.9451]
[360, 455, 365.9012]
[360, 456, 365.7975]
[360, 457, 365.69]
[360, 458, 365.4236]
[360, 459, 364.9856]
[360, 460, 364.7128]
[360, 461, 364.5894]
[360, 462, 364.5153]
[360, 463, 364.2522]
[360, 464, 363.9773]
[360, 465, 363.7925]
[360, 466, 363.66]
[360, 467, 363.7454]
[360, 468, 363.7931]
[360, 469, 363.8473]
[360, 470, 363.5926]
[360, 471, 363.23]
[360, 472, 362.9608]
[360, 473, 363.0275]
[360, 474, 363.2483]
[360, 475, 363.57]
[360, 476, 363.8145]
[360, 477, 363.8949]
[360, 478, 364.0198]
[360, 479, 364.2024]
[360, 480, 364.3477]
[360, 481, 364.3946]
[360, 482, 364.4113]
[360, 483, 364.545]
[360, 484, 364.6765]
[360, 485, 364.8351]
[360, 486, 364.875]
[360, 487, 364.8033]
[360, 488, 364.8168]
[360, 489, 364.8787]
[360, 490, 364.7566]
[360, 491, 364.5634]
[360, 492, 364.197]
[360, 493, 363.6863]
[360, 494, 363.8215]
[360, 495, 364.505]
[360, 496, 364.2]
[360, 497, 363.708]
[360, 498, 363.4731]
[360, 499, 363.4285]
[370, 499, 369.9613]
[370, 498, 369.9223]
[370, 497, 369.7893]
[370, 496, 369.9586]
[370, 495, 370.5771]
[370, 494, 370.7755]
[370, 493, 370.9608]
[370, 492, 371.1746]
[370, 491, 371.3683]
[370, 490, 371.4838]
[370, 489, 371.5425]
[370, 488, 371.5195]
[370, 487, 371.4728]
[370, 486, 371.4665]
[370, 485, 371.3925]
[370, 484, 371.2823]
[370, 483, 371.1174]
[370, 482, 370.9807]
[370, 481, 370.8526]
[370, 480, 370.7738]
[370, 479, 370.4894]
[370, 478, 370.5075]
[370, 477, 370.5919]
[370, 476, 370.4066]
[370, 475, 370.1931]
[370, 474, 370.1469]
[370, 473, 370.087]
[370, 472, 370.0317]
[370, 471, 369.96]
[370, 470, 369.82]
[370, 469, 369.6617]
[370, 468, 369.5175]
[370, 467, 369.385]
[370, 466, 369.4397]
[370, 465, 369.5147]
[370, 464, 369.5876]
[370, 463, 369.7817]
[370, 462, 370.1084]
[370, 461, 370.375]
[370, 460, 370.5257]
[370, 459, 370.687]
[370, 458, 370.7579]
[370, 457, 370.8562]
[370, 456, 370.9239]
[370, 455, 371.0665]
[370, 454, 371.1997]
[370, 453, 371.372]
[370, 452, 371.2643]
[370, 451, 371.2388]
[370, 450, 371.2129]
[370, 449, 371.2326]
[370, 448, 371.3199]
[370, 447, 371.2986]
[370, 446, 371.2678]
[370, 445, 371.1491]
[370, 444, 371.0258]
[370, 443, 370.8375]
[370, 442, 370.5681]
[370, 441, 370.4375]
[370, 440, 370.3475]
[370, 439, 370.4241]
[370, 438, 370.5823]
[370, 437, 370.8223]
[370, 436, 371.1363]
[370, 435, 371.4354]
[370, 434, 371.7]
[370, 433, 371.9147]
[370, 432, 372.0684]
[370, 431, 372.2029]
[370, 430, 372.3715]
[370, 429, 372.5711]
[370, 428, 372.7303]
[370, 427, 372.8518]
[370, 426, 372.8851]
[370, 425, 372.9129]
[370, 424, 372.937]
[370, 423, 372.9253]
[370, 422, 372.9134]
[370, 421, 372.9168]
[370, 420, 372.9223]
[370, 419, 372.8656]
[370, 418, 372.6889]
[370, 417, 372.4799]
[370, 416, 372.185]
[370, 415, 372.0851]
[370, 414, 372.0921]
[370, 413, 372.0075]
[370, 412, 371.9639]
[370, 411, 371.9684]
[370, 410, 371.9208]
[370, 409, 371.885]
[370, 408, 371.8829]
[370, 407, 371.9138]
[370, 406, 372.0651]
[370, 405, 372.0833]
[370, 404, 372.0962]
[370, 403, 372.193]
[370, 402, 372.1944]
[370, 401, 372.015]
[370, 400, 371.8719]
[370, 399, 371.7196]
[370, 398, 371.6025]
[370, 397, 371.6255]
[370, 396, 371.575]
[370, 395, 371.4875]
[370, 394, 371.4538]
[370, 393, 371.385]
[370, 392, 371.3747]
[370, 391, 371.261]
[370, 390, 371.1271]
[370, 389, 371.0175]
[370, 388, 370.929]
[370, 387, 370.8593]
[370, 386, 370.7956]
[370, 385, 370.7363]
[370, 384, 370.6525]
[370, 383, 370.4887]
[370, 382, 370.4935]
[370, 381, 370.5605]
[370, 380, 370.5416]
[370, 379, 370.4015]
[370, 378, 370.2174]
[370, 377, 370.0348]
[370, 376, 369.8481]
[370, 375, 369.6857]
[370, 374, 369.5825]
[370, 373, 369.4526]
[370, 372, 369.3288]
[370, 371, 369.2084]
[370, 370, 369.0965]
[370, 369, 369.0572]
[370, 368, 369.0745]
[370, 367, 368.9872]
[370, 366, 368.9741]
[370, 365, 368.8453]
[370, 364, 368.7933]
[370, 363, 368.7758]
[370, 362, 368.7025]
[370, 361, 368.59]
[370, 360, 368.5141]
[370, 359, 368.4726]
[370, 358, 368.4391]
[370, 357, 368.4311]
[370, 356, 368.4448]
[370, 355, 368.4657]
[370, 354, 368.5199]
[370, 353, 368.6329]
[370, 352, 368.74]
[370, 351, 368.8066]
[370, 350, 368.8884]
[370, 349, 368.9475]
[370, 348, 368.9408]
[370, 347, 368.9084]
[370, 346, 368.8967]
[370, 345, 368.895]
[370, 344, 368.8449]
[370, 343, 368.7583]
[370, 342, 368.6133]
[370, 341, 368.4789]
[370, 340, 368.37]
[370, 339, 368.2065]
[370, 338, 368.037]
[370, 337, 367.85]
[370, 336, 367.7152]
[370, 335, 367.8249]
[370, 334, 368.0121]
[370, 333, 367.9984]
[370, 332, 367.9915]
[370, 331, 367.8469]
[370, 330, 367.79]
[370, 329, 368.1963]
[370, 328, 368.5692]
[370, 327, 368.6601]
[370, 326, 368.66]
[370, 325, 368.6525]
[370, 324, 368.625]
[370, 323, 368.605]
[370, 322, 368.665]
[370, 321, 368.68]
[370, 320, 368.6]
[370, 319, 368.495]
[370, 318, 368.455]
[370, 317, 368.355]
[370, 316, 368.145]
[370, 315, 367.825]
[370, 314, 367.43]
[370, 313, 366.95]
[370, 312, 366.4575]
[370, 311, 365.905]
[370, 310, 365.35]
[370, 309, 364.5275]
[370, 308, 363.6875]
[370, 307, 362.82]
[370, 306, 361.845]
[370, 305, 360.88]
[370, 304, 359.94]
[370, 303, 359.14]
[370, 302, 358.32]
[370, 301, 357.155]
[370, 300, 356.1925]
[370, 299, 355.38]
[370, 298, 354.5775]
[370, 297, 354.7075]
[370, 296, 355.2425]
[370, 295, 355.9175]
[370, 294, 356.485]
[370, 293, 357.195]
[370, 292, 357.645]
[370, 291, 357.63]
[370, 290, 357.4725]
[370, 289, 357.4125]
[370, 288, 357.7075]
[370, 287, 358.2875]
[370, 286, 358.665]
[370, 285, 358.955]
[370, 284, 359.4225]
[370, 283, 360.42]
[370, 282, 362.06]
[370, 281, 364.16]
[370, 280, 365.19]
[370, 279, 365.3775]
[370, 278, 365.4025]
[370, 277, 365.4825]
[370, 276, 365.7925]
[370, 275, 366.0725]
[370, 274, 366.0775]
[370, 273, 366.005]
[370, 272, 365.9675]
[370, 271, 366.0325]
[370, 270, 366.0625]
[370, 269, 366.05]
[370, 268, 366.075]
[370, 267, 366.1225]
[370, 266, 366.1725]
[370, 265, 366.245]
[370, 264, 366.3]
[370, 263, 366.3775]
[370, 262, 366.5525]
[370, 261, 366.7925]
[370, 260, 367.02]
[370, 259, 367.2325]
[370, 258, 367.5]
[370, 257, 367.7475]
[370, 256, 367.9175]
[370, 255, 368.0225]
[370, 254, 368.1775]
[370, 253, 368.305]
[370, 252, 368.45]
[370, 251, 368.605]
[370, 250, 368.745]
[370, 249, 368.845]
[370, 248, 368.95]
[370, 247, 369.1075]
[370, 246, 369.29]
[370, 245, 369.505]
[370, 244, 369.75]
[370, 243, 369.985]
[370, 242, 370.1825]
[370, 241, 370.4475]
[370, 240, 370.735]
[370, 239, 371.0625]
[370, 238, 371.3425]
[370, 237, 371.6975]
[370, 236, 371.9975]
[370, 235, 372.35]
[370, 234, 372.7225]
[370, 233, 373.06]
[370, 232, 373.4125]
[370, 231, 373.7675]
[370, 230, 374.0975]
[370, 229, 374.415]
[370, 228, 374.7225]
[370, 227, 375.0025]
[370, 226, 375.275]
[370, 225, 375.4675]
[370, 224, 375.705]
[370, 223, 375.8875]
[370, 222, 376.065]
[370, 221, 376.265]
[370, 220, 376.45]
[370, 219, 376.6]
[370, 218, 376.71]
[370, 217, 376.855]
[370, 216, 376.9675]
[370, 215, 377.085]
[370, 214, 377.2225]
[370, 213, 377.3525]
[370, 212, 377.455]
[370, 211, 377.5625]
[370, 210, 377.6575]
[370, 209, 377.765]
[370, 208, 377.89]
[370, 207, 378.025]
[370, 206, 378.1425]
[370, 205, 378.29]
[370, 204, 378.4325]
[370, 203, 378.6375]
[370, 202, 378.8075]
[370, 201, 378.945]
[370, 200, 379.11]
[370, 199, 379.3925]
[370, 198, 379.665]
[370, 197, 379.955]
[370, 196, 380.18]
[370, 195, 380.3375]
[370, 194, 380.49]
[370, 193, 380.6475]
[370, 192, 380.7225]
[370, 191, 380.78]
[370, 190, 380.93]
[370, 189, 381.11]
[370, 188, 381.27]
[370, 187, 381.4075]
[370, 186, 381.59]
[370, 185, 381.7825]
[370, 184, 382.07]
[370, 183, 382.36]
[370, 182, 382.78]
[370, 181, 383.215]
[370, 180, 383.68]
[370, 179, 384.2]
[370, 178, 384.635]
[370, 177, 385.025]
[370, 176, 385.3975]
[370, 175, 385.7625]
[370, 174, 386.28]
[370, 173, 386.7775]
[370, 172, 387.375]
[370, 171, 388.02]
[370, 170, 388.64]
[370, 169, 389.1625]
[370, 168, 389.71]
[370, 167, 390.225]
[370, 166, 390.8275]
[370, 165, 391.37]
[370, 164, 391.7925]
[370, 163, 392.2525]
[370, 162, 392.7025]
[370, 161, 393.1175]
[370, 160, 393.42]
[370, 159, 393.73]
[370, 158, 394.0675]
[370, 157, 394.425]
[370, 156, 394.83]
[370, 155, 395.255]
[370, 154, 395.74]
[370, 153, 396.2325]
[370, 152, 396.7025]
[370, 151, 397.115]
[370, 150, 397.4475]
[370, 149, 397.645]
[370, 148, 397.85]
[370, 147, 398.01]
[370, 146, 398.14]
[370, 145, 398.275]
[370, 144, 398.4475]
[370, 143, 398.79]
[370, 142, 399.1475]
[370, 141, 399.595]
[370, 140, 400.045]
[370, 139, 400.37]
[370, 138, 400.6725]
[370, 137, 401.06]
[370, 136, 401.3725]
[370, 135, 401.645]
[370, 134, 401.94]
[370, 133, 402.1975]
[370, 132, 402.475]
[370, 131, 402.6825]
[370, 130, 402.935]
[370, 129, 403.1575]
[370, 128, 403.4175]
[370, 127, 403.6375]
[370, 126, 403.8075]
[370, 125, 403.95]
[370, 124, 404.1075]
[370, 123, 404.2075]
[370, 122, 404.26]
[370, 121, 404.405]
[370, 120, 404.56]
[370, 119, 404.6875]
[370, 118, 404.9275]
[370, 117, 405.22]
[370, 116, 405.4225]
[370, 115, 405.8475]
[370, 114, 406.2575]
[370, 113, 406.76]
[370, 112, 407.2925]
[370, 111, 407.8275]
[370, 110, 408.44]
[370, 109, 409.1225]
[370, 108, 409.8]
[370, 107, 410.585]
[370, 106, 411.2975]
[370, 105, 412.045]
[370, 104, 412.675]
[370, 103, 413.295]
[370, 102, 413.905]
[370, 101, 414.4225]
[370, 100, 414.8725]
[370, 99, 415.3075]
[370, 98, 415.815]
[370, 97, 416.33]
[370, 96, 416.7725]
[370, 95, 417.145]
[370, 94, 417.57]
[370, 93, 418.07]
[370, 92, 418.545]
[370, 91, 418.9775]
[370, 90, 419.4225]
[370, 89, 419.81]
[370, 88, 420.18]
[370, 87, 420.5375]
[370, 86, 420.88]
[370, 85, 421.245]
[370, 84, 421.52]
[370, 83, 421.755]
[370, 82, 422.0475]
[370, 81, 422.3125]
[370, 80, 422.57]
[370, 79, 423.0]
[370, 78, 423.355]
[370, 77, 423.63]
[370, 76, 424.1175]
[370, 75, 424.355]
[370, 74, 424.73]
[370, 73, 425.11]
[370, 72, 425.44]
[370, 71, 425.7075]
[370, 70, 426.105]
[370, 69, 426.4325]
[370, 68, 426.7325]
[370, 67, 427.085]
[370, 66, 427.3575]
[370, 65, 427.795]
[370, 64, 428.185]
[370, 63, 428.44]
[370, 62, 428.8675]
[370, 61, 429.355]
[370, 60, 429.915]
[370, 59, 430.4175]
[370, 58, 430.8425]
[370, 57, 431.3125]
[370, 56, 431.8]
[370, 55, 432.44]
[370, 54, 432.7475]
[370, 53, 433.0225]
[370, 52, 433.625]
[370, 51, 434.145]
[370, 50, 434.77]
[370, 49, 435.295]
[370, 48, 435.7975]
[370, 47, 436.325]
[370, 46, 436.935]
[370, 45, 437.4375]
[370, 44, 437.85]
[370, 43, 438.335]
[370, 42, 438.9]
[370, 41, 439.3075]
[370, 40, 439.8525]
[370, 39, 440.4775]
[370, 38, 440.9175]
[370, 37, 441.455]
[370, 36, 441.92]
[370, 35, 442.4025]
[370, 34, 442.7775]
[370, 33, 443.115]
[370, 32, 443.45]
[370, 31, 443.8125]
[370, 30, 444.17]
[370, 29, 444.4825]
[370, 28, 444.8675]
[370, 27, 445.315]
[370, 26, 445.715]
[370, 25, 446.085]
[370, 24, 446.3475]
[370, 23, 446.6775]
[370, 22, 447.05]
[370, 21, 447.3975]
[370, 20, 447.73]
[370, 19, 448.055]
[370, 18, 448.3575]
[370, 17, 448.75]
[370, 16, 449.22]
[370, 15, 449.625]
[370, 14, 449.925]
[370, 13, 450.1725]
[370, 12, 450.575]
[370, 11, 450.8675]
[370, 10, 451.0525]
[370, 9, 451.395]
[370, 8, 451.755]
[370, 7, 452.09]
[370, 6, 452.45]
[370, 5, 452.8025]
[370, 4, 453.1425]
[370, 3, 453.545]
[370, 2, 453.83]
[370, 1, 454.19]
[370, 0, 454.6175]
[380, 0, 465.365]
[380, 1, 464.955]
[380, 2, 464.48]
[380, 3, 463.97]
[380, 4, 463.5925]
[380, 5, 463.1975]
[380, 6, 462.8525]
[380, 7, 462.4725]
[380, 8, 462.0625]
[380, 9, 461.755]
[380, 10, 461.48]
[380, 11, 461.1375]
[380, 12, 460.7325]
[380, 13, 460.295]
[380, 14, 459.725]
[380, 15, 459.165]
[380, 16, 458.605]
[380, 17, 458.085]
[380, 18, 457.5625]
[380, 19, 457.135]
[380, 20, 456.935]
[380, 21, 456.6725]
[380, 22, 456.3525]
[380, 23, 455.9575]
[380, 24, 455.43]
[380, 25, 455.0275]
[380, 26, 454.6475]
[380, 27, 454.26]
[380, 28, 453.8425]
[380, 29, 453.485]
[380, 30, 453.0]
[380, 31, 452.6475]
[380, 32, 452.315]
[380, 33, 451.8675]
[380, 34, 451.4425]
[380, 35, 451.1425]
[380, 36, 450.5725]
[380, 37, 450.1775]
[380, 38, 449.6175]
[380, 39, 449.045]
[380, 40, 448.525]
[380, 41, 447.975]
[380, 42, 447.4]
[380, 43, 446.8475]
[380, 44, 446.2475]
[380, 45, 445.7375]
[380, 46, 445.3125]
[380, 47, 444.8975]
[380, 48, 444.595]
[380, 49, 444.105]
[380, 50, 443.7075]
[380, 51, 443.3475]
[380, 52, 442.73]
[380, 53, 442.16]
[380, 54, 441.6675]
[380, 55, 441.0475]
[380, 56, 440.455]
[380, 57, 439.7575]
[380, 58, 439.1425]
[380, 59, 438.5875]
[380, 60, 438.105]
[380, 61, 437.755]
[380, 62, 437.3725]
[380, 63, 436.97]
[380, 64, 436.5875]
[380, 65, 436.175]
[380, 66, 435.685]
[380, 67, 435.2375]
[380, 68, 434.86]
[380, 69, 434.4525]
[380, 70, 434.0725]
[380, 71, 433.6025]
[380, 72, 433.245]
[380, 73, 432.89]
[380, 74, 432.48]
[380, 75, 432.0]
[380, 76, 431.4975]
[380, 77, 431.0975]
[380, 78, 430.705]
[380, 79, 430.375]
[380, 80, 429.99]
[380, 81, 429.5925]
[380, 82, 429.2025]
[380, 83, 428.8525]
[380, 84, 428.495]
[380, 85, 428.0475]
[380, 86, 427.685]
[380, 87, 427.2975]
[380, 88, 426.9775]
[380, 89, 426.5975]
[380, 90, 426.1175]
[380, 91, 425.7025]
[380, 92, 425.2975]
[380, 93, 424.8925]
[380, 94, 424.47]
[380, 95, 424.15]
[380, 96, 423.63]
[380, 97, 423.115]
[380, 98, 422.6175]
[380, 99, 422.135]
[380, 100, 421.555]
[380, 101, 421.0125]
[380, 102, 420.505]
[380, 103, 419.8725]
[380, 104, 419.1325]
[380, 105, 418.4625]
[380, 106, 417.755]
[380, 107, 416.975]
[380, 108, 416.2975]
[380, 109, 415.5975]
[380, 110, 414.885]
[380, 111, 414.2175]
[380, 112, 413.5725]
[380, 113, 413.04]
[380, 114, 412.615]
[380, 115, 412.2325]
[380, 116, 411.985]
[380, 117, 411.8475]
[380, 118, 411.6125]
[380, 119, 411.3725]
[380, 120, 411.2475]
[380, 121, 411.0925]
[380, 122, 410.925]
[380, 123, 410.7525]
[380, 124, 410.535]
[380, 125, 410.3025]
[380, 126, 410.09]
[380, 127, 409.7875]
[380, 128, 409.465]
[380, 129, 409.2575]
[380, 130, 409.06]
[380, 131, 408.835]
[380, 132, 408.6725]
[380, 133, 408.52]
[380, 134, 408.25]
[380, 135, 407.8975]
[380, 136, 407.435]
[380, 137, 406.9875]
[380, 138, 406.5925]
[380, 139, 406.1225]
[380, 140, 405.6275]
[380, 141, 405.1625]
[380, 142, 404.675]
[380, 143, 404.1675]
[380, 144, 403.8025]
[380, 145, 403.51]
[380, 146, 403.2475]
[380, 147, 403.0175]
[380, 148, 402.79]
[380, 149, 402.5375]
[380, 150, 402.385]
[380, 151, 402.1575]
[380, 152, 401.86]
[380, 153, 401.6175]
[380, 154, 401.2975]
[380, 155, 400.9625]
[380, 156, 400.625]
[380, 157, 400.3275]
[380, 158, 400.0775]
[380, 159, 399.7525]
[380, 160, 399.455]
[380, 161, 399.15]
[380, 162, 398.7425]
[380, 163, 398.3475]
[380, 164, 398.0125]
[380, 165, 397.725]
[380, 166, 397.4125]
[380, 167, 397.0325]
[380, 168, 396.71]
[380, 169, 396.3025]
[380, 170, 395.95]
[380, 171, 395.6275]
[380, 172, 395.2875]
[380, 173, 394.975]
[380, 174, 394.655]
[380, 175, 394.3225]
[380, 176, 394.09]
[380, 177, 393.745]
[380, 178, 393.36]
[380, 179, 392.925]
[380, 180, 392.4325]
[380, 181, 391.915]
[380, 182, 391.545]
[380, 183, 391.1975]
[380, 184, 390.835]
[380, 185, 390.545]
[380, 186, 390.28]
[380, 187, 390.005]
[380, 188, 389.7325]
[380, 189, 389.39]
[380, 190, 389.0925]
[380, 191, 388.7275]
[380, 192, 388.3825]
[380, 193, 388.0075]
[380, 194, 387.6325]
[380, 195, 387.285]
[380, 196, 386.9]
[380, 197, 386.5925]
[380, 198, 386.2475]
[380, 199, 385.9]
[380, 200, 385.59]
[380, 201, 385.2775]
[380, 202, 384.9725]
[380, 203, 384.715]
[380, 204, 384.4375]
[380, 205, 384.155]
[380, 206, 383.86]
[380, 207, 383.6475]
[380, 208, 383.5625]
[380, 209, 383.5025]
[380, 210, 383.395]
[380, 211, 383.2725]
[380, 212, 383.2]
[380, 213, 383.08]
[380, 214, 382.9925]
[380, 215, 382.955]
[380, 216, 382.84]
[380, 217, 382.72]
[380, 218, 382.5925]
[380, 219, 382.4525]
[380, 220, 382.3025]
[380, 221, 382.165]
[380, 222, 382.0]
[380, 223, 381.805]
[380, 224, 381.61]
[380, 225, 381.4025]
[380, 226, 381.135]
[380, 227, 380.8925]
[380, 228, 380.625]
[380, 229, 380.33]
[380, 230, 379.98]
[380, 231, 379.5975]
[380, 232, 379.205]
[380, 233, 378.7425]
[380, 234, 378.31]
[380, 235, 377.84]
[380, 236, 377.3875]
[380, 237, 376.9275]
[380, 238, 376.515]
[380, 239, 376.145]
[380, 240, 375.7825]
[380, 241, 375.455]
[380, 242, 375.1675]
[380, 243, 374.96]
[380, 244, 374.755]
[380, 245, 374.5575]
[380, 246, 374.4075]
[380, 247, 374.29]
[380, 248, 374.1325]
[380, 249, 373.915]
[380, 250, 373.6875]
[380, 251, 373.36]
[380, 252, 373.005]
[380, 253, 372.63]
[380, 254, 372.3025]
[380, 255, 371.965]
[380, 256, 371.6575]
[380, 257, 371.345]
[380, 258, 371.095]
[380, 259, 370.8925]
[380, 260, 370.72]
[380, 261, 370.56]
[380, 262, 370.4075]
[380, 263, 370.2925]
[380, 264, 370.18]
[380, 265, 370.0825]
[380, 266, 369.945]
[380, 267, 369.83]
[380, 268, 369.7575]
[380, 269, 369.685]
[380, 270, 369.6125]
[380, 271, 369.375]
[380, 272, 369.115]
[380, 273, 368.9025]
[380, 274, 368.775]
[380, 275, 368.64]
[380, 276, 368.4725]
[380, 277, 368.0925]
[380, 278, 366.6925]
[380, 279, 365.1425]
[380, 280, 363.585]
[380, 281, 362.31]
[380, 282, 361.5125]
[380, 283, 361.22]
[380, 284, 361.0675]
[380, 285, 360.925]
[380, 286, 360.645]
[380, 287, 360.17]
[380, 288, 359.61]
[380, 289, 358.9925]
[380, 290, 358.415]
[380, 291, 357.94]
[380, 292, 357.62]
[380, 293, 357.265]
[380, 294, 357.1425]
[380, 295, 357.085]
[380, 296, 357.1275]
[380, 297, 358.5475]
[380, 298, 360.0925]
[380, 299, 361.0275]
[380, 300, 361.975]
[380, 301, 362.9825]
[380, 302, 364.2425]
[380, 303, 365.4425]
[380, 304, 366.73]
[380, 305, 368.09]
[380, 306, 369.375]
[380, 307, 370.3875]
[380, 308, 371.3025]
[380, 309, 371.9625]
[380, 310, 372.63]
[380, 311, 373.21]
[380, 312, 373.575]
[380, 313, 373.8825]
[380, 314, 374.0975]
[380, 315, 374.265]
[380, 316, 374.2975]
[380, 317, 374.33]
[380, 318, 374.3775]
[380, 319, 374.3575]
[380, 320, 374.3]
[380, 321, 374.22]
[380, 322, 374.0275]
[380, 323, 373.8225]
[380, 324, 373.8225]
[380, 325, 373.9249]
[380, 326, 373.9044]
[380, 327, 373.961]
[380, 328, 373.9677]
[380, 329, 374.0366]
[380, 330, 374.1436]
[380, 331, 374.2523]
[380, 332, 374.4109]
[380, 333, 374.5583]
[380, 334, 374.6688]
[380, 335, 374.7038]
[380, 336, 374.8453]
[380, 337, 374.9608]
[380, 338, 374.9564]
[380, 339, 374.8417]
[380, 340, 374.367]
[380, 341, 374.1124]
[380, 342, 374.3241]
[380, 343, 374.7039]
[380, 344, 375.0263]
[380, 345, 375.3684]
[380, 346, 375.5025]
[380, 347, 375.4825]
[380, 348, 375.5191]
[380, 349, 375.5651]
[380, 350, 375.6301]
[380, 351, 375.6758]
[380, 352, 375.6788]
[380, 353, 375.6918]
[380, 354, 375.6975]
[380, 355, 375.6718]
[380, 356, 375.6575]
[380, 357, 375.6567]
[380, 358, 375.6561]
[380, 359, 375.6603]
[380, 360, 375.7119]
[380, 361, 375.6775]
[380, 362, 375.7175]
[380, 363, 375.8026]
[380, 364, 375.9115]
[380, 365, 376.0406]
[380, 366, 376.2068]
[380, 367, 376.4053]
[380, 368, 376.6075]
[380, 369, 376.8323]
[380, 370, 377.0437]
[380, 371, 377.1279]
[380, 372, 377.2083]
[380, 373, 377.3836]
[380, 374, 377.5933]
[380, 375, 377.8107]
[380, 376, 377.925]
[380, 377, 377.9942]
[380, 378, 378.0567]
[380, 379, 378.1286]
[380, 380, 378.1271]
[380, 381, 378.015]
[380, 382, 377.97]
[380, 383, 377.9513]
[380, 384, 378.0769]
[380, 385, 378.3751]
[380, 386, 378.625]
[380, 387, 378.8591]
[380, 388, 378.9175]
[380, 389, 378.8906]
[380, 390, 378.946]
[380, 391, 379.0707]
[380, 392, 379.1575]
[380, 393, 379.235]
[380, 394, 379.2649]
[380, 395, 379.2175]
[380, 396, 379.1275]
[380, 397, 379.0475]
[380, 398, 378.9258]
[380, 399, 378.8127]
[380, 400, 378.7484]
[380, 401, 378.7235]
[380, 402, 378.694]
[380, 403, 378.6653]
[380, 404, 378.6371]
[380, 405, 378.5653]
[380, 406, 378.4698]
[380, 407, 378.4613]
[380, 408, 378.3867]
[380, 409, 378.2839]
[380, 410, 378.2288]
[380, 411, 378.2631]
[380, 412, 378.2674]
[380, 413, 378.2525]
[380, 414, 378.2576]
[380, 415, 378.0742]
[380, 416, 378.0139]
[380, 417, 378.0214]
[380, 418, 378.0975]
[380, 419, 378.289]
[380, 420, 378.4527]
[380, 421, 378.6027]
[380, 422, 378.6391]
[380, 423, 378.6554]
[380, 424, 378.6098]
[380, 425, 378.5444]
[380, 426, 378.5588]
[380, 427, 378.5475]
[380, 428, 378.485]
[380, 429, 378.4629]
[380, 430, 378.3554]
[380, 431, 378.2532]
[380, 432, 378.1434]
[380, 433, 378.0784]
[380, 434, 377.9286]
[380, 435, 377.7606]
[380, 436, 377.6168]
[380, 437, 377.4893]
[380, 438, 377.376]
[380, 439, 377.2682]
[380, 440, 377.1697]
[380, 441, 377.1521]
[380, 442, 377.1578]
[380, 443, 377.114]
[380, 444, 377.0866]
[380, 445, 377.102]
[380, 446, 377.19]
[380, 447, 377.2533]
[380, 448, 377.237]
[380, 449, 377.221]
[380, 450, 377.2157]
[380, 451, 377.2475]
[380, 452, 377.1819]
[380, 453, 377.08]
[380, 454, 377.0463]
[380, 455, 377.0337]
[380, 456, 377.1544]
[380, 457, 377.3404]
[380, 458, 377.4915]
[380, 459, 377.6184]
[380, 460, 377.7193]
[380, 461, 377.695]
[380, 462, 377.628]
[380, 463, 377.7009]
[380, 464, 377.829]
[380, 465, 377.9775]
[380, 466, 378.0089]
[380, 467, 377.98]
[380, 468, 378.0075]
[380, 469, 378.0236]
[380, 470, 378.0448]
[380, 471, 378.0875]
[380, 472, 378.0758]
[380, 473, 378.0356]
[380, 474, 378.0424]
[380, 475, 378.1261]
[380, 476, 378.1018]
[380, 477, 378.1814]
[380, 478, 378.1797]
[380, 479, 378.1474]
[380, 480, 378.1911]
[380, 481, 378.3206]
[380, 482, 378.2608]
[380, 483, 377.9825]
[380, 484, 377.8859]
[380, 485, 377.86]
[380, 486, 377.7692]
[380, 487, 377.7561]
[380, 488, 377.5236]
[380, 489, 377.5206]
[380, 490, 377.5563]
[380, 491, 377.446]
[380, 492, 377.3324]
[380, 493, 377.122]
[380, 494, 376.9667]
[380, 495, 376.8616]
[380, 496, 376.6324]
[380, 497, 376.5375]
[380, 498, 376.506]
[380, 499, 376.3805]
[390, 499, 384.3483]
[390, 498, 384.484]
[390, 497, 384.6625]
[390, 496, 384.942]
[390, 495, 385.0182]
[390, 494, 385.045]
[390, 493, 385.0875]
[390, 492, 385.1748]
[390, 491, 385.3375]
[390, 490, 385.4224]
[390, 489, 385.3495]
[390, 488, 385.2126]
[390, 487, 385.2433]
[390, 486, 385.4464]
[390, 485, 385.5331]
[390, 484, 385.6401]
[390, 483, 385.6657]
[390, 482, 385.5096]
[390, 481, 385.4869]
[390, 480, 385.5382]
[390, 479, 385.6008]
[390, 478, 385.6813]
[390, 477, 385.6668]
[390, 476, 385.7025]
[390, 475, 385.8245]
[390, 474, 385.7139]
[390, 473, 385.73]
[390, 472, 385.7425]
[390, 471, 385.7686]
[390, 470, 385.8216]
[390, 469, 385.8715]
[390, 468, 385.9214]
[390, 467, 385.9581]
[390, 466, 386.0025]
[390, 465, 386.0413]
[390, 464, 385.9746]
[390, 463, 385.9019]
[390, 462, 385.8163]
[390, 461, 385.8006]
[390, 460, 385.7417]
[390, 459, 385.7786]
[390, 458, 385.8843]
[390, 457, 385.8863]
[390, 456, 385.805]
[390, 455, 385.8658]
[390, 454, 385.8716]
[390, 453, 385.8359]
[390, 452, 385.7615]
[390, 451, 385.7251]
[390, 450, 385.7625]
[390, 449, 385.7005]
[390, 448, 385.6683]
[390, 447, 385.645]
[390, 446, 385.5584]
[390, 445, 385.4518]
[390, 444, 385.3298]
[390, 443, 385.2319]
[390, 442, 385.1615]
[390, 441, 385.1686]
[390, 440, 385.2292]
[390, 439, 385.31]
[390, 438, 385.3511]
[390, 437, 385.4216]
[390, 436, 385.4352]
[390, 435, 385.4475]
[390, 434, 385.42]
[390, 433, 385.38]
[390, 432, 385.3373]
[390, 431, 385.3023]
[390, 430, 385.245]
[390, 429, 385.2092]
[390, 428, 385.2275]
[390, 427, 385.265]
[390, 426, 385.3071]
[390, 425, 385.2878]
[390, 424, 385.255]
[390, 423, 385.1758]
[390, 422, 385.105]
[390, 421, 385.0342]
[390, 420, 384.9332]
[390, 419, 384.8339]
[390, 418, 384.7251]
[390, 417, 384.6111]
[390, 416, 384.48]
[390, 415, 384.2802]
[390, 414, 384.1769]
[390, 413, 384.052]
[390, 412, 383.955]
[390, 411, 383.843]
[390, 410, 383.825]
[390, 409, 383.7822]
[390, 408, 383.9052]
[390, 407, 384.1064]
[390, 406, 384.1488]
[390, 405, 384.3167]
[390, 404, 384.458]
[390, 403, 384.5737]
[390, 402, 384.7573]
[390, 401, 384.8688]
[390, 400, 384.9056]
[390, 399, 384.9628]
[390, 398, 385.0209]
[390, 397, 385.0791]
[390, 396, 385.1026]
[390, 395, 385.0258]
[390, 394, 385.1437]
[390, 393, 385.1671]
[390, 392, 385.1991]
[390, 391, 385.1824]
[390, 390, 384.977]
[390, 389, 384.7425]
[390, 388, 384.5128]
[390, 387, 384.3534]
[390, 386, 384.205]
[390, 385, 384.0825]
[390, 384, 384.0125]
[390, 383, 383.955]
[390, 382, 383.8259]
[390, 381, 383.8789]
[390, 380, 384.1067]
[390, 379, 384.2719]
[390, 378, 384.3785]
[390, 377, 384.4133]
[390, 376, 384.4741]
[390, 375, 384.546]
[390, 374, 384.5491]
[390, 373, 384.5313]
[390, 372, 384.4525]
[390, 371, 384.3759]
[390, 370, 384.2905]
[390, 369, 384.2138]
[390, 368, 384.0884]
[390, 367, 383.9664]
[390, 366, 383.825]
[390, 365, 383.716]
[390, 364, 383.5425]
[390, 363, 383.4266]
[390, 362, 383.2795]
[390, 361, 383.1097]
[390, 360, 382.757]
[390, 359, 382.3407]
[390, 358, 382.1551]
[390, 357, 381.8116]
[390, 356, 381.4601]
[390, 355, 381.3763]
[390, 354, 381.4699]
[390, 353, 381.851]
[390, 352, 381.9041]
[390, 351, 381.8588]
[390, 350, 381.7563]
[390, 349, 381.6553]
[390, 348, 381.5075]
[390, 347, 381.4603]
[390, 346, 381.4964]
[390, 345, 381.4215]
[390, 344, 381.3782]
[390, 343, 381.3882]
[390, 342, 381.385]
[390, 341, 381.4317]
[390, 340, 381.4985]
[390, 339, 381.4718]
[390, 338, 381.4925]
[390, 337, 381.512]
[390, 336, 381.5243]
[390, 335, 381.4843]
[390, 334, 381.3868]
[390, 333, 381.2856]
[390, 332, 381.197]
[390, 331, 381.1302]
[390, 330, 381.0209]
[390, 329, 380.9052]
[390, 328, 380.7814]
[390, 327, 380.6716]
[390, 326, 380.5428]
[390, 325, 380.4483]
[390, 324, 380.3815]
[390, 323, 380.3152]
[390, 322, 380.2425]
[390, 321, 380.2]
[390, 320, 380.175]
[390, 319, 380.1375]
[390, 318, 380.01]
[390, 317, 379.8325]
[390, 316, 379.7325]
[390, 315, 379.9125]
[390, 314, 380.1375]
[390, 313, 380.0725]
[390, 312, 379.97]
[390, 311, 379.735]
[390, 310, 379.4325]
[390, 309, 378.965]
[390, 308, 378.5]
[390, 307, 377.765]
[390, 306, 376.8175]
[390, 305, 375.6225]
[390, 304, 374.5575]
[390, 303, 373.5375]
[390, 302, 372.5175]
[390, 301, 371.78]
[390, 300, 371.23]
[390, 299, 370.6375]
[390, 298, 369.7125]
[390, 297, 368.62]
[390, 296, 367.655]
[390, 295, 366.8825]
[390, 294, 366.185]
[390, 293, 365.4275]
[390, 292, 364.415]
[390, 291, 363.33]
[390, 290, 362.5325]
[390, 289, 362.095]
[390, 288, 362.0125]
[390, 287, 362.09]
[390, 286, 362.2775]
[390, 285, 362.4775]
[390, 284, 362.6625]
[390, 283, 362.4325]
[390, 282, 362.5275]
[390, 281, 362.495]
[390, 280, 362.495]
[390, 279, 362.6]
[390, 278, 362.59]
[390, 277, 362.5425]
[390, 276, 362.695]
[390, 275, 362.935]
[390, 274, 362.815]
[390, 273, 362.9775]
[390, 272, 363.5525]
[390, 271, 364.1375]
[390, 270, 364.805]
[390, 269, 365.91]
[390, 268, 367.4125]
[390, 267, 369.16]
[390, 266, 370.825]
[390, 265, 372.2975]
[390, 264, 373.32]
[390, 263, 373.845]
[390, 262, 374.04]
[390, 261, 374.16]
[390, 260, 374.32]
[390, 259, 374.5175]
[390, 258, 374.695]
[390, 257, 374.8275]
[390, 256, 375.0825]
[390, 255, 375.2675]
[390, 254, 375.4325]
[390, 253, 375.6825]
[390, 252, 375.9175]
[390, 251, 376.16]
[390, 250, 376.42]
[390, 249, 376.695]
[390, 248, 377.03]
[390, 247, 377.3275]
[390, 246, 377.64]
[390, 245, 377.97]
[390, 244, 378.31]
[390, 243, 378.6775]
[390, 242, 379.0375]
[390, 241, 379.4375]
[390, 240, 379.8875]
[390, 239, 380.3125]
[390, 238, 380.7525]
[390, 237, 381.165]
[390, 236, 381.6675]
[390, 235, 382.2]
[390, 234, 382.7275]
[390, 233, 383.2875]
[390, 232, 383.805]
[390, 231, 384.3625]
[390, 230, 384.905]
[390, 229, 385.425]
[390, 228, 385.785]
[390, 227, 386.1875]
[390, 226, 386.485]
[390, 225, 386.7525]
[390, 224, 387.075]
[390, 223, 387.415]
[390, 222, 387.6775]
[390, 221, 387.92]
[390, 220, 388.1675]
[390, 219, 388.395]
[390, 218, 388.64]
[390, 217, 388.825]
[390, 216, 388.985]
[390, 215, 389.195]
[390, 214, 389.3625]
[390, 213, 389.53]
[390, 212, 389.7175]
[390, 211, 389.89]
[390, 210, 389.9]
[390, 209, 390.02]
[390, 208, 390.155]
[390, 207, 390.395]
[390, 206, 390.6075]
[390, 205, 390.855]
[390, 204, 391.0525]
[390, 203, 391.26]
[390, 202, 391.5125]
[390, 201, 391.795]
[390, 200, 392.1125]
[390, 199, 392.475]
[390, 198, 392.8325]
[390, 197, 393.1775]
[390, 196, 393.5625]
[390, 195, 393.8825]
[390, 194, 394.1725]
[390, 193, 394.48]
[390, 192, 394.775]
[390, 191, 395.0175]
[390, 190, 395.2575]
[390, 189, 395.535]
[390, 188, 395.7775]
[390, 187, 395.995]
[390, 186, 396.235]
[390, 185, 396.515]
[390, 184, 396.835]
[390, 183, 397.1825]
[390, 182, 397.5875]
[390, 181, 397.9875]
[390, 180, 398.4525]
[390, 179, 399.0075]
[390, 178, 399.515]
[390, 177, 400.0275]
[390, 176, 400.51]
[390, 175, 400.795]
[390, 174, 401.0875]
[390, 173, 401.365]
[390, 172, 401.57]
[390, 171, 401.72]
[390, 170, 401.9575]
[390, 169, 402.2425]
[390, 168, 402.475]
[390, 167, 402.7]
[390, 166, 402.955]
[390, 165, 403.2025]
[390, 164, 403.4625]
[390, 163, 403.68]
[390, 162, 403.925]
[390, 161, 404.145]
[390, 160, 404.415]
[390, 159, 404.6675]
[390, 158, 405.0125]
[390, 157, 405.4775]
[390, 156, 405.9975]
[390, 155, 406.4275]
[390, 154, 406.8875]
[390, 153, 407.3375]
[390, 152, 407.68]
[390, 151, 408.02]
[390, 150, 408.375]
[390, 149, 408.675]
[390, 148, 409.0025]
[390, 147, 409.35]
[390, 146, 409.67]
[390, 145, 409.95]
[390, 144, 410.3875]
[390, 143, 410.7475]
[390, 142, 411.185]
[390, 141, 411.59]
[390, 140, 412.02]
[390, 139, 412.365]
[390, 138, 412.6875]
[390, 137, 413.0175]
[390, 136, 413.4175]
[390, 135, 413.735]
[390, 134, 413.9675]
[390, 133, 414.2]
[390, 132, 414.335]
[390, 131, 414.38]
[390, 130, 414.4025]
[390, 129, 414.525]
[390, 128, 414.6575]
[390, 127, 414.91]
[390, 126, 415.19]
[390, 125, 415.495]
[390, 124, 415.8375]
[390, 123, 416.1775]
[390, 122, 416.5825]
[390, 121, 416.9525]
[390, 120, 417.315]
[390, 119, 417.625]
[390, 118, 417.9875]
[390, 117, 418.2675]
[390, 116, 418.5675]
[390, 115, 418.9075]
[390, 114, 419.23]
[390, 113, 419.6825]
[390, 112, 420.18]
[390, 111, 420.7825]
[390, 110, 421.515]
[390, 109, 422.41]
[390, 108, 423.125]
[390, 107, 423.685]
[390, 106, 424.34]
[390, 105, 425.095]
[390, 104, 425.7725]
[390, 103, 426.335]
[390, 102, 426.86]
[390, 101, 427.3375]
[390, 100, 427.805]
[390, 99, 428.3525]
[390, 98, 428.8275]
[390, 97, 429.32]
[390, 96, 429.86]
[390, 95, 430.3475]
[390, 94, 430.855]
[390, 93, 431.3625]
[390, 92, 431.9625]
[390, 91, 432.56]
[390, 90, 433.0225]
[390, 89, 433.425]
[390, 88, 433.8275]
[390, 87, 434.3175]
[390, 86, 434.7425]
[390, 85, 435.09]
[390, 84, 435.3625]
[390, 83, 435.675]
[390, 82, 436.13]
[390, 81, 436.7025]
[390, 80, 437.24]
[390, 79, 437.56]
[390, 78, 437.7875]
[390, 77, 438.1725]
[390, 76, 438.6625]
[390, 75, 439.2875]
[390, 74, 439.8475]
[390, 73, 440.3875]
[390, 72, 440.8]
[390, 71, 441.3275]
[390, 70, 441.825]
[390, 69, 442.33]
[390, 68, 442.895]
[390, 67, 443.47]
[390, 66, 443.945]
[390, 65, 444.495]
[390, 64, 445.01]
[390, 63, 445.6]
[390, 62, 446.2075]
[390, 61, 446.7925]
[390, 60, 447.3275]
[390, 59, 447.97]
[390, 58, 448.415]
[390, 57, 448.84]
[390, 56, 449.305]
[390, 55, 449.9325]
[390, 54, 450.45]
[390, 53, 450.95]
[390, 52, 451.5425]
[390, 51, 452.155]
[390, 50, 452.73]
[390, 49, 453.2825]
[390, 48, 453.7775]
[390, 47, 454.2375]
[390, 46, 454.6675]
[390, 45, 455.0125]
[390, 44, 455.48]
[390, 43, 455.93]
[390, 42, 456.3975]
[390, 41, 456.895]
[390, 40, 457.2925]
[390, 39, 457.72]
[390, 38, 458.025]
[390, 37, 458.48]
[390, 36, 458.925]
[390, 35, 459.475]
[390, 34, 459.9875]
[390, 33, 460.375]
[390, 32, 460.8425]
[390, 31, 461.3875]
[390, 30, 461.83]
[390, 29, 462.375]
[390, 28, 463.0175]
[390, 27, 463.5375]
[390, 26, 463.9575]
[390, 25, 464.41]
[390, 24, 464.8275]
[390, 23, 465.235]
[390, 22, 465.6425]
[390, 21, 466.1025]
[390, 20, 466.5875]
[390, 19, 467.0525]
[390, 18, 467.5475]
[390, 17, 468.0225]
[390, 16, 468.4375]
[390, 15, 468.8825]
[390, 14, 469.2625]
[390, 13, 469.755]
[390, 12, 470.325]
[390, 11, 470.725]
[390, 10, 471.015]
[390, 9, 471.3275]
[390, 8, 471.575]
[390, 7, 471.8975]
[390, 6, 472.365]
[390, 5, 472.8725]
[390, 4, 473.3475]
[390, 3, 473.7675]
[390, 2, 474.1075]
[390, 1, 474.43]
[390, 0, 474.7625]
[400, 0, 483.43]
[400, 1, 483.0425]
[400, 2, 482.5525]
[400, 3, 482.2175]
[400, 4, 481.8325]
[400, 5, 481.355]
[400, 6, 480.9225]
[400, 7, 480.55]
[400, 8, 480.2625]
[400, 9, 479.97]
[400, 10, 479.64]
[400, 11, 479.33]
[400, 12, 479.045]
[400, 13, 478.675]
[400, 14, 478.33]
[400, 15, 478.03]
[400, 16, 477.69]
[400, 17, 477.3475]
[400, 18, 476.9025]
[400, 19, 476.55]
[400, 20, 476.0675]
[400, 21, 475.61]
[400, 22, 475.215]
[400, 23, 474.7075]
[400, 24, 474.12]
[400, 25, 473.5975]
[400, 26, 473.0625]
[400, 27, 472.465]
[400, 28, 472.04]
[400, 29, 471.6375]
[400, 30, 471.2925]
[400, 31, 470.965]
[400, 32, 470.55]
[400, 33, 469.9275]
[400, 34, 469.4475]
[400, 35, 468.9175]
[400, 36, 468.44]
[400, 37, 467.915]
[400, 38, 467.5425]
[400, 39, 467.08]
[400, 40, 466.625]
[400, 41, 466.21]
[400, 42, 465.6625]
[400, 43, 465.155]
[400, 44, 464.7875]
[400, 45, 464.14]
[400, 46, 463.5]
[400, 47, 462.9225]
[400, 48, 462.48]
[400, 49, 462.0175]
[400, 50, 461.27]
[400, 51, 460.6]
[400, 52, 460.0325]
[400, 53, 459.475]
[400, 54, 458.8975]
[400, 55, 458.425]
[400, 56, 457.95]
[400, 57, 457.475]
[400, 58, 456.925]
[400, 59, 456.4975]
[400, 60, 456.0675]
[400, 61, 455.6]
[400, 62, 455.0375]
[400, 63, 454.5925]
[400, 64, 453.9625]
[400, 65, 453.4175]
[400, 66, 452.87]
[400, 67, 452.37]
[400, 68, 451.8775]
[400, 69, 451.3575]
[400, 70, 450.845]
[400, 71, 450.455]
[400, 72, 449.9525]
[400, 73, 449.495]
[400, 74, 448.94]
[400, 75, 448.415]
[400, 76, 447.915]
[400, 77, 447.395]
[400, 78, 446.97]
[400, 79, 446.395]
[400, 80, 445.8225]
[400, 81, 445.225]
[400, 82, 444.5375]
[400, 83, 443.8725]
[400, 84, 443.185]
[400, 85, 442.5425]
[400, 86, 441.9375]
[400, 87, 441.365]
[400, 88, 440.88]
[400, 89, 440.38]
[400, 90, 439.805]
[400, 91, 439.23]
[400, 92, 438.7125]
[400, 93, 438.2225]
[400, 94, 437.7875]
[400, 95, 437.2275]
[400, 96, 436.7625]
[400, 97, 436.2575]
[400, 98, 435.6575]
[400, 99, 435.14]
[400, 100, 434.555]
[400, 101, 433.8775]
[400, 102, 433.235]
[400, 103, 432.535]
[400, 104, 431.9575]
[400, 105, 431.4]
[400, 106, 430.8175]
[400, 107, 430.19]
[400, 108, 429.51]
[400, 109, 428.8625]
[400, 110, 428.285]
[400, 111, 427.7175]
[400, 112, 427.09]
[400, 113, 426.5875]
[400, 114, 426.0725]
[400, 115, 425.5575]
[400, 116, 425.115]
[400, 117, 424.6575]
[400, 118, 424.2125]
[400, 119, 423.87]
[400, 120, 423.535]
[400, 121, 423.1375]
[400, 122, 422.695]
[400, 123, 422.205]
[400, 124, 421.7825]
[400, 125, 421.315]
[400, 126, 420.89]
[400, 127, 420.585]
[400, 128, 420.2725]
[400, 129, 420.05]
[400, 130, 419.895]
[400, 131, 419.71]
[400, 132, 419.56]
[400, 133, 419.475]
[400, 134, 419.2675]
[400, 135, 419.07]
[400, 136, 418.8025]
[400, 137, 418.5725]
[400, 138, 418.3175]
[400, 139, 418.04]
[400, 140, 417.7725]
[400, 141, 417.485]
[400, 142, 417.0875]
[400, 143, 416.685]
[400, 144, 416.38]
[400, 145, 416.015]
[400, 146, 415.6825]
[400, 147, 415.33]
[400, 148, 414.9075]
[400, 149, 414.515]
[400, 150, 414.185]
[400, 151, 413.72]
[400, 152, 413.1775]
[400, 153, 412.6525]
[400, 154, 412.2025]
[400, 155, 411.735]
[400, 156, 411.11]
[400, 157, 410.535]
[400, 158, 409.935]
[400, 159, 409.3825]
[400, 160, 408.8875]
[400, 161, 408.4375]
[400, 162, 407.925]
[400, 163, 407.4475]
[400, 164, 407.0075]
[400, 165, 406.71]
[400, 166, 406.29]
[400, 167, 406.0525]
[400, 168, 405.835]
[400, 169, 405.5925]
[400, 170, 405.3575]
[400, 171, 405.1175]
[400, 172, 404.92]
[400, 173, 404.7125]
[400, 174, 404.54]
[400, 175, 404.43]
[400, 176, 404.255]
[400, 177, 404.06]
[400, 178, 403.8425]
[400, 179, 403.615]
[400, 180, 403.255]
[400, 181, 402.945]
[400, 182, 402.62]
[400, 183, 402.2425]
[400, 184, 401.87]
[400, 185, 401.5575]
[400, 186, 401.2775]
[400, 187, 401.0225]
[400, 188, 400.7825]
[400, 189, 400.48]
[400, 190, 400.215]
[400, 191, 399.8675]
[400, 192, 399.5375]
[400, 193, 399.255]
[400, 194, 398.9525]
[400, 195, 398.5875]
[400, 196, 398.2275]
[400, 197, 397.87]
[400, 198, 397.52]
[400, 199, 397.2]
[400, 200, 396.83]
[400, 201, 396.51]
[400, 202, 396.23]
[400, 203, 395.9]
[400, 204, 395.5725]
[400, 205, 395.3275]
[400, 206, 395.23]
[400, 207, 394.93]
[400, 208, 394.6975]
[400, 209, 394.435]
[400, 210, 394.1925]
[400, 211, 393.9475]
[400, 212, 393.715]
[400, 213, 393.47]
[400, 214, 393.28]
[400, 215, 393.06]
[400, 216, 392.8025]
[400, 217, 392.5825]
[400, 218, 392.3025]
[400, 219, 391.9975]
[400, 220, 391.68]
[400, 221, 391.3625]
[400, 222, 391.015]
[400, 223, 390.6575]
[400, 224, 390.255]
[400, 225, 389.81]
[400, 226, 389.27]
[400, 227, 388.7]
[400, 228, 388.1875]
[400, 229, 387.6575]
[400, 230, 387.1325]
[400, 231, 386.64]
[400, 232, 386.1075]
[400, 233, 385.5975]
[400, 234, 385.2025]
[400, 235, 384.6075]
[400, 236, 383.915]
[400, 237, 383.3875]
[400, 238, 382.9375]
[400, 239, 382.5175]
[400, 240, 382.1575]
[400, 241, 381.8675]
[400, 242, 381.5325]
[400, 243, 381.19]
[400, 244, 380.8825]
[400, 245, 380.595]
[400, 246, 380.325]
[400, 247, 380.0125]
[400, 248, 379.735]
[400, 249, 379.4725]
[400, 250, 379.2125]
[400, 251, 378.95]
[400, 252, 378.7025]
[400, 253, 378.4475]
[400, 254, 378.2175]
[400, 255, 377.9775]
[400, 256, 377.7775]
[400, 257, 377.6525]
[400, 258, 377.4125]
[400, 259, 376.7675]
[400, 260, 375.23]
[400, 261, 373.4275]
[400, 262, 371.6675]
[400, 263, 370.115]
[400, 264, 368.7475]
[400, 265, 367.435]
[400, 266, 366.7425]
[400, 267, 366.6975]
[400, 268, 366.7125]
[400, 269, 366.4625]
[400, 270, 366.075]
[400, 271, 365.495]
[400, 272, 365.075]
[400, 273, 365.29]
[400, 274, 365.55]
[400, 275, 365.7975]
[400, 276, 365.9825]
[400, 277, 366.1175]
[400, 278, 365.96]
[400, 279, 365.9325]
[400, 280, 366.43]
[400, 281, 367.32]
[400, 282, 368.0225]
[400, 283, 368.4375]
[400, 284, 368.6525]
[400, 285, 368.7275]
[400, 286, 368.92]
[400, 287, 369.3325]
[400, 288, 369.9875]
[400, 289, 370.7225]
[400, 290, 371.3025]
[400, 291, 371.755]
[400, 292, 372.32]
[400, 293, 372.965]
[400, 294, 373.83]
[400, 295, 374.58]
[400, 296, 375.325]
[400, 297, 376.225]
[400, 298, 377.29]
[400, 299, 378.3425]
[400, 300, 379.425]
[400, 301, 380.1825]
[400, 302, 381.045]
[400, 303, 381.7975]
[400, 304, 382.7025]
[400, 305, 383.17]
[400, 306, 383.535]
[400, 307, 383.965]
[400, 308, 384.325]
[400, 309, 384.45]
[400, 310, 384.6175]
[400, 311, 384.8775]
[400, 312, 385.18]
[400, 313, 385.385]
[400, 314, 385.3475]
[400, 315, 385.63]
[400, 316, 386.0525]
[400, 317, 386.275]
[400, 318, 386.4175]
[400, 319, 386.4654]
[400, 320, 386.5349]
[400, 321, 386.5421]
[400, 322, 386.5988]
[400, 323, 386.6667]
[400, 324, 386.7516]
[400, 325, 386.8267]
[400, 326, 386.9466]
[400, 327, 387.0824]
[400, 328, 387.2283]
[400, 329, 387.3712]
[400, 330, 387.4928]
[400, 331, 387.529]
[400, 332, 387.5158]
[400, 333, 387.5137]
[400, 334, 387.5024]
[400, 335, 387.5531]
[400, 336, 387.4969]
[400, 337, 387.4558]
[400, 338, 387.467]
[400, 339, 387.4313]
[400, 340, 387.3347]
[400, 341, 387.1234]
[400, 342, 386.954]
[400, 343, 386.9475]
[400, 344, 387.0145]
[400, 345, 387.0619]
[400, 346, 387.1124]
[400, 347, 387.1685]
[400, 348, 387.285]
[400, 349, 387.3975]
[400, 350, 387.5]
[400, 351, 387.6276]
[400, 352, 387.7233]
[400, 353, 387.8205]
[400, 354, 387.919]
[400, 355, 388.0483]
[400, 356, 388.2042]
[400, 357, 388.3525]
[400, 358, 388.4999]
[400, 359, 388.63]
[400, 360, 388.7703]
[400, 361, 388.89]
[400, 362, 388.9825]
[400, 363, 389.0283]
[400, 364, 389.0515]
[400, 365, 389.1189]
[400, 366, 389.1911]
[400, 367, 389.2621]
[400, 368, 389.3133]
[400, 369, 389.4038]
[400, 370, 389.4475]
[400, 371, 389.4975]
[400, 372, 389.5612]
[400, 373, 389.6882]
[400, 374, 389.7125]
[400, 375, 389.67]
[400, 376, 389.6368]
[400, 377, 389.5217]
[400, 378, 389.4809]
[400, 379, 389.4477]
[400, 380, 389.3629]
[400, 381, 389.2442]
[400, 382, 389.198]
[400, 383, 389.2974]
[400, 384, 389.3393]
[400, 385, 389.3476]
[400, 386, 389.4224]
[400, 387, 389.7223]
[400, 388, 389.9629]
[400, 389, 390.1499]
[400, 390, 390.3393]
[400, 391, 390.5133]
[400, 392, 390.7027]
[400, 393, 390.8082]
[400, 394, 390.9624]
[400, 395, 391.0126]
[400, 396, 391.2331]
[400, 397, 391.4901]
[400, 398, 391.5631]
[400, 399, 391.615]
[400, 400, 391.6455]
[400, 401, 391.6604]
[400, 402, 391.6196]
[400, 403, 391.5895]
[400, 404, 391.5696]
[400, 405, 391.5461]
[400, 406, 391.4489]
[400, 407, 391.5725]
[400, 408, 391.6588]
[400, 409, 391.541]
[400, 410, 391.7233]
[400, 411, 391.8388]
[400, 412, 391.8901]
[400, 413, 391.9895]
[400, 414, 391.8395]
[400, 415, 391.8613]
[400, 416, 391.9595]
[400, 417, 392.1904]
[400, 418, 392.2217]
[400, 419, 392.3591]
[400, 420, 392.4068]
[400, 421, 392.4492]
[400, 422, 392.5378]
[400, 423, 392.6984]
[400, 424, 392.8869]
[400, 425, 392.9763]
[400, 426, 393.1239]
[400, 427, 393.1093]
[400, 428, 393.1226]
[400, 429, 393.2003]
[400, 430, 393.1714]
[400, 431, 393.2976]
[400, 432, 393.4283]
[400, 433, 393.4585]
[400, 434, 393.447]
[400, 435, 393.5039]
[400, 436, 393.6528]
[400, 437, 393.8508]
[400, 438, 394.2055]
[400, 439, 394.2212]
[400, 440, 394.28]
[400, 441, 394.3519]
[400, 442, 394.4289]
[400, 443, 394.5578]
[400, 444, 394.6454]
[400, 445, 394.752]
[400, 446, 394.8258]
[400, 447, 394.8308]
[400, 448, 394.8825]
[400, 449, 394.915]
[400, 450, 394.97]
[400, 451, 394.9364]
[400, 452, 394.9333]
[400, 453, 395.0088]
[400, 454, 395.1479]
[400, 455, 395.2242]
[400, 456, 395.1373]
[400, 457, 395.164]
[400, 458, 395.2786]
[400, 459, 395.2859]
[400, 460, 395.1747]
[400, 461, 395.2327]
[400, 462, 395.3107]
[400, 463, 395.3882]
[400, 464, 395.3512]
[400, 465, 395.2545]
[400, 466, 395.1953]
[400, 467, 395.1581]
[400, 468, 395.1424]
[400, 469, 395.1043]
[400, 470, 395.0318]
[400, 471, 395.0565]
[400, 472, 395.0335]
[400, 473, 394.7931]
[400, 474, 394.7492]
[400, 475, 394.5985]
[400, 476, 394.4613]
[400, 477, 394.33]
[400, 478, 394.3298]
[400, 479, 394.3048]
[400, 480, 394.2351]
[400, 481, 394.2375]
[400, 482, 394.2182]
[400, 483, 394.2436]
[400, 484, 394.2063]
[400, 485, 394.2913]
[400, 486, 394.3603]
[400, 487, 394.3491]
[400, 488, 394.3013]
[400, 489, 394.2197]
[400, 490, 394.1217]
[400, 491, 394.1382]
[400, 492, 394.0226]
[400, 493, 393.8375]
[400, 494, 393.775]
[400, 495, 393.665]
[400, 496, 393.6662]
[400, 497, 393.4352]
[400, 498, 393.2458]
[400, 499, 393.0967]
[410, 499, 402.4]
[410, 498, 402.4554]
[410, 497, 402.5894]
[410, 496, 402.7237]
[410, 495, 402.9097]
[410, 494, 403.0648]
[410, 493, 403.1854]
[410, 492, 403.376]
[410, 491, 403.4472]
[410, 490, 403.4409]
[410, 489, 403.6325]
[410, 488, 403.8325]
[410, 487, 403.9753]
[410, 486, 404.0767]
[410, 485, 404.1354]
[410, 484, 404.1224]
[410, 483, 404.2258]
[410, 482, 404.3089]
[410, 481, 404.2806]
[410, 480, 404.3438]
[410, 479, 404.281]
[410, 478, 404.2038]
[410, 477, 404.3404]
[410, 476, 404.3432]
[410, 475, 404.3859]
[410, 474, 404.5023]
[410, 473, 404.656]
[410, 472, 404.8543]
[410, 471, 404.948]
[410, 470, 404.9993]
[410, 469, 405.0741]
[410, 468, 405.0774]
[410, 467, 405.0784]
[410, 466, 405.245]
[410, 465, 405.3716]
[410, 464, 405.3186]
[410, 463, 405.4648]
[410, 462, 405.6551]
[410, 461, 405.7847]
[410, 460, 405.8039]
[410, 459, 405.7421]
[410, 458, 405.5886]
[410, 457, 405.526]
[410, 456, 405.4394]
[410, 455, 405.4276]
[410, 454, 405.4097]
[410, 453, 405.4389]
[410, 452, 405.42]
[410, 451, 405.3252]
[410, 450, 405.3071]
[410, 449, 405.295]
[410, 448, 405.2665]
[410, 447, 405.268]
[410, 446, 405.1644]
[410, 445, 405.0325]
[410, 444, 404.9925]
[410, 443, 404.975]
[410, 442, 404.885]
[410, 441, 404.8023]
[410, 440, 404.6873]
[410, 439, 404.5302]
[410, 438, 404.4064]
[410, 437, 404.2507]
[410, 436, 404.1354]
[410, 435, 404.1419]
[410, 434, 403.9933]
[410, 433, 403.8027]
[410, 432, 403.755]
[410, 431, 403.6558]
[410, 430, 403.5836]
[410, 429, 403.4425]
[410, 428, 403.2325]
[410, 427, 402.9867]
[410, 426, 402.8443]
[410, 425, 402.785]
[410, 424, 402.7287]
[410, 423, 402.72]
[410, 422, 402.5738]
[410, 421, 402.3125]
[410, 420, 402.1682]
[410, 419, 401.9443]
[410, 418, 401.7187]
[410, 417, 401.5662]
[410, 416, 401.4435]
[410, 415, 401.3425]
[410, 414, 401.1975]
[410, 413, 401.0013]
[410, 412, 400.85]
[410, 411, 400.6775]
[410, 410, 400.5068]
[410, 409, 400.4317]
[410, 408, 400.3174]
[410, 407, 400.215]
[410, 406, 400.11]
[410, 405, 400.0646]
[410, 404, 400.0733]
[410, 403, 399.9986]
[410, 402, 399.9244]
[410, 401, 399.8639]
[410, 400, 399.8519]
[410, 399, 399.7887]
[410, 398, 399.6785]
[410, 397, 399.6055]
[410, 396, 399.5475]
[410, 395, 399.3902]
[410, 394, 399.3666]
[410, 393, 399.269]
[410, 392, 399.1402]
[410, 391, 398.9703]
[410, 390, 398.7971]
[410, 389, 398.575]
[410, 388, 398.4277]
[410, 387, 398.3191]
[410, 386, 398.1108]
[410, 385, 397.9454]
[410, 384, 397.7747]
[410, 383, 397.6394]
[410, 382, 397.5241]
[410, 381, 397.3487]
[410, 380, 397.0903]
[410, 379, 396.8876]
[410, 378, 396.7194]
[410, 377, 396.4623]
[410, 376, 396.1246]
[410, 375, 395.87]
[410, 374, 395.6399]
[410, 373, 395.43]
[410, 372, 395.2381]
[410, 371, 395.1795]
[410, 370, 395.0413]
[410, 369, 394.875]
[410, 368, 394.71]
[410, 367, 394.6119]
[410, 366, 394.4831]
[410, 365, 394.3385]
[410, 364, 394.2386]
[410, 363, 394.1449]
[410, 362, 394.1139]
[410, 361, 394.0982]
[410, 360, 394.0692]
[410, 359, 394.015]
[410, 358, 393.9596]
[410, 357, 393.8875]
[410, 356, 393.8451]
[410, 355, 393.7515]
[410, 354, 393.6412]
[410, 353, 393.5408]
[410, 352, 393.4512]
[410, 351, 393.328]
[410, 350, 393.2125]
[410, 349, 393.165]
[410, 348, 393.0761]
[410, 347, 393.095]
[410, 346, 393.045]
[410, 345, 392.9817]
[410, 344, 392.9422]
[410, 343, 392.9725]
[410, 342, 393.07]
[410, 341, 393.0696]
[410, 340, 392.9998]
[410, 339, 392.9825]
[410, 338, 392.9427]
[410, 337, 393.0451]
[410, 336, 393.1161]
[410, 335, 393.1708]
[410, 334, 393.1594]
[410, 333, 393.2232]
[410, 332, 393.2973]
[410, 331, 393.3716]
[410, 330, 393.3832]
[410, 329, 393.314]
[410, 328, 393.271]
[410, 327, 393.2243]
[410, 326, 393.12]
[410, 325, 392.9457]
[410, 324, 392.7193]
[410, 323, 392.4271]
[410, 322, 392.2165]
[410, 321, 392.0201]
[410, 320, 391.7116]
[410, 319, 391.4017]
[410, 318, 391.1496]
[410, 317, 390.9606]
[410, 316, 390.706]
[410, 315, 390.492]
[410, 314, 390.2525]
[410, 313, 390.0375]
[410, 312, 389.92]
[410, 311, 389.7125]
[410, 310, 389.495]
[410, 309, 389.25]
[410, 308, 388.9825]
[410, 307, 388.85]
[410, 306, 388.6675]
[410, 305, 388.4125]
[410, 304, 388.2725]
[410, 303, 388.1675]
[410, 302, 388.14]
[410, 301, 387.9325]
[410, 300, 387.7275]
[410, 299, 387.525]
[410, 298, 387.295]
[410, 297, 387.02]
[410, 296, 386.6875]
[410, 295, 386.3]
[410, 294, 385.7]
[410, 293, 384.7725]
[410, 292, 383.88]
[410, 291, 383.2025]
[410, 290, 382.5475]
[410, 289, 381.9875]
[410, 288, 381.6425]
[410, 287, 381.61]
[410, 286, 381.395]
[410, 285, 381.0725]
[410, 284, 380.695]
[410, 283, 380.3075]
[410, 282, 379.915]
[410, 281, 379.31]
[410, 280, 378.55]
[410, 279, 377.55]
[410, 278, 376.5525]
[410, 277, 375.135]
[410, 276, 373.7425]
[410, 275, 372.4075]
[410, 274, 371.1925]
[410, 273, 370.0]
[410, 272, 369.245]
[410, 271, 369.19]
[410, 270, 368.995]
[410, 269, 368.725]
[410, 268, 368.1675]
[410, 267, 367.85]
[410, 266, 367.995]
[410, 265, 368.3025]
[410, 264, 368.9875]
[410, 263, 370.405]
[410, 262, 372.0225]
[410, 261, 373.705]
[410, 260, 374.9475]
[410, 259, 376.525]
[410, 258, 377.925]
[410, 257, 379.14]
[410, 256, 380.1]
[410, 255, 380.4125]
[410, 254, 380.6775]
[410, 253, 380.9125]
[410, 252, 381.19]
[410, 251, 381.49]
[410, 250, 381.815]
[410, 249, 382.0925]
[410, 248, 382.395]
[410, 247, 382.7075]
[410, 246, 383.035]
[410, 245, 383.3175]
[410, 244, 383.615]
[410, 243, 383.8725]
[410, 242, 384.125]
[410, 241, 384.3425]
[410, 240, 384.5775]
[410, 239, 384.9825]
[410, 238, 385.27]
[410, 237, 385.3975]
[410, 236, 385.5775]
[410, 235, 385.7975]
[410, 234, 386.1025]
[410, 233, 386.44]
[410, 232, 386.88]
[410, 231, 387.4125]
[410, 230, 388.0175]
[410, 229, 388.715]
[410, 228, 389.4775]
[410, 227, 390.2025]
[410, 226, 390.9075]
[410, 225, 391.5525]
[410, 224, 392.1575]
[410, 223, 392.7725]
[410, 222, 393.265]
[410, 221, 393.7025]
[410, 220, 394.1275]
[410, 219, 394.5475]
[410, 218, 394.905]
[410, 217, 395.23]
[410, 216, 395.5625]
[410, 215, 395.8775]
[410, 214, 396.18]
[410, 213, 396.43]
[410, 212, 396.6925]
[410, 211, 396.97]
[410, 210, 397.2225]
[410, 209, 397.5975]
[410, 208, 397.86]
[410, 207, 398.23]
[410, 206, 398.52]
[410, 205, 398.775]
[410, 204, 399.05]
[410, 203, 399.44]
[410, 202, 399.8275]
[410, 201, 400.1825]
[410, 200, 400.5225]
[410, 199, 400.845]
[410, 198, 401.185]
[410, 197, 401.535]
[410, 196, 401.9325]
[410, 195, 402.26]
[410, 194, 402.5225]
[410, 193, 402.86]
[410, 192, 403.01]
[410, 191, 403.2925]
[410, 190, 403.5775]
[410, 189, 403.915]
[410, 188, 404.28]
[410, 187, 404.6475]
[410, 186, 405.095]
[410, 185, 405.4625]
[410, 184, 405.7625]
[410, 183, 406.105]
[410, 182, 406.4425]
[410, 181, 406.72]
[410, 180, 406.855]
[410, 179, 407.065]
[410, 178, 407.195]
[410, 177, 407.2375]
[410, 176, 407.34]
[410, 175, 407.52]
[410, 174, 407.775]
[410, 173, 408.155]
[410, 172, 408.42]
[410, 171, 408.685]
[410, 170, 408.9475]
[410, 169, 409.2525]
[410, 168, 409.63]
[410, 167, 410.09]
[410, 166, 410.5875]
[410, 165, 411.065]
[410, 164, 411.5075]
[410, 163, 411.9475]
[410, 162, 412.3275]
[410, 161, 412.7575]
[410, 160, 413.43]
[410, 159, 414.0525]
[410, 158, 414.7575]
[410, 157, 415.36]
[410, 156, 415.945]
[410, 155, 416.425]
[410, 154, 416.8875]
[410, 153, 417.325]
[410, 152, 417.795]
[410, 151, 418.2475]
[410, 150, 418.7075]
[410, 149, 419.18]
[410, 148, 419.5625]
[410, 147, 419.9025]
[410, 146, 420.2325]
[410, 145, 420.38]
[410, 144, 420.61]
[410, 143, 420.795]
[410, 142, 420.9475]
[410, 141, 421.07]
[410, 140, 421.26]
[410, 139, 421.4475]
[410, 138, 421.6825]
[410, 137, 421.9475]
[410, 136, 422.2375]
[410, 135, 422.61]
[410, 134, 423.075]
[410, 133, 423.5175]
[410, 132, 423.9375]
[410, 131, 424.4]
[410, 130, 424.985]
[410, 129, 425.6275]
[410, 128, 426.28]
[410, 127, 426.83]
[410, 126, 427.4325]
[410, 125, 427.935]
[410, 124, 428.375]
[410, 123, 428.8275]
[410, 122, 429.22]
[410, 121, 429.51]
[410, 120, 429.8625]
[410, 119, 430.155]
[410, 118, 430.475]
[410, 117, 430.815]
[410, 116, 431.1175]
[410, 115, 431.4575]
[410, 114, 431.85]
[410, 113, 432.285]
[410, 112, 432.7875]
[410, 111, 433.2525]
[410, 110, 433.7525]
[410, 109, 434.4975]
[410, 108, 435.1575]
[410, 107, 435.875]
[410, 106, 436.6175]
[410, 105, 437.3725]
[410, 104, 438.2325]
[410, 103, 439.09]
[410, 102, 439.9325]
[410, 101, 440.715]
[410, 100, 441.49]
[410, 99, 442.1875]
[410, 98, 442.86]
[410, 97, 443.5575]
[410, 96, 444.335]
[410, 95, 445.015]
[410, 94, 445.6325]
[410, 93, 446.3925]
[410, 92, 447.0475]
[410, 91, 447.6525]
[410, 90, 448.1825]
[410, 89, 448.7775]
[410, 88, 449.455]
[410, 87, 450.0425]
[410, 86, 450.6025]
[410, 85, 451.13]
[410, 84, 451.6775]
[410, 83, 452.1875]
[410, 82, 452.795]
[410, 81, 453.35]
[410, 80, 453.9025]
[410, 79, 454.555]
[410, 78, 455.2175]
[410, 77, 455.7825]
[410, 76, 456.19]
[410, 75, 456.565]
[410, 74, 457.055]
[410, 73, 457.6375]
[410, 72, 458.0375]
[410, 71, 458.5225]
[410, 70, 459.0325]
[410, 69, 459.365]
[410, 68, 459.7]
[410, 67, 460.2625]
[410, 66, 460.725]
[410, 65, 461.2075]
[410, 64, 461.7375]
[410, 63, 462.29]
[410, 62, 462.84]
[410, 61, 463.555]
[410, 60, 464.2925]
[410, 59, 464.9825]
[410, 58, 465.6425]
[410, 57, 466.2275]
[410, 56, 466.775]
[410, 55, 467.2525]
[410, 54, 467.765]
[410, 53, 468.3325]
[410, 52, 468.8125]
[410, 51, 469.3775]
[410, 50, 469.9175]
[410, 49, 470.4775]
[410, 48, 471.0675]
[410, 47, 471.65]
[410, 46, 472.1125]
[410, 45, 472.5925]
[410, 44, 472.985]
[410, 43, 473.3725]
[410, 42, 473.78]
[410, 41, 474.145]
[410, 40, 474.5675]
[410, 39, 475.0925]
[410, 38, 475.595]
[410, 37, 475.995]
[410, 36, 476.6225]
[410, 35, 477.1425]
[410, 34, 477.665]
[410, 33, 478.1875]
[410, 32, 478.715]
[410, 31, 479.135]
[410, 30, 479.41]
[410, 29, 479.7525]
[410, 28, 480.075]
[410, 27, 480.3875]
[410, 26, 480.7725]
[410, 25, 481.165]
[410, 24, 481.5975]
[410, 23, 482.0325]
[410, 22, 482.43]
[410, 21, 482.85]
[410, 20, 483.2825]
[410, 19, 483.7375]
[410, 18, 484.1275]
[410, 17, 484.525]
[410, 16, 484.9475]
[410, 15, 485.4625]
[410, 14, 486.005]
[410, 13, 486.3875]
[410, 12, 486.78]
[410, 11, 487.305]
[410, 10, 487.885]
[410, 9, 488.335]
[410, 8, 488.665]
[410, 7, 489.1425]
[410, 6, 489.455]
[410, 5, 489.845]
[410, 4, 490.255]
[410, 3, 490.63]
[410, 2, 491.0225]
[410, 1, 491.3875]
[410, 0, 491.7425]
[420, 0, 498.09]
[420, 1, 497.68]
[420, 2, 497.33]
[420, 3, 497.015]
[420, 4, 496.6875]
[420, 5, 496.35]
[420, 6, 495.9875]
[420, 7, 495.625]
[420, 8, 495.18]
[420, 9, 494.7925]
[420, 10, 494.41]
[420, 11, 494.055]
[420, 12, 493.67]
[420, 13, 493.3075]
[420, 14, 492.89]
[420, 15, 492.5175]
[420, 16, 492.15]
[420, 17, 491.745]
[420, 18, 491.295]
[420, 19, 490.9225]
[420, 20, 490.5175]
[420, 21, 490.05]
[420, 22, 489.58]
[420, 23, 489.135]
[420, 24, 488.565]
[420, 25, 488.1075]
[420, 26, 487.6375]
[420, 27, 487.17]
[420, 28, 486.7125]
[420, 29, 486.2875]
[420, 30, 485.8375]
[420, 31, 485.3225]
[420, 32, 484.865]
[420, 33, 484.44]
[420, 34, 484.02]
[420, 35, 483.6075]
[420, 36, 483.225]
[420, 37, 482.865]
[420, 38, 482.525]
[420, 39, 482.105]
[420, 40, 481.7125]
[420, 41, 481.325]
[420, 42, 480.965]
[420, 43, 480.4775]
[420, 44, 479.95]
[420, 45, 479.49]
[420, 46, 479.095]
[420, 47, 478.6275]
[420, 48, 478.1325]
[420, 49, 477.7]
[420, 50, 477.205]
[420, 51, 476.755]
[420, 52, 476.365]
[420, 53, 475.9025]
[420, 54, 475.35]
[420, 55, 474.765]
[420, 56, 474.17]
[420, 57, 473.725]
[420, 58, 473.1475]
[420, 59, 472.655]
[420, 60, 472.0525]
[420, 61, 471.6]
[420, 62, 471.0]
[420, 63, 470.3775]
[420, 64, 469.745]
[420, 65, 469.08]
[420, 66, 468.415]
[420, 67, 467.8625]
[420, 68, 467.2625]
[420, 69, 466.6575]
[420, 70, 466.0425]
[420, 71, 465.52]
[420, 72, 464.79]
[420, 73, 464.0675]
[420, 74, 463.4225]
[420, 75, 462.8525]
[420, 76, 462.355]
[420, 77, 461.83]
[420, 78, 461.2025]
[420, 79, 460.5575]
[420, 80, 459.97]
[420, 81, 459.4075]
[420, 82, 458.935]
[420, 83, 458.3925]
[420, 84, 457.825]
[420, 85, 457.345]
[420, 86, 456.8575]
[420, 87, 456.4]
[420, 88, 455.8975]
[420, 89, 455.3375]
[420, 90, 454.795]
[420, 91, 454.1725]
[420, 92, 453.5275]
[420, 93, 452.925]
[420, 94, 452.2925]
[420, 95, 451.61]
[420, 96, 450.92]
[420, 97, 450.2125]
[420, 98, 449.35]
[420, 99, 448.46]
[420, 100, 447.4875]
[420, 101, 446.4425]
[420, 102, 445.4425]
[420, 103, 444.4625]
[420, 104, 443.63]
[420, 105, 442.8575]
[420, 106, 442.17]
[420, 107, 441.41]
[420, 108, 440.835]
[420, 109, 440.31]
[420, 110, 439.74]
[420, 111, 439.21]
[420, 112, 438.7425]
[420, 113, 438.26]
[420, 114, 437.785]
[420, 115, 437.225]
[420, 116, 436.7]
[420, 117, 436.2075]
[420, 118, 435.865]
[420, 119, 435.445]
[420, 120, 435.0425]
[420, 121, 434.7825]
[420, 122, 434.495]
[420, 123, 434.215]
[420, 124, 433.9175]
[420, 125, 433.6175]
[420, 126, 433.28]
[420, 127, 432.895]
[420, 128, 432.4175]
[420, 129, 431.88]
[420, 130, 431.295]
[420, 131, 430.69]
[420, 132, 430.125]
[420, 133, 429.485]
[420, 134, 428.91]
[420, 135, 428.3325]
[420, 136, 427.705]
[420, 137, 427.1025]
[420, 138, 426.5875]
[420, 139, 426.035]
[420, 140, 425.61]
[420, 141, 425.2475]
[420, 142, 424.89]
[420, 143, 424.575]
[420, 144, 424.2975]
[420, 145, 424.0325]
[420, 146, 423.7925]
[420, 147, 423.42]
[420, 148, 423.0575]
[420, 149, 422.66]
[420, 150, 422.1825]
[420, 151, 421.7425]
[420, 152, 421.355]
[420, 153, 420.8525]
[420, 154, 420.41]
[420, 155, 419.925]
[420, 156, 419.45]
[420, 157, 419.015]
[420, 158, 418.565]
[420, 159, 418.07]
[420, 160, 417.4775]
[420, 161, 416.885]
[420, 162, 416.4025]
[420, 163, 415.8975]
[420, 164, 415.405]
[420, 165, 414.8825]
[420, 166, 414.2325]
[420, 167, 413.705]
[420, 168, 413.2625]
[420, 169, 412.7875]
[420, 170, 412.335]
[420, 171, 411.9625]
[420, 172, 411.65]
[420, 173, 411.295]
[420, 174, 411.0475]
[420, 175, 410.8825]
[420, 176, 410.5875]
[420, 177, 410.3425]
[420, 178, 410.045]
[420, 179, 409.745]
[420, 180, 409.5575]
[420, 181, 409.245]
[420, 182, 409.015]
[420, 183, 408.7475]
[420, 184, 408.4675]
[420, 185, 408.1575]
[420, 186, 407.8175]
[420, 187, 407.4675]
[420, 188, 407.2475]
[420, 189, 406.8825]
[420, 190, 406.475]
[420, 191, 406.165]
[420, 192, 405.8425]
[420, 193, 405.5125]
[420, 194, 405.27]
[420, 195, 404.7975]
[420, 196, 404.595]
[420, 197, 404.29]
[420, 198, 403.9325]
[420, 199, 403.64]
[420, 200, 403.4925]
[420, 201, 403.1175]
[420, 202, 402.785]
[420, 203, 402.4975]
[420, 204, 402.1575]
[420, 205, 401.8575]
[420, 206, 401.465]
[420, 207, 401.005]
[420, 208, 400.5225]
[420, 209, 400.025]
[420, 210, 399.38]
[420, 211, 398.7325]
[420, 212, 398.015]
[420, 213, 397.36]
[420, 214, 396.9425]
[420, 215, 396.5925]
[420, 216, 396.185]
[420, 217, 395.7625]
[420, 218, 395.21]
[420, 219, 394.6075]
[420, 220, 393.905]
[420, 221, 393.0975]
[420, 222, 392.495]
[420, 223, 392.0975]
[420, 224, 391.535]
[420, 225, 390.98]
[420, 226, 390.4925]
[420, 227, 390.095]
[420, 228, 389.495]
[420, 229, 388.99]
[420, 230, 388.61]
[420, 231, 388.0825]
[420, 232, 387.6125]
[420, 233, 387.1675]
[420, 234, 386.6725]
[420, 235, 386.1325]
[420, 236, 385.58]
[420, 237, 384.995]
[420, 238, 384.5125]
[420, 239, 384.0125]
[420, 240, 383.3875]
[420, 241, 382.6625]
[420, 242, 381.7825]
[420, 243, 381.23]
[420, 244, 380.695]
[420, 245, 380.2325]
[420, 246, 379.8725]
[420, 247, 379.445]
[420, 248, 378.98]
[420, 249, 378.35]
[420, 250, 377.575]
[420, 251, 376.835]
[420, 252, 376.3475]
[420, 253, 375.615]
[420, 254, 374.9375]
[420, 255, 374.435]
[420, 256, 374.0525]
[420, 257, 373.46]
[420, 258, 372.57]
[420, 259, 371.7575]
[420, 260, 371.475]
[420, 261, 371.085]
[420, 262, 370.815]
[420, 263, 371.27]
[420, 264, 371.865]
[420, 265, 372.19]
[420, 266, 372.3125]
[420, 267, 372.4175]
[420, 268, 372.7225]
[420, 269, 373.51]
[420, 270, 374.4425]
[420, 271, 375.2625]
[420, 272, 375.915]
[420, 273, 377.0025]
[420, 274, 378.5425]
[420, 275, 379.8075]
[420, 276, 380.8575]
[420, 277, 381.97]
[420, 278, 383.46]
[420, 279, 384.5575]
[420, 280, 385.1175]
[420, 281, 385.6975]
[420, 282, 386.36]
[420, 283, 387.0125]
[420, 284, 387.615]
[420, 285, 388.1275]
[420, 286, 388.67]
[420, 287, 389.335]
[420, 288, 389.955]
[420, 289, 390.49]
[420, 290, 390.9125]
[420, 291, 391.335]
[420, 292, 391.7275]
[420, 293, 392.0675]
[420, 294, 392.4075]
[420, 295, 392.635]
[420, 296, 392.745]
[420, 297, 392.7625]
[420, 298, 393.0975]
[420, 299, 393.2825]
[420, 300, 393.5225]
[420, 301, 393.81]
[420, 302, 394.0125]
[420, 303, 394.17]
[420, 304, 394.3275]
[420, 305, 394.51]
[420, 306, 394.7175]
[420, 307, 394.8925]
[420, 308, 395.15]
[420, 309, 395.38]
[420, 310, 395.6625]
[420, 311, 395.9325]
[420, 312, 396.1835]
[420, 313, 396.4515]
[420, 314, 396.6929]
[420, 315, 396.9749]
[420, 316, 397.2661]
[420, 317, 397.488]
[420, 318, 397.7187]
[420, 319, 397.94]
[420, 320, 398.2165]
[420, 321, 398.4521]
[420, 322, 398.6508]
[420, 323, 398.8919]
[420, 324, 399.0645]
[420, 325, 399.2129]
[420, 326, 399.3642]
[420, 327, 399.4571]
[420, 328, 399.5198]
[420, 329, 399.5808]
[420, 330, 399.5933]
[420, 331, 399.5619]
[420, 332, 399.5658]
[420, 333, 399.5878]
[420, 334, 399.5742]
[420, 335, 399.5065]
[420, 336, 399.4255]
[420, 337, 399.3286]
[420, 338, 399.1668]
[420, 339, 399.08]
[420, 340, 399.0835]
[420, 341, 399.0185]
[420, 342, 398.9944]
[420, 343, 399.0618]
[420, 344, 399.1055]
[420, 345, 399.2175]
[420, 346, 399.4342]
[420, 347, 399.7018]
[420, 348, 399.8043]
[420, 349, 399.8375]
[420, 350, 399.9529]
[420, 351, 400.08]
[420, 352, 400.2474]
[420, 353, 400.5125]
[420, 354, 400.7675]
[420, 355, 400.88]
[420, 356, 400.8709]
[420, 357, 400.8217]
[420, 358, 400.8763]
[420, 359, 400.951]
[420, 360, 401.2795]
[420, 361, 401.52]
[420, 362, 401.7596]
[420, 363, 402.0013]
[420, 364, 402.2839]
[420, 365, 402.4796]
[420, 366, 402.7314]
[420, 367, 403.0371]
[420, 368, 403.3307]
[420, 369, 403.6243]
[420, 370, 403.9754]
[420, 371, 404.2574]
[420, 372, 404.534]
[420, 373, 404.729]
[420, 374, 405.0282]
[420, 375, 405.3353]
[420, 376, 405.6487]
[420, 377, 405.9461]
[420, 378, 406.1799]
[420, 379, 406.4022]
[420, 380, 406.7133]
[420, 381, 406.8561]
[420, 382, 407.0424]
[420, 383, 407.1727]
[420, 384, 407.4083]
[420, 385, 407.5227]
[420, 386, 407.6061]
[420, 387, 407.6769]
[420, 388, 407.8798]
[420, 389, 408.0934]
[420, 390, 408.2089]
[420, 391, 408.4206]
[420, 392, 408.6356]
[420, 393, 408.8091]
[420, 394, 408.9375]
[420, 395, 409.0702]
[420, 396, 409.3484]
[420, 397, 409.5783]
[420, 398, 409.6961]
[420, 399, 409.7893]
[420, 400, 409.8778]
[420, 401, 410.0175]
[420, 402, 410.1803]
[420, 403, 410.3287]
[420, 404, 410.4555]
[420, 405, 410.5841]
[420, 406, 410.7147]
[420, 407, 410.8325]
[420, 408, 410.9747]
[420, 409, 411.1034]
[420, 410, 411.2503]
[420, 411, 411.3584]
[420, 412, 411.4705]
[420, 413, 411.719]
[420, 414, 411.8786]
[420, 415, 412.0179]
[420, 416, 412.2475]
[420, 417, 412.5425]
[420, 418, 412.8712]
[420, 419, 413.0721]
[420, 420, 413.2176]
[420, 421, 413.4062]
[420, 422, 413.5943]
[420, 423, 413.7696]
[420, 424, 413.8578]
[420, 425, 413.9003]
[420, 426, 413.9913]
[420, 427, 414.1427]
[420, 428, 414.255]
[420, 429, 414.3724]
[420, 430, 414.4699]
[420, 431, 414.6768]
[420, 432, 414.8175]
[420, 433, 415.0087]
[420, 434, 415.1741]
[420, 435, 415.3086]
[420, 436, 415.4125]
[420, 437, 415.4675]
[420, 438, 415.5362]
[420, 439, 415.645]
[420, 440, 415.7434]
[420, 441, 415.7625]
[420, 442, 415.7223]
[420, 443, 415.6134]
[420, 444, 415.5165]
[420, 445, 415.479]
[420, 446, 415.4389]
[420, 447, 415.4518]
[420, 448, 415.3725]
[420, 449, 415.3379]
[420, 450, 415.267]
[420, 451, 415.2688]
[420, 452, 415.3423]
[420, 453, 415.4283]
[420, 454, 415.627]
[420, 455, 415.7707]
[420, 456, 415.9196]
[420, 457, 415.9369]
[420, 458, 415.9225]
[420, 459, 416.0081]
[420, 460, 415.9932]
[420, 461, 415.9175]
[420, 462, 415.7868]
[420, 463, 415.6747]
[420, 464, 415.5514]
[420, 465, 415.4603]
[420, 466, 415.4889]
[420, 467, 415.5108]
[420, 468, 415.4243]
[420, 469, 415.3823]
[420, 470, 415.3251]
[420, 471, 415.2975]
[420, 472, 415.4]
[420, 473, 415.5166]
[420, 474, 415.5844]
[420, 475, 415.595]
[420, 476, 415.4875]
[420, 477, 415.3929]
[420, 478, 415.4218]
[420, 479, 415.4583]
[420, 480, 415.5224]
[420, 481, 415.4354]
[420, 482, 415.255]
[420, 483, 415.1933]
[420, 484, 415.2581]
[420, 485, 415.3352]
[420, 486, 415.3486]
[420, 487, 415.2202]
[420, 488, 415.0947]
[420, 489, 414.9263]
[420, 490, 414.8408]
[420, 491, 414.745]
[420, 492, 414.7121]
[420, 493, 414.5729]
[420, 494, 414.3699]
[420, 495, 414.1093]
[420, 496, 414.0193]
[420, 497, 413.9508]
[420, 498, 413.88]
[420, 499, 413.8498]
[430, 499, 425.205]
[430, 498, 425.2491]
[430, 497, 425.2875]
[430, 496, 425.3084]
[430, 495, 425.4249]
[430, 494, 425.5413]
[430, 493, 425.5817]
[430, 492, 425.654]
[430, 491, 425.8244]
[430, 490, 425.9695]
[430, 489, 426.0398]
[430, 488, 426.14]
[430, 487, 426.1968]
[430, 486, 426.2556]
[430, 485, 426.3853]
[430, 484, 426.4275]
[430, 483, 426.2944]
[430, 482, 426.265]
[430, 481, 426.2483]
[430, 480, 426.1538]
[430, 479, 426.0555]
[430, 478, 425.9743]
[430, 477, 425.9541]
[430, 476, 425.89]
[430, 475, 425.9364]
[430, 474, 425.9808]
[430, 473, 426.0097]
[430, 472, 425.885]
[430, 471, 425.89]
[430, 470, 425.79]
[430, 469, 425.7255]
[430, 468, 425.5497]
[430, 467, 425.5181]
[430, 466, 425.525]
[430, 465, 425.4696]
[430, 464, 425.3868]
[430, 463, 425.3259]
[430, 462, 425.3098]
[430, 461, 425.215]
[430, 460, 425.1275]
[430, 459, 425.0725]
[430, 458, 425.0638]
[430, 457, 424.9384]
[430, 456, 424.7712]
[430, 455, 424.5746]
[430, 454, 424.445]
[430, 453, 424.2525]
[430, 452, 424.0897]
[430, 451, 424.1099]
[430, 450, 424.065]
[430, 449, 424.0475]
[430, 448, 424.0703]
[430, 447, 424.0735]
[430, 446, 424.0925]
[430, 445, 424.0467]
[430, 444, 424.1264]
[430, 443, 424.17]
[430, 442, 424.0942]
[430, 441, 424.0195]
[430, 440, 423.9875]
[430, 439, 424.0075]
[430, 438, 423.9621]
[430, 437, 423.8602]
[430, 436, 423.7906]
[430, 435, 423.7402]
[430, 434, 423.7148]
[430, 433, 423.6747]
[430, 432, 423.6061]
[430, 431, 423.57]
[430, 430, 423.5349]
[430, 429, 423.4875]
[430, 428, 423.3977]
[430, 427, 423.2632]
[430, 426, 423.2274]
[430, 425, 423.145]
[430, 424, 423.0525]
[430, 423, 422.9438]
[430, 422, 422.8487]
[430, 421, 422.7325]
[430, 420, 422.6785]
[430, 419, 422.6132]
[430, 418, 422.5472]
[430, 417, 422.5369]
[430, 416, 422.395]
[430, 415, 422.1791]
[430, 414, 422.1216]
[430, 413, 422.07]
[430, 412, 421.9806]
[430, 411, 421.797]
[430, 410, 421.6125]
[430, 409, 421.4391]
[430, 408, 421.2532]
[430, 407, 421.07]
[430, 406, 420.8288]
[430, 405, 420.5879]
[430, 404, 420.4281]
[430, 403, 420.2388]
[430, 402, 420.1094]
[430, 401, 419.9263]
[430, 400, 419.8201]
[430, 399, 419.6731]
[430, 398, 419.475]
[430, 397, 419.3114]
[430, 396, 419.1995]
[430, 395, 419.0998]
[430, 394, 418.9996]
[430, 393, 418.89]
[430, 392, 418.7529]
[430, 391, 418.5443]
[430, 390, 418.3521]
[430, 389, 418.1539]
[430, 388, 417.9419]
[430, 387, 417.6592]
[430, 386, 417.4074]
[430, 385, 417.2139]
[430, 384, 417.1425]
[430, 383, 416.809]
[430, 382, 416.5068]
[430, 381, 416.2805]
[430, 380, 416.1126]
[430, 379, 415.917]
[430, 378, 415.6549]
[430, 377, 415.4979]
[430, 376, 415.3188]
[430, 375, 414.9296]
[430, 374, 414.4925]
[430, 373, 414.1142]
[430, 372, 413.9976]
[430, 371, 413.8054]
[430, 370, 413.2821]
[430, 369, 412.9725]
[430, 368, 412.6113]
[430, 367, 412.2159]
[430, 366, 412.0]
[430, 365, 411.6705]
[430, 364, 411.3243]
[430, 363, 411.1119]
[430, 362, 410.8486]
[430, 361, 410.5081]
[430, 360, 410.2307]
[430, 359, 409.931]
[430, 358, 409.7248]
[430, 357, 409.2791]
[430, 356, 408.9134]
[430, 355, 408.4975]
[430, 354, 408.1287]
[430, 353, 407.9367]
[430, 352, 407.7696]
[430, 351, 407.5681]
[430, 350, 407.295]
[430, 349, 407.1987]
[430, 348, 406.9769]
[430, 347, 406.8855]
[430, 346, 406.6888]
[430, 345, 406.4538]
[430, 344, 406.2318]
[430, 343, 405.9658]
[430, 342, 405.7702]
[430, 341, 405.705]
[430, 340, 405.6306]
[430, 339, 405.4675]
[430, 338, 405.3443]
[430, 337, 405.2825]
[430, 336, 405.2364]
[430, 335, 405.176]
[430, 334, 405.0154]
[430, 333, 404.9915]
[430, 332, 404.9112]
[430, 331, 404.8732]
[430, 330, 404.7731]
[430, 329, 404.6486]
[430, 328, 404.5663]
[430, 327, 404.497]
[430, 326, 404.4992]
[430, 325, 404.4225]
[430, 324, 404.3375]
[430, 323, 404.2217]
[430, 322, 404.1166]
[430, 321, 403.9739]
[430, 320, 403.8151]
[430, 319, 403.6008]
[430, 318, 403.4056]
[430, 317, 403.1337]
[430, 316, 402.912]
[430, 315, 402.7202]
[430, 314, 402.5118]
[430, 313, 402.295]
[430, 312, 402.1226]
[430, 311, 401.9594]
[430, 310, 401.7194]
[430, 309, 401.3825]
[430, 308, 401.1325]
[430, 307, 400.9025]
[430, 306, 400.6425]
[430, 305, 400.405]
[430, 304, 400.205]
[430, 303, 400.0125]
[430, 302, 399.84]
[430, 301, 399.7075]
[430, 300, 399.4725]
[430, 299, 399.2075]
[430, 298, 399.02]
[430, 297, 398.8225]
[430, 296, 398.695]
[430, 295, 398.47]
[430, 294, 398.2475]
[430, 293, 397.7175]
[430, 292, 397.28]
[430, 291, 397.1725]
[430, 290, 397.0625]
[430, 289, 396.9125]
[430, 288, 396.4725]
[430, 287, 395.89]
[430, 286, 395.325]
[430, 285, 394.715]
[430, 284, 394.12]
[430, 283, 393.4525]
[430, 282, 392.9]
[430, 281, 392.295]
[430, 280, 391.59]
[430, 279, 390.8575]
[430, 278, 390.215]
[430, 277, 389.5325]
[430, 276, 388.8125]
[430, 275, 388.205]
[430, 274, 387.4825]
[430, 273, 386.6125]
[430, 272, 385.7225]
[430, 271, 384.765]
[430, 270, 383.9875]
[430, 269, 383.2525]
[430, 268, 382.735]
[430, 267, 382.2675]
[430, 266, 381.655]
[430, 265, 380.9025]
[430, 264, 380.4075]
[430, 263, 379.7225]
[430, 262, 379.0175]
[430, 261, 378.1575]
[430, 260, 376.6775]
[430, 259, 375.545]
[430, 258, 374.785]
[430, 257, 374.145]
[430, 256, 373.965]
[430, 255, 373.995]
[430, 254, 373.965]
[430, 253, 374.12]
[430, 252, 374.46]
[430, 251, 375.2875]
[430, 250, 376.0025]
[430, 249, 376.6675]
[430, 248, 377.1175]
[430, 247, 377.455]
[430, 246, 377.7925]
[430, 245, 378.255]
[430, 244, 378.625]
[430, 243, 378.76]
[430, 242, 378.91]
[430, 241, 379.3575]
[430, 240, 379.755]
[430, 239, 379.77]
[430, 238, 379.8425]
[430, 237, 380.1375]
[430, 236, 380.3575]
[430, 235, 380.4225]
[430, 234, 380.6525]
[430, 233, 381.3225]
[430, 232, 382.12]
[430, 231, 383.085]
[430, 230, 383.655]
[430, 229, 384.165]
[430, 228, 384.585]
[430, 227, 384.8175]
[430, 226, 385.23]
[430, 225, 385.72]
[430, 224, 386.435]
[430, 223, 387.145]
[430, 222, 387.8175]
[430, 221, 388.555]
[430, 220, 389.455]
[430, 219, 390.4025]
[430, 218, 391.27]
[430, 217, 392.195]
[430, 216, 392.98]
[430, 215, 393.58]
[430, 214, 394.3075]
[430, 213, 394.915]
[430, 212, 395.54]
[430, 211, 396.155]
[430, 210, 396.555]
[430, 209, 396.3925]
[430, 208, 395.895]
[430, 207, 396.09]
[430, 206, 396.5875]
[430, 205, 397.375]
[430, 204, 398.3175]
[430, 203, 398.985]
[430, 202, 399.545]
[430, 201, 400.02]
[430, 200, 400.29]
[430, 199, 400.68]
[430, 198, 401.3575]
[430, 197, 402.0075]
[430, 196, 402.8275]
[430, 195, 403.625]
[430, 194, 404.1075]
[430, 193, 404.465]
[430, 192, 404.855]
[430, 191, 405.6575]
[430, 190, 406.7425]
[430, 189, 407.965]
[430, 188, 408.68]
[430, 187, 409.105]
[430, 186, 409.45]
[430, 185, 409.795]
[430, 184, 410.16]
[430, 183, 410.5425]
[430, 182, 410.92]
[430, 181, 411.2725]
[430, 180, 411.5625]
[430, 179, 411.755]
[430, 178, 412.0925]
[430, 177, 412.48]
[430, 176, 412.8325]
[430, 175, 413.195]
[430, 174, 413.5725]
[430, 173, 413.9325]
[430, 172, 414.3075]
[430, 171, 414.64]
[430, 170, 415.07]
[430, 169, 415.6225]
[430, 168, 416.1]
[430, 167, 416.5375]
[430, 166, 416.9775]
[430, 165, 417.3925]
[430, 164, 417.9375]
[430, 163, 418.445]
[430, 162, 418.9825]
[430, 161, 419.49]
[430, 160, 420.025]
[430, 159, 420.5625]
[430, 158, 421.1025]
[430, 157, 421.6125]
[430, 156, 422.1325]
[430, 155, 422.6775]
[430, 154, 423.215]
[430, 153, 423.755]
[430, 152, 424.2375]
[430, 151, 424.8425]
[430, 150, 425.445]
[430, 149, 426.09]
[430, 148, 426.795]
[430, 147, 427.3575]
[430, 146, 427.8875]
[430, 145, 428.38]
[430, 144, 428.9125]
[430, 143, 429.5275]
[430, 142, 430.0475]
[430, 141, 430.55]
[430, 140, 431.0725]
[430, 139, 431.5525]
[430, 138, 431.9875]
[430, 137, 432.5175]
[430, 136, 433.075]
[430, 135, 433.5575]
[430, 134, 434.0475]
[430, 133, 434.5725]
[430, 132, 435.1075]
[430, 131, 435.655]
[430, 130, 436.135]
[430, 129, 436.6575]
[430, 128, 437.08]
[430, 127, 437.57]
[430, 126, 438.0525]
[430, 125, 438.4875]
[430, 124, 438.9175]
[430, 123, 439.3375]
[430, 122, 439.7125]
[430, 121, 440.055]
[430, 120, 440.4375]
[430, 119, 440.9025]
[430, 118, 441.31]
[430, 117, 441.7325]
[430, 116, 442.1775]
[430, 115, 442.5775]
[430, 114, 443.0075]
[430, 113, 443.495]
[430, 112, 444.02]
[430, 111, 444.53]
[430, 110, 444.975]
[430, 109, 445.5775]
[430, 108, 446.175]
[430, 107, 446.7775]
[430, 106, 447.395]
[430, 105, 448.1325]
[430, 104, 448.98]
[430, 103, 449.94]
[430, 102, 450.9275]
[430, 101, 451.775]
[430, 100, 452.6725]
[430, 99, 453.52]
[430, 98, 454.2475]
[430, 97, 454.89]
[430, 96, 455.57]
[430, 95, 456.23]
[430, 94, 456.815]
[430, 93, 457.3275]
[430, 92, 457.8325]
[430, 91, 458.4075]
[430, 90, 458.9225]
[430, 89, 459.435]
[430, 88, 459.8825]
[430, 87, 460.315]
[430, 86, 460.8125]
[430, 85, 461.4]
[430, 84, 461.9925]
[430, 83, 462.655]
[430, 82, 463.315]
[430, 81, 464.0475]
[430, 80, 464.815]
[430, 79, 465.52]
[430, 78, 466.2025]
[430, 77, 466.825]
[430, 76, 467.475]
[430, 75, 468.0775]
[430, 74, 468.6025]
[430, 73, 469.1675]
[430, 72, 469.7275]
[430, 71, 470.23]
[430, 70, 470.7325]
[430, 69, 471.3775]
[430, 68, 472.035]
[430, 67, 472.5875]
[430, 66, 473.14]
[430, 65, 473.6925]
[430, 64, 474.2425]
[430, 63, 474.9125]
[430, 62, 475.565]
[430, 61, 476.1175]
[430, 60, 476.7175]
[430, 59, 477.3275]
[430, 58, 477.8225]
[430, 57, 478.3575]
[430, 56, 478.865]
[430, 55, 479.385]
[430, 54, 479.875]
[430, 53, 480.4325]
[430, 52, 480.945]
[430, 51, 481.415]
[430, 50, 481.9775]
[430, 49, 482.52]
[430, 48, 483.015]
[430, 47, 483.4975]
[430, 46, 483.9525]
[430, 45, 484.395]
[430, 44, 484.7975]
[430, 43, 485.205]
[430, 42, 485.645]
[430, 41, 486.0]
[430, 40, 486.4825]
[430, 39, 486.955]
[430, 38, 487.415]
[430, 37, 487.9]
[430, 36, 488.435]
[430, 35, 488.9275]
[430, 34, 489.4875]
[430, 33, 490.0875]
[430, 32, 490.6225]
[430, 31, 491.1275]
[430, 30, 491.705]
[430, 29, 492.22]
[430, 28, 492.6275]
[430, 27, 493.025]
[430, 26, 493.4475]
[430, 25, 493.8325]
[430, 24, 494.16]
[430, 23, 494.525]
[430, 22, 494.8675]
[430, 21, 495.18]
[430, 20, 495.51]
[430, 19, 495.88]
[430, 18, 496.2225]
[430, 17, 496.6375]
[430, 16, 497.025]
[430, 15, 497.46]
[430, 14, 497.8725]
[430, 13, 498.2675]
[430, 12, 498.72]
[430, 11, 499.22]
[430, 10, 499.8375]
[430, 9, 500.36]
[430, 8, 500.815]
[430, 7, 501.02]
[430, 6, 500.9325]
[430, 5, 500.92]
[430, 4, 501.135]
[430, 3, 501.61]
[430, 2, 502.115]
[430, 1, 502.445]
[430, 0, 502.79]
[440, 0, 506.5725]
[440, 1, 506.0675]
[440, 2, 505.59]
[440, 3, 505.1225]
[440, 4, 504.735]
[440, 5, 504.3125]
[440, 6, 503.96]
[440, 7, 503.595]
[440, 8, 503.2775]
[440, 9, 502.9925]
[440, 10, 502.685]
[440, 11, 502.365]
[440, 12, 502.0375]
[440, 13, 501.685]
[440, 14, 501.3225]
[440, 15, 500.9125]
[440, 16, 500.4775]
[440, 17, 500.0675]
[440, 18, 499.6675]
[440, 19, 499.2875]
[440, 20, 498.87]
[440, 21, 498.465]
[440, 22, 498.095]
[440, 23, 497.8025]
[440, 24, 497.435]
[440, 25, 497.06]
[440, 26, 496.6975]
[440, 27, 496.3525]
[440, 28, 495.9625]
[440, 29, 495.525]
[440, 30, 495.0675]
[440, 31, 494.5975]
[440, 32, 494.1675]
[440, 33, 493.6825]
[440, 34, 493.23]
[440, 35, 492.775]
[440, 36, 492.3025]
[440, 37, 491.905]
[440, 38, 491.445]
[440, 39, 490.9]
[440, 40, 490.355]
[440, 41, 489.795]
[440, 42, 489.305]
[440, 43, 488.835]
[440, 44, 488.2925]
[440, 45, 487.7775]
[440, 46, 487.2525]
[440, 47, 486.67]
[440, 48, 486.1275]
[440, 49, 485.59]
[440, 50, 485.045]
[440, 51, 484.525]
[440, 52, 483.965]
[440, 53, 483.355]
[440, 54, 482.765]
[440, 55, 482.1975]
[440, 56, 481.5875]
[440, 57, 481.0075]
[440, 58, 480.4125]
[440, 59, 479.8325]
[440, 60, 479.2225]
[440, 61, 478.6375]
[440, 62, 478.1575]
[440, 63, 477.625]
[440, 64, 477.085]
[440, 65, 476.5625]
[440, 66, 476.09]
[440, 67, 475.51]
[440, 68, 474.975]
[440, 69, 474.5425]
[440, 70, 474.0]
[440, 71, 473.3825]
[440, 72, 472.7425]
[440, 73, 472.0725]
[440, 74, 471.465]
[440, 75, 470.8425]
[440, 76, 470.32]
[440, 77, 469.73]
[440, 78, 469.18]
[440, 79, 468.6225]
[440, 80, 468.0975]
[440, 81, 467.6]
[440, 82, 467.0675]
[440, 83, 466.54]
[440, 84, 466.0375]
[440, 85, 465.5125]
[440, 86, 465.0125]
[440, 87, 464.4825]
[440, 88, 463.9225]
[440, 89, 463.39]
[440, 90, 462.85]
[440, 91, 462.2375]
[440, 92, 461.625]
[440, 93, 461.02]
[440, 94, 460.3675]
[440, 95, 459.77]
[440, 96, 459.125]
[440, 97, 458.4175]
[440, 98, 457.6975]
[440, 99, 456.94]
[440, 100, 456.2125]
[440, 101, 455.525]
[440, 102, 454.89]
[440, 103, 454.2625]
[440, 104, 453.665]
[440, 105, 453.075]
[440, 106, 452.4925]
[440, 107, 451.91]
[440, 108, 451.35]
[440, 109, 450.795]
[440, 110, 450.225]
[440, 111, 449.7]
[440, 112, 449.2175]
[440, 113, 448.7325]
[440, 114, 448.2125]
[440, 115, 447.675]
[440, 116, 447.095]
[440, 117, 446.51]
[440, 118, 445.9]
[440, 119, 445.3275]
[440, 120, 444.785]
[440, 121, 444.18]
[440, 122, 443.6675]
[440, 123, 443.0875]
[440, 124, 442.5725]
[440, 125, 441.975]
[440, 126, 441.3725]
[440, 127, 440.81]
[440, 128, 440.2125]
[440, 129, 439.6275]
[440, 130, 439.025]
[440, 131, 438.4675]
[440, 132, 437.9175]
[440, 133, 437.315]
[440, 134, 436.7225]
[440, 135, 436.1075]
[440, 136, 435.5625]
[440, 137, 434.965]
[440, 138, 434.375]
[440, 139, 433.795]
[440, 140, 433.1925]
[440, 141, 432.64]
[440, 142, 432.1125]
[440, 143, 431.43]
[440, 144, 430.8225]
[440, 145, 430.235]
[440, 146, 429.65]
[440, 147, 429.0975]
[440, 148, 428.575]
[440, 149, 428.0375]
[440, 150, 427.5075]
[440, 151, 426.955]
[440, 152, 426.415]
[440, 153, 425.905]
[440, 154, 425.38]
[440, 155, 424.855]
[440, 156, 424.34]
[440, 157, 423.84]
[440, 158, 423.3]
[440, 159, 422.785]
[440, 160, 422.2075]
[440, 161, 421.58]
[440, 162, 420.97]
[440, 163, 420.43]
[440, 164, 419.895]
[440, 165, 419.36]
[440, 166, 418.84]
[440, 167, 418.375]
[440, 168, 417.8825]
[440, 169, 417.4475]
[440, 170, 417.015]
[440, 171, 416.575]
[440, 172, 416.125]
[440, 173, 415.6575]
[440, 174, 415.2575]
[440, 175, 414.81]
[440, 176, 414.405]
[440, 177, 413.885]
[440, 178, 413.3175]
[440, 179, 412.79]
[440, 180, 412.21]
[440, 181, 411.6125]
[440, 182, 410.9475]
[440, 183, 410.115]
[440, 184, 409.2575]
[440, 185, 408.4925]
[440, 186, 407.8425]
[440, 187, 407.3175]
[440, 188, 406.97]
[440, 189, 406.6775]
[440, 190, 406.4075]
[440, 191, 406.1725]
[440, 192, 405.8375]
[440, 193, 405.3325]
[440, 194, 404.3825]
[440, 195, 403.3675]
[440, 196, 402.5025]
[440, 197, 401.775]
[440, 198, 401.1675]
[440, 199, 400.6875]
[440, 200, 400.18]
[440, 201, 399.585]
[440, 202, 398.88]
[440, 203, 398.1975]
[440, 204, 397.4975]
[440, 205, 396.2825]
[440, 206, 394.97]
[440, 207, 393.75]
[440, 208, 392.78]
[440, 209, 392.4375]
[440, 210, 392.2425]
[440, 211, 392.235]
[440, 212, 392.195]
[440, 213, 391.6975]
[440, 214, 390.93]
[440, 215, 389.75]
[440, 216, 388.67]
[440, 217, 388.235]
[440, 218, 388.17]
[440, 219, 388.35]
[440, 220, 388.7825]
[440, 221, 389.1275]
[440, 222, 389.45]
[440, 223, 389.3125]
[440, 224, 389.2275]
[440, 225, 389.0925]
[440, 226, 389.0775]
[440, 227, 388.9225]
[440, 228, 388.9775]
[440, 229, 389.0725]
[440, 230, 388.91]
[440, 231, 388.6525]
[440, 232, 388.3875]
[440, 233, 388.215]
[440, 234, 388.34]
[440, 235, 388.775]
[440, 236, 389.445]
[440, 237, 389.5175]
[440, 238, 389.455]
[440, 239, 389.4625]
[440, 240, 389.2825]
[440, 241, 389.0775]
[440, 242, 389.1375]
[440, 243, 389.075]
[440, 244, 389.31]
[440, 245, 389.1725]
[440, 246, 388.2925]
[440, 247, 387.435]
[440, 248, 386.38]
[440, 249, 385.08]
[440, 250, 383.7425]
[440, 251, 382.545]
[440, 252, 382.1025]
[440, 253, 382.0175]
[440, 254, 382.215]
[440, 255, 382.575]
[440, 256, 382.9125]
[440, 257, 383.0525]
[440, 258, 383.515]
[440, 259, 384.6775]
[440, 260, 385.81]
[440, 261, 386.9925]
[440, 262, 388.055]
[440, 263, 388.78]
[440, 264, 389.22]
[440, 265, 389.8425]
[440, 266, 390.72]
[440, 267, 391.56]
[440, 268, 392.5275]
[440, 269, 393.595]
[440, 270, 394.3725]
[440, 271, 395.06]
[440, 272, 395.5975]
[440, 273, 396.0425]
[440, 274, 396.4525]
[440, 275, 396.7925]
[440, 276, 397.1425]
[440, 277, 397.455]
[440, 278, 397.79]
[440, 279, 398.1725]
[440, 280, 398.6325]
[440, 281, 399.1625]
[440, 282, 399.645]
[440, 283, 400.1075]
[440, 284, 400.505]
[440, 285, 400.8575]
[440, 286, 401.12]
[440, 287, 401.48]
[440, 288, 401.6625]
[440, 289, 401.8175]
[440, 290, 402.1275]
[440, 291, 402.4175]
[440, 292, 402.605]
[440, 293, 402.8]
[440, 294, 402.9375]
[440, 295, 403.095]
[440, 296, 403.305]
[440, 297, 403.4975]
[440, 298, 403.66]
[440, 299, 403.9575]
[440, 300, 404.2475]
[440, 301, 404.4725]
[440, 302, 404.735]
[440, 303, 404.9425]
[440, 304, 405.18]
[440, 305, 405.41]
[440, 306, 405.5825]
[440, 307, 405.6975]
[440, 308, 405.895]
[440, 309, 406.0963]
[440, 310, 406.2881]
[440, 311, 406.5267]
[440, 312, 406.7874]
[440, 313, 406.9453]
[440, 314, 407.1068]
[440, 315, 407.2745]
[440, 316, 407.518]
[440, 317, 407.7319]
[440, 318, 407.9277]
[440, 319, 408.1573]
[440, 320, 408.3846]
[440, 321, 408.5459]
[440, 322, 408.7713]
[440, 323, 409.0763]
[440, 324, 409.3441]
[440, 325, 409.6858]
[440, 326, 409.9943]
[440, 327, 410.2353]
[440, 328, 410.45]
[440, 329, 410.7508]
[440, 330, 411.0514]
[440, 331, 411.2639]
[440, 332, 411.5034]
[440, 333, 411.8151]
[440, 334, 412.1366]
[440, 335, 412.505]
[440, 336, 412.7437]
[440, 337, 412.9825]
[440, 338, 413.1836]
[440, 339, 413.4117]
[440, 340, 413.7419]
[440, 341, 414.0209]
[440, 342, 414.3177]
[440, 343, 414.6702]
[440, 344, 414.9009]
[440, 345, 414.9826]
[440, 346, 415.2709]
[440, 347, 415.5259]
[440, 348, 415.7048]
[440, 349, 416.0086]
[440, 350, 416.3634]
[440, 351, 416.5734]
[440, 352, 416.9474]
[440, 353, 417.405]
[440, 354, 417.8525]
[440, 355, 418.3774]
[440, 356, 418.8038]
[440, 357, 419.2523]
[440, 358, 419.7135]
[440, 359, 419.9563]
[440, 360, 420.3281]
[440, 361, 420.5549]
[440, 362, 420.7529]
[440, 363, 421.02]
[440, 364, 421.3901]
[440, 365, 421.7026]
[440, 366, 422.0862]
[440, 367, 422.4175]
[440, 368, 422.6789]
[440, 369, 422.9754]
[440, 370, 423.2007]
[440, 371, 423.5324]
[440, 372, 423.71]
[440, 373, 423.6759]
[440, 374, 423.5956]
[440, 375, 423.8143]
[440, 376, 424.3721]
[440, 377, 424.8025]
[440, 378, 425.0962]
[440, 379, 425.4025]
[440, 380, 425.6927]
[440, 381, 425.9493]
[440, 382, 426.27]
[440, 383, 426.5755]
[440, 384, 426.6964]
[440, 385, 426.8634]
[440, 386, 427.0875]
[440, 387, 427.2836]
[440, 388, 427.4084]
[440, 389, 427.5497]
[440, 390, 427.8029]
[440, 391, 427.9778]
[440, 392, 428.1067]
[440, 393, 428.1025]
[440, 394, 428.1756]
[440, 395, 428.2922]
[440, 396, 428.4762]
[440, 397, 428.4929]
[440, 398, 428.5125]
[440, 399, 428.6199]
[440, 400, 428.7375]
[440, 401, 428.7717]
[440, 402, 428.8265]
[440, 403, 428.9219]
[440, 404, 429.0012]
[440, 405, 429.1182]
[440, 406, 429.3558]
[440, 407, 429.5365]
[440, 408, 429.6447]
[440, 409, 429.7729]
[440, 410, 429.8641]
[440, 411, 429.956]
[440, 412, 430.0305]
[440, 413, 430.1128]
[440, 414, 430.2497]
[440, 415, 430.4325]
[440, 416, 430.5]
[440, 417, 430.5937]
[440, 418, 430.6796]
[440, 419, 430.8248]
[440, 420, 430.8506]
[440, 421, 430.752]
[440, 422, 430.8758]
[440, 423, 431.0154]
[440, 424, 430.995]
[440, 425, 430.9493]
[440, 426, 430.943]
[440, 427, 430.9325]
[440, 428, 430.925]
[440, 429, 430.965]
[440, 430, 431.0003]
[440, 431, 431.0732]
[440, 432, 431.126]
[440, 433, 431.1818]
[440, 434, 431.2056]
[440, 435, 431.2116]
[440, 436, 431.2075]
[440, 437, 431.225]
[440, 438, 431.2075]
[440, 439, 431.2193]
[440, 440, 431.2713]
[440, 441, 431.29]
[440, 442, 431.2946]
[440, 443, 431.3085]
[440, 444, 431.3308]
[440, 445, 431.3384]
[440, 446, 431.3508]
[440, 447, 431.4315]
[440, 448, 431.5098]
[440, 449, 431.5546]
[440, 450, 431.5728]
[440, 451, 431.57]
[440, 452, 431.61]
[440, 453, 431.7175]
[440, 454, 431.8425]
[440, 455, 431.9659]
[440, 456, 431.9976]
[440, 457, 432.0848]
[440, 458, 432.2287]
[440, 459, 432.3575]
[440, 460, 432.4441]
[440, 461, 432.4594]
[440, 462, 432.4413]
[440, 463, 432.48]
[440, 464, 432.5577]
[440, 465, 432.6911]
[440, 466, 432.7776]
[440, 467, 432.8215]
[440, 468, 432.954]
[440, 469, 433.1316]
[440, 470, 433.3537]
[440, 471, 433.4829]
[440, 472, 433.6986]
[440, 473, 433.9541]
[440, 474, 434.1207]
[440, 475, 434.2282]
[440, 476, 434.4581]
[440, 477, 434.5699]
[440, 478, 434.68]
[440, 479, 434.805]
[440, 480, 434.898]
[440, 481, 434.9794]
[440, 482, 435.0667]
[440, 483, 435.1435]
[440, 484, 435.329]
[440, 485, 435.3415]
[440, 486, 435.3668]
[440, 487, 435.3591]
[440, 488, 435.3662]
[440, 489, 435.4581]
[440, 490, 435.4871]
[440, 491, 435.4336]
[440, 492, 435.3288]
[440, 493, 435.2607]
[440, 494, 435.2268]
[440, 495, 435.0869]
[440, 496, 434.9262]
[440, 497, 434.8197]
[440, 498, 434.7325]
[440, 499, 434.67]
[450, 499, 442.3605]
[450, 498, 442.4075]
[450, 497, 442.5089]
[450, 496, 442.415]
[450, 495, 442.3639]
[450, 494, 442.3038]
[450, 493, 442.2208]
[450, 492, 442.2342]
[450, 491, 442.2422]
[450, 490, 442.18]
[450, 489, 442.1809]
[450, 488, 442.1454]
[450, 487, 442.0713]
[450, 486, 442.0111]
[450, 485, 441.9314]
[450, 484, 441.8997]
[450, 483, 441.7894]
[450, 482, 441.7102]
[450, 481, 441.561]
[450, 480, 441.4609]
[450, 479, 441.4267]
[450, 478, 441.335]
[450, 477, 441.2325]
[450, 476, 441.1]
[450, 475, 440.9017]
[450, 474, 440.7694]
[450, 473, 440.6796]
[450, 472, 440.55]
[450, 471, 440.35]
[450, 470, 440.1695]
[450, 469, 440.0254]
[450, 468, 439.8359]
[450, 467, 439.6618]
[450, 466, 439.3836]
[450, 465, 439.1412]
[450, 464, 438.9394]
[450, 463, 438.7812]
[450, 462, 438.8539]
[450, 461, 438.9504]
[450, 460, 438.9531]
[450, 459, 438.9405]
[450, 458, 438.8599]
[450, 457, 438.8446]
[450, 456, 438.7275]
[450, 455, 438.6575]
[450, 454, 438.5372]
[450, 453, 438.3758]
[450, 452, 438.2293]
[450, 451, 438.0587]
[450, 450, 437.83]
[450, 449, 437.6325]
[450, 448, 437.5692]
[450, 447, 437.4945]
[450, 446, 437.3891]
[450, 445, 437.225]
[450, 444, 437.1158]
[450, 443, 436.9817]
[450, 442, 436.8292]
[450, 441, 436.744]
[450, 440, 436.734]
[450, 439, 436.7516]
[450, 438, 436.7456]
[450, 437, 436.7441]
[450, 436, 436.7596]
[450, 435, 436.7644]
[450, 434, 436.7952]
[450, 433, 436.8638]
[450, 432, 436.9823]
[450, 431, 437.055]
[450, 430, 437.075]
[450, 429, 437.1425]
[450, 428, 437.1811]
[450, 427, 437.2028]
[450, 426, 437.185]
[450, 425, 437.1986]
[450, 424, 437.1991]
[450, 423, 437.2172]
[450, 422, 437.2809]
[450, 421, 437.3075]
[450, 420, 437.2525]
[450, 419, 437.2125]
[450, 418, 437.135]
[450, 417, 437.0169]
[450, 416, 436.8046]
[450, 415, 436.6059]
[450, 414, 436.5509]
[450, 413, 436.5625]
[450, 412, 436.6238]
[450, 411, 436.655]
[450, 410, 436.6509]
[450, 409, 436.5934]
[450, 408, 436.3733]
[450, 407, 436.1248]
[450, 406, 435.9425]
[450, 405, 435.8193]
[450, 404, 435.8261]
[450, 403, 435.7675]
[450, 402, 435.63]
[450, 401, 435.506]
[450, 400, 435.386]
[450, 399, 435.2475]
[450, 398, 435.1398]
[450, 397, 434.9027]
[450, 396, 434.7175]
[450, 395, 434.5714]
[450, 394, 434.4463]
[450, 393, 434.2915]
[450, 392, 434.1114]
[450, 391, 433.9395]
[450, 390, 433.7867]
[450, 389, 433.6269]
[450, 388, 433.4378]
[450, 387, 433.2571]
[450, 386, 433.07]
[450, 385, 432.9513]
[450, 384, 432.8314]
[450, 383, 432.7068]
[450, 382, 432.5075]
[450, 381, 432.3983]
[450, 380, 432.2597]
[450, 379, 432.0367]
[450, 378, 431.7848]
[450, 377, 431.634]
[450, 376, 431.4648]
[450, 375, 431.2113]
[450, 374, 431.0539]
[450, 373, 430.7986]
[450, 372, 430.5444]
[450, 371, 430.2351]
[450, 370, 429.9564]
[450, 369, 429.7641]
[450, 368, 429.5645]
[450, 367, 429.3775]
[450, 366, 429.1246]
[450, 365, 428.8184]
[450, 364, 428.5386]
[450, 363, 428.3333]
[450, 362, 428.1898]
[450, 361, 427.9175]
[450, 360, 427.6475]
[450, 359, 427.3292]
[450, 358, 427.0896]
[450, 357, 426.8895]
[450, 356, 426.565]
[450, 355, 426.2708]
[450, 354, 425.9541]
[450, 353, 425.6115]
[450, 352, 425.3712]
[450, 351, 425.032]
[450, 350, 424.7694]
[450, 349, 424.5249]
[450, 348, 424.2618]
[450, 347, 424.0023]
[450, 346, 423.7231]
[450, 345, 423.499]
[450, 344, 423.2753]
[450, 343, 423.0806]
[450, 342, 422.8947]
[450, 341, 422.7138]
[450, 340, 422.4025]
[450, 339, 422.194]
[450, 338, 421.9725]
[450, 337, 421.7316]
[450, 336, 421.485]
[450, 335, 421.2265]
[450, 334, 420.9848]
[450, 333, 420.7325]
[450, 332, 420.5025]
[450, 331, 420.2075]
[450, 330, 419.8583]
[450, 329, 419.54]
[450, 328, 419.3271]
[450, 327, 419.0112]
[450, 326, 418.738]
[450, 325, 418.4233]
[450, 324, 418.0795]
[450, 323, 417.7663]
[450, 322, 417.5151]
[450, 321, 417.2093]
[450, 320, 416.8804]
[450, 319, 416.5044]
[450, 318, 416.0651]
[450, 317, 415.5356]
[450, 316, 415.075]
[450, 315, 414.6867]
[450, 314, 414.2375]
[450, 313, 413.7739]
[450, 312, 413.3905]
[450, 311, 412.9981]
[450, 310, 412.6763]
[450, 309, 412.2769]
[450, 308, 411.865]
[450, 307, 411.5125]
[450, 306, 411.08]
[450, 305, 410.6375]
[450, 304, 410.2425]
[450, 303, 409.88]
[450, 302, 409.5925]
[450, 301, 409.4175]
[450, 300, 409.1775]
[450, 299, 408.9825]
[450, 298, 408.74]
[450, 297, 408.5325]
[450, 296, 408.415]
[450, 295, 408.205]
[450, 294, 407.9775]
[450, 293, 407.7425]
[450, 292, 407.545]
[450, 291, 407.31]
[450, 290, 407.095]
[450, 289, 406.885]
[450, 288, 406.6825]
[450, 287, 406.4575]
[450, 286, 406.1375]
[450, 285, 405.9675]
[450, 284, 405.8475]
[450, 283, 405.47]
[450, 282, 405.09]
[450, 281, 404.925]
[450, 280, 404.75]
[450, 279, 404.535]
[450, 278, 404.1525]
[450, 277, 403.7925]
[450, 276, 403.3375]
[450, 275, 402.895]
[450, 274, 402.52]
[450, 273, 402.065]
[450, 272, 401.6575]
[450, 271, 401.355]
[450, 270, 400.83]
[450, 269, 400.295]
[450, 268, 399.6675]
[450, 267, 399.015]
[450, 266, 398.215]
[450, 265, 397.4375]
[450, 264, 396.6]
[450, 263, 395.8075]
[450, 262, 395.0425]
[450, 261, 394.265]
[450, 260, 393.4925]
[450, 259, 392.8175]
[450, 258, 392.1025]
[450, 257, 391.28]
[450, 256, 390.58]
[450, 255, 390.1225]
[450, 254, 389.4675]
[450, 253, 388.7475]
[450, 252, 388.1625]
[450, 251, 387.7225]
[450, 250, 387.8575]
[450, 249, 388.635]
[450, 248, 390.03]
[450, 247, 391.6525]
[450, 246, 393.47]
[450, 245, 395.2]
[450, 244, 397.3175]
[450, 243, 398.5775]
[450, 242, 399.0225]
[450, 241, 399.3075]
[450, 240, 399.53]
[450, 239, 399.545]
[450, 238, 399.44]
[450, 237, 399.2925]
[450, 236, 399.385]
[450, 235, 399.6075]
[450, 234, 399.775]
[450, 233, 399.79]
[450, 232, 399.8225]
[450, 231, 399.8175]
[450, 230, 399.7775]
[450, 229, 399.7525]
[450, 228, 399.69]
[450, 227, 399.5925]
[450, 226, 398.82]
[450, 225, 397.795]
[450, 224, 397.0]
[450, 223, 396.5575]
[450, 222, 396.2975]
[450, 221, 395.9975]
[450, 220, 395.7525]
[450, 219, 395.605]
[450, 218, 395.735]
[450, 217, 396.09]
[450, 216, 396.5]
[450, 215, 396.835]
[450, 214, 396.8825]
[450, 213, 396.745]
[450, 212, 396.325]
[450, 211, 395.7675]
[450, 210, 395.43]
[450, 209, 395.2075]
[450, 208, 394.865]
[450, 207, 394.0775]
[450, 206, 393.6525]
[450, 205, 393.79]
[450, 204, 394.3125]
[450, 203, 395.095]
[450, 202, 395.76]
[450, 201, 396.285]
[450, 200, 396.5825]
[450, 199, 396.9425]
[450, 198, 397.5675]
[450, 197, 398.27]
[450, 196, 398.855]
[450, 195, 399.4175]
[450, 194, 400.285]
[450, 193, 401.3825]
[450, 192, 402.19]
[450, 191, 402.605]
[450, 190, 403.0025]
[450, 189, 403.505]
[450, 188, 403.9975]
[450, 187, 404.43]
[450, 186, 404.905]
[450, 185, 405.4775]
[450, 184, 405.88]
[450, 183, 406.465]
[450, 182, 407.2275]
[450, 181, 408.1125]
[450, 180, 408.9525]
[450, 179, 409.8225]
[450, 178, 410.9175]
[450, 177, 412.1875]
[450, 176, 413.39]
[450, 175, 414.4625]
[450, 174, 415.36]
[450, 173, 416.045]
[450, 172, 416.67]
[450, 171, 417.31]
[450, 170, 417.945]
[450, 169, 418.67]
[450, 168, 419.2375]
[450, 167, 419.8225]
[450, 166, 420.3725]
[450, 165, 420.9475]
[450, 164, 421.5225]
[450, 163, 422.05]
[450, 162, 422.5225]
[450, 161, 423.065]
[450, 160, 423.5775]
[450, 159, 424.105]
[450, 158, 424.64]
[450, 157, 425.16]
[450, 156, 425.6375]
[450, 155, 426.1475]
[450, 154, 426.675]
[450, 153, 427.1775]
[450, 152, 427.66]
[450, 151, 428.1675]
[450, 150, 428.6625]
[450, 149, 429.185]
[450, 148, 429.7175]
[450, 147, 430.24]
[450, 146, 430.7625]
[450, 145, 431.3025]
[450, 144, 431.8625]
[450, 143, 432.3475]
[450, 142, 432.925]
[450, 141, 433.4925]
[450, 140, 434.0575]
[450, 139, 434.585]
[450, 138, 435.12]
[450, 137, 435.6375]
[450, 136, 436.13]
[450, 135, 436.645]
[450, 134, 437.2775]
[450, 133, 437.8775]
[450, 132, 438.53]
[450, 131, 439.195]
[450, 130, 439.8]
[450, 129, 440.48]
[450, 128, 441.0875]
[450, 127, 441.73]
[450, 126, 442.39]
[450, 125, 443.01]
[450, 124, 443.655]
[450, 123, 444.2825]
[450, 122, 445.0075]
[450, 121, 445.58]
[450, 120, 446.245]
[450, 119, 446.855]
[450, 118, 447.48]
[450, 117, 448.0675]
[450, 116, 448.6575]
[450, 115, 449.2725]
[450, 114, 449.9]
[450, 113, 450.5325]
[450, 112, 451.1675]
[450, 111, 451.7875]
[450, 110, 452.4475]
[450, 109, 453.0875]
[450, 108, 453.665]
[450, 107, 454.24]
[450, 106, 454.8375]
[450, 105, 455.4375]
[450, 104, 456.0025]
[450, 103, 456.545]
[450, 102, 457.115]
[450, 101, 457.7375]
[450, 100, 458.405]
[450, 99, 459.035]
[450, 98, 459.6975]
[450, 97, 460.3725]
[450, 96, 460.99]
[450, 95, 461.6525]
[450, 94, 462.2575]
[450, 93, 462.96]
[450, 92, 463.5875]
[450, 91, 464.165]
[450, 90, 464.81]
[450, 89, 465.4625]
[450, 88, 466.115]
[450, 87, 466.7325]
[450, 86, 467.355]
[450, 85, 467.925]
[450, 84, 468.4425]
[450, 83, 468.9725]
[450, 82, 469.5375]
[450, 81, 470.0975]
[450, 80, 470.615]
[450, 79, 471.165]
[450, 78, 471.645]
[450, 77, 472.1375]
[450, 76, 472.665]
[450, 75, 473.2175]
[450, 74, 473.705]
[450, 73, 474.1825]
[450, 72, 474.69]
[450, 71, 475.225]
[450, 70, 475.765]
[450, 69, 476.28]
[450, 68, 476.77]
[450, 67, 477.255]
[450, 66, 477.805]
[450, 65, 478.3425]
[450, 64, 478.8675]
[450, 63, 479.36]
[450, 62, 479.88]
[450, 61, 480.4575]
[450, 60, 480.985]
[450, 59, 481.54]
[450, 58, 482.115]
[450, 57, 482.6375]
[450, 56, 483.1975]
[450, 55, 483.825]
[450, 54, 484.46]
[450, 53, 485.0625]
[450, 52, 485.6725]
[450, 51, 486.3125]
[450, 50, 486.9425]
[450, 49, 487.52]
[450, 48, 488.1175]
[450, 47, 488.6925]
[450, 46, 489.245]
[450, 45, 489.77]
[450, 44, 490.355]
[450, 43, 490.915]
[450, 42, 491.4625]
[450, 41, 491.9875]
[450, 40, 492.475]
[450, 39, 492.9625]
[450, 38, 493.42]
[450, 37, 493.9]
[450, 36, 494.365]
[450, 35, 494.895]
[450, 34, 495.415]
[450, 33, 495.92]
[450, 32, 496.34]
[450, 31, 496.775]
[450, 30, 497.26]
[450, 29, 497.6975]
[450, 28, 498.1775]
[450, 27, 498.5775]
[450, 26, 498.9675]
[450, 25, 499.35]
[450, 24, 499.745]
[450, 23, 500.1575]
[450, 22, 500.6175]
[450, 21, 500.995]
[450, 20, 501.34]
[450, 19, 501.6625]
[450, 18, 501.9625]
[450, 17, 502.34]
[450, 16, 502.7075]
[450, 15, 503.0975]
[450, 14, 503.47]
[450, 13, 503.8125]
[450, 12, 504.145]
[450, 11, 504.47]
[450, 10, 504.765]
[450, 9, 505.09]
[450, 8, 505.4125]
[450, 7, 505.785]
[450, 6, 506.225]
[450, 5, 506.7275]
[450, 4, 507.235]
[450, 3, 507.7775]
[450, 2, 508.31]
[450, 1, 508.805]
[450, 0, 509.33]
[460, 0, 510.8925]
[460, 1, 510.445]
[460, 2, 509.995]
[460, 3, 509.5825]
[460, 4, 509.115]
[460, 5, 508.68]
[460, 6, 508.28]
[460, 7, 507.8675]
[460, 8, 507.45]
[460, 9, 507.07]
[460, 10, 506.695]
[460, 11, 506.335]
[460, 12, 505.9775]
[460, 13, 505.6275]
[460, 14, 505.35]
[460, 15, 505.0025]
[460, 16, 504.595]
[460, 17, 504.215]
[460, 18, 503.87]
[460, 19, 503.5125]
[460, 20, 503.175]
[460, 21, 502.8475]
[460, 22, 502.575]
[460, 23, 502.26]
[460, 24, 501.88]
[460, 25, 501.49]
[460, 26, 501.03]
[460, 27, 500.585]
[460, 28, 500.145]
[460, 29, 499.6225]
[460, 30, 499.1075]
[460, 31, 498.655]
[460, 32, 498.165]
[460, 33, 497.655]
[460, 34, 497.11]
[460, 35, 496.56]
[460, 36, 495.985]
[460, 37, 495.4325]
[460, 38, 494.8775]
[460, 39, 494.35]
[460, 40, 493.83]
[460, 41, 493.165]
[460, 42, 492.54]
[460, 43, 491.86]
[460, 44, 491.235]
[460, 45, 490.54]
[460, 46, 489.8775]
[460, 47, 489.23]
[460, 48, 488.615]
[460, 49, 488.0525]
[460, 50, 487.4275]
[460, 51, 486.85]
[460, 52, 486.24]
[460, 53, 485.685]
[460, 54, 485.07]
[460, 55, 484.545]
[460, 56, 484.005]
[460, 57, 483.445]
[460, 58, 482.93]
[460, 59, 482.45]
[460, 60, 481.96]
[460, 61, 481.4625]
[460, 62, 480.9625]
[460, 63, 480.5225]
[460, 64, 480.07]
[460, 65, 479.505]
[460, 66, 479.0225]
[460, 67, 478.5075]
[460, 68, 477.9975]
[460, 69, 477.4925]
[460, 70, 477.0275]
[460, 71, 476.4525]
[460, 72, 475.92]
[460, 73, 475.4325]
[460, 74, 475.02]
[460, 75, 474.61]
[460, 76, 474.0725]
[460, 77, 473.5125]
[460, 78, 472.9175]
[460, 79, 472.275]
[460, 80, 471.635]
[460, 81, 470.995]
[460, 82, 470.4225]
[460, 83, 469.8]
[460, 84, 469.14]
[460, 85, 468.3375]
[460, 86, 466.99]
[460, 87, 465.515]
[460, 88, 464.3775]
[460, 89, 463.925]
[460, 90, 463.5875]
[460, 91, 462.9375]
[460, 92, 461.94]
[460, 93, 460.975]
[460, 94, 460.315]
[460, 95, 459.735]
[460, 96, 459.325]
[460, 97, 458.93]
[460, 98, 458.3625]
[460, 99, 457.725]
[460, 100, 457.2075]
[460, 101, 456.4]
[460, 102, 455.7975]
[460, 103, 455.1525]
[460, 104, 454.3225]
[460, 105, 453.6]
[460, 106, 452.945]
[460, 107, 452.2875]
[460, 108, 451.605]
[460, 109, 450.515]
[460, 110, 449.5525]
[460, 111, 448.96]
[460, 112, 448.505]
[460, 113, 448.0825]
[460, 114, 447.4675]
[460, 115, 446.74]
[460, 116, 446.0025]
[460, 117, 445.44]
[460, 118, 444.78]
[460, 119, 443.82]
[460, 120, 443.0425]
[460, 121, 442.4525]
[460, 122, 441.6575]
[460, 123, 440.655]
[460, 124, 439.695]
[460, 125, 438.7275]
[460, 126, 437.985]
[460, 127, 437.285]
[460, 128, 436.6525]
[460, 129, 436.1275]
[460, 130, 435.64]
[460, 131, 435.105]
[460, 132, 434.4475]
[460, 133, 433.65]
[460, 134, 432.925]
[460, 135, 432.2125]
[460, 136, 431.56]
[460, 137, 430.6825]
[460, 138, 429.3275]
[460, 139, 428.0875]
[460, 140, 427.2]
[460, 141, 426.2875]
[460, 142, 425.5075]
[460, 143, 424.745]
[460, 144, 423.9625]
[460, 145, 423.08]
[460, 146, 422.355]
[460, 147, 421.76]
[460, 148, 421.1575]
[460, 149, 420.365]
[460, 150, 419.535]
[460, 151, 418.915]
[460, 152, 418.405]
[460, 153, 417.915]
[460, 154, 417.365]
[460, 155, 416.83]
[460, 156, 416.3325]
[460, 157, 415.845]
[460, 158, 415.435]
[460, 159, 414.8925]
[460, 160, 414.31]
[460, 161, 413.705]
[460, 162, 413.1475]
[460, 163, 412.8575]
[460, 164, 412.67]
[460, 165, 412.535]
[460, 166, 412.42]
[460, 167, 412.38]
[460, 168, 412.045]
[460, 169, 411.4575]
[460, 170, 410.9375]
[460, 171, 410.55]
[460, 172, 410.145]
[460, 173, 409.78]
[460, 174, 409.18]
[460, 175, 408.58]
[460, 176, 408.085]
[460, 177, 407.675]
[460, 178, 407.29]
[460, 179, 406.925]
[460, 180, 406.3575]
[460, 181, 405.6325]
[460, 182, 405.1975]
[460, 183, 404.7075]
[460, 184, 404.265]
[460, 185, 403.465]
[460, 186, 402.5875]
[460, 187, 402.045]
[460, 188, 401.85]
[460, 189, 401.59]
[460, 190, 401.56]
[460, 191, 401.535]
[460, 192, 402.195]
[460, 193, 402.355]
[460, 194, 402.38]
[460, 195, 402.4125]
[460, 196, 402.62]
[460, 197, 402.925]
[460, 198, 403.2675]
[460, 199, 403.3875]
[460, 200, 403.0975]
[460, 201, 402.965]
[460, 202, 403.08]
[460, 203, 403.2775]
[460, 204, 403.68]
[460, 205, 404.5225]
[460, 206, 405.6525]
[460, 207, 406.6125]
[460, 208, 407.0325]
[460, 209, 407.1625]
[460, 210, 407.105]
[460, 211, 406.9725]
[460, 212, 406.7125]
[460, 213, 406.2275]
[460, 214, 405.7225]
[460, 215, 405.3425]
[460, 216, 404.9725]
[460, 217, 404.6725]
[460, 218, 404.4575]
[460, 219, 404.255]
[460, 220, 404.0775]
[460, 221, 403.77]
[460, 222, 403.6925]
[460, 223, 403.7675]
[460, 224, 403.8225]
[460, 225, 403.765]
[460, 226, 403.7075]
[460, 227, 403.7625]
[460, 228, 403.7975]
[460, 229, 403.69]
[460, 230, 403.695]
[460, 231, 403.715]
[460, 232, 403.8225]
[460, 233, 403.97]
[460, 234, 404.035]
[460, 235, 404.0825]
[460, 236, 403.9925]
[460, 237, 403.9825]
[460, 238, 403.9125]
[460, 239, 403.8]
[460, 240, 403.665]
[460, 241, 403.305]
[460, 242, 402.91]
[460, 243, 402.2925]
[460, 244, 400.995]
[460, 245, 399.4675]
[460, 246, 397.9575]
[460, 247, 396.4875]
[460, 248, 395.03]
[460, 249, 393.8775]
[460, 250, 393.3275]
[460, 251, 392.94]
[460, 252, 393.0275]
[460, 253, 393.595]
[460, 254, 394.4075]
[460, 255, 395.715]
[460, 256, 396.9075]
[460, 257, 397.77]
[460, 258, 398.4875]
[460, 259, 399.1975]
[460, 260, 399.9]
[460, 261, 400.74]
[460, 262, 401.6075]
[460, 263, 402.475]
[460, 264, 403.4875]
[460, 265, 404.3975]
[460, 266, 405.33]
[460, 267, 406.1775]
[460, 268, 406.98]
[460, 269, 407.6675]
[460, 270, 408.4175]
[460, 271, 408.95]
[460, 272, 409.39]
[460, 273, 409.725]
[460, 274, 410.1025]
[460, 275, 410.5075]
[460, 276, 411.04]
[460, 277, 411.5525]
[460, 278, 412.0325]
[460, 279, 412.44]
[460, 280, 412.825]
[460, 281, 413.2525]
[460, 282, 413.6225]
[460, 283, 413.915]
[460, 284, 414.205]
[460, 285, 414.47]
[460, 286, 414.645]
[460, 287, 414.935]
[460, 288, 415.205]
[460, 289, 415.515]
[460, 290, 415.755]
[460, 291, 415.9425]
[460, 292, 416.105]
[460, 293, 416.12]
[460, 294, 416.24]
[460, 295, 416.4]
[460, 296, 416.5125]
[460, 297, 416.6775]
[460, 298, 416.885]
[460, 299, 417.0525]
[460, 300, 417.255]
[460, 301, 417.54]
[460, 302, 417.8275]
[460, 303, 418.0725]
[460, 304, 418.2925]
[460, 305, 418.5175]
[460, 306, 418.74]
[460, 307, 418.955]
[460, 308, 419.2475]
[460, 309, 419.4925]
[460, 310, 419.7275]
[460, 311, 419.9514]
[460, 312, 420.1709]
[460, 313, 420.4022]
[460, 314, 420.6667]
[460, 315, 420.9085]
[460, 316, 421.2079]
[460, 317, 421.5171]
[460, 318, 421.8705]
[460, 319, 422.1795]
[460, 320, 422.4414]
[460, 321, 422.7401]
[460, 322, 423.1002]
[460, 323, 423.3827]
[460, 324, 423.6242]
[460, 325, 423.8586]
[460, 326, 424.175]
[460, 327, 424.6541]
[460, 328, 425.0116]
[460, 329, 425.3475]
[460, 330, 425.6875]
[460, 331, 426.005]
[460, 332, 426.34]
[460, 333, 426.6871]
[460, 334, 426.9355]
[460, 335, 427.1545]
[460, 336, 427.4957]
[460, 337, 427.7903]
[460, 338, 428.0499]
[460, 339, 428.3185]
[460, 340, 428.6425]
[460, 341, 429.0063]
[460, 342, 429.3473]
[460, 343, 429.6402]
[460, 344, 429.9033]
[460, 345, 430.2028]
[460, 346, 430.5013]
[460, 347, 430.7207]
[460, 348, 430.9458]
[460, 349, 431.1047]
[460, 350, 431.3941]
[460, 351, 431.6323]
[460, 352, 431.9428]
[460, 353, 432.1798]
[460, 354, 432.4119]
[460, 355, 432.7212]
[460, 356, 433.0333]
[460, 357, 433.3394]
[460, 358, 433.3067]
[460, 359, 433.4617]
[460, 360, 433.7353]
[460, 361, 434.0455]
[460, 362, 434.1624]
[460, 363, 434.345]
[460, 364, 434.5449]
[460, 365, 434.6803]
[460, 366, 434.8375]
[460, 367, 435.0798]
[460, 368, 435.2003]
[460, 369, 435.3192]
[460, 370, 435.3972]
[460, 371, 435.4542]
[460, 372, 435.6856]
[460, 373, 435.7869]
[460, 374, 436.0251]
[460, 375, 436.28]
[460, 376, 436.4268]
[460, 377, 436.5654]
[460, 378, 436.72]
[460, 379, 436.93]
[460, 380, 437.0869]
[460, 381, 437.2613]
[460, 382, 437.4835]
[460, 383, 437.715]
[460, 384, 437.9027]
[460, 385, 438.1708]
[460, 386, 438.4318]
[460, 387, 438.7068]
[460, 388, 438.945]
[460, 389, 439.2256]
[460, 390, 439.5212]
[460, 391, 439.7632]
[460, 392, 439.9889]
[460, 393, 440.2469]
[460, 394, 440.5239]
[460, 395, 440.727]
[460, 396, 440.9036]
[460, 397, 441.0218]
[460, 398, 441.1105]
[460, 399, 441.1706]
[460, 400, 441.1058]
[460, 401, 441.0775]
[460, 402, 441.0223]
[460, 403, 441.1875]
[460, 404, 441.4618]
[460, 405, 441.8773]
[460, 406, 442.2575]
[460, 407, 442.6925]
[460, 408, 443.06]
[460, 409, 443.3625]
[460, 410, 443.5362]
[460, 411, 443.6375]
[460, 412, 443.7848]
[460, 413, 443.8866]
[460, 414, 443.9393]
[460, 415, 444.0052]
[460, 416, 444.0482]
[460, 417, 444.0467]
[460, 418, 444.0166]
[460, 419, 443.9939]
[460, 420, 443.9925]
[460, 421, 443.98]
[460, 422, 443.98]
[460, 423, 443.9825]
[460, 424, 443.9525]
[460, 425, 443.9575]
[460, 426, 443.9725]
[460, 427, 443.9675]
[460, 428, 443.8976]
[460, 429, 443.8942]
[460, 430, 443.8837]
[460, 431, 443.7335]
[460, 432, 443.6824]
[460, 433, 443.6777]
[460, 434, 443.6311]
[460, 435, 443.5733]
[460, 436, 443.6264]
[460, 437, 443.7125]
[460, 438, 443.8395]
[460, 439, 443.9698]
[460, 440, 444.0878]
[460, 441, 444.3329]
[460, 442, 444.485]
[460, 443, 444.6025]
[460, 444, 444.8409]
[460, 445, 445.031]
[460, 446, 445.0796]
[460, 447, 445.1698]
[460, 448, 445.3222]
[460, 449, 445.4846]
[460, 450, 445.6103]
[460, 451, 445.76]
[460, 452, 445.8325]
[460, 453, 445.9475]
[460, 454, 446.0754]
[460, 455, 446.2002]
[460, 456, 446.2101]
[460, 457, 446.2776]
[460, 458, 446.3743]
[460, 459, 446.4655]
[460, 460, 446.54]
[460, 461, 446.7149]
[460, 462, 446.8549]
[460, 463, 447.0282]
[460, 464, 447.205]
[460, 465, 447.3163]
[460, 466, 447.4636]
[460, 467, 447.6642]
[460, 468, 447.8585]
[460, 469, 448.0766]
[460, 470, 448.2261]
[460, 471, 448.4416]
[460, 472, 448.7325]
[460, 473, 448.824]
[460, 474, 448.9721]
[460, 475, 449.1322]
[460, 476, 449.1533]
[460, 477, 449.3126]
[460, 478, 449.5364]
[460, 479, 449.77]
[460, 480, 449.9904]
[460, 481, 450.1832]
[460, 482, 450.39]
[460, 483, 450.5325]
[460, 484, 450.625]
[460, 485, 450.679]
[460, 486, 450.7237]
[460, 487, 450.8235]
[460, 488, 450.9323]
[460, 489, 451.0682]
[460, 490, 451.1446]
[460, 491, 451.2268]
[460, 492, 451.3379]
[460, 493, 451.312]
[460, 494, 451.355]
[460, 495, 451.3775]
[460, 496, 451.3483]
[460, 497, 451.3389]
[460, 498, 451.3786]
[460, 499, 451.2592]
[470, 499, 460.6988]
[470, 498, 460.8183]
[470, 497, 460.9149]
[470, 496, 460.9975]
[470, 495, 461.0355]
[470, 494, 461.0644]
[470, 493, 461.0225]
[470, 492, 460.9618]
[470, 491, 460.9596]
[470, 490, 460.9419]
[470, 489, 460.9172]
[470, 488, 460.8681]
[470, 487, 460.7297]
[470, 486, 460.7243]
[470, 485, 460.7175]
[470, 484, 460.672]
[470, 483, 460.5996]
[470, 482, 460.5235]
[470, 481, 460.4473]
[470, 480, 460.425]
[470, 479, 460.4075]
[470, 478, 460.265]
[470, 477, 460.1696]
[470, 476, 460.0108]
[470, 475, 459.8775]
[470, 474, 459.6643]
[470, 473, 459.457]
[470, 472, 459.3118]
[470, 471, 459.1474]
[470, 470, 458.9225]
[470, 469, 458.8015]
[470, 468, 458.6921]
[470, 467, 458.5749]
[470, 466, 458.3977]
[470, 465, 458.1825]
[470, 464, 458.0366]
[470, 463, 457.8559]
[470, 462, 457.7996]
[470, 461, 457.7397]
[470, 460, 457.5906]
[470, 459, 457.4494]
[470, 458, 457.3157]
[470, 457, 457.1581]
[470, 456, 457.04]
[470, 455, 456.8754]
[470, 454, 456.7528]
[470, 453, 456.545]
[470, 452, 456.3675]
[470, 451, 456.195]
[470, 450, 455.9971]
[470, 449, 455.7023]
[470, 448, 455.5108]
[470, 447, 455.4091]
[470, 446, 455.2502]
[470, 445, 454.9997]
[470, 444, 454.8502]
[470, 443, 454.6625]
[470, 442, 454.455]
[470, 441, 454.2873]
[470, 440, 454.075]
[470, 439, 453.8972]
[470, 438, 453.7409]
[470, 437, 453.4908]
[470, 436, 453.3151]
[470, 435, 453.1]
[470, 434, 452.792]
[470, 433, 452.6341]
[470, 432, 452.347]
[470, 431, 452.1499]
[470, 430, 451.8992]
[470, 429, 451.5792]
[470, 428, 451.3892]
[470, 427, 451.1247]
[470, 426, 450.9531]
[470, 425, 450.8354]
[470, 424, 450.765]
[470, 423, 450.73]
[470, 422, 450.745]
[470, 421, 450.695]
[470, 420, 450.6706]
[470, 419, 450.6401]
[470, 418, 450.6125]
[470, 417, 450.6296]
[470, 416, 450.5864]
[470, 415, 450.5346]
[470, 414, 450.4909]
[470, 413, 450.3904]
[470, 412, 450.2684]
[470, 411, 450.1734]
[470, 410, 450.0704]
[470, 409, 449.9258]
[470, 408, 449.7593]
[470, 407, 449.5204]
[470, 406, 449.1603]
[470, 405, 448.5137]
[470, 404, 447.8656]
[470, 403, 447.465]
[470, 402, 447.2663]
[470, 401, 447.0618]
[470, 400, 446.9478]
[470, 399, 446.8275]
[470, 398, 446.5893]
[470, 397, 446.3686]
[470, 396, 446.1274]
[470, 395, 445.8659]
[470, 394, 445.6312]
[470, 393, 445.4144]
[470, 392, 445.1588]
[470, 391, 444.9645]
[470, 390, 444.5755]
[470, 389, 444.1911]
[470, 388, 443.8546]
[470, 387, 443.4539]
[470, 386, 443.1643]
[470, 385, 442.9153]
[470, 384, 442.7222]
[470, 383, 442.6182]
[470, 382, 442.4938]
[470, 381, 442.2821]
[470, 380, 441.9976]
[470, 379, 441.6155]
[470, 378, 441.3067]
[470, 377, 441.055]
[470, 376, 440.9184]
[470, 375, 440.7742]
[470, 374, 440.5715]
[470, 373, 440.2939]
[470, 372, 440.0325]
[470, 371, 439.7689]
[470, 370, 439.5022]
[470, 369, 439.2475]
[470, 368, 439.0849]
[470, 367, 439.0371]
[470, 366, 439.1247]
[470, 365, 439.2684]
[470, 364, 439.441]
[470, 363, 439.4318]
[470, 362, 439.4091]
[470, 361, 439.3398]
[470, 360, 439.2475]
[470, 359, 439.1425]
[470, 358, 438.9765]
[470, 357, 438.7606]
[470, 356, 438.5712]
[470, 355, 438.4164]
[470, 354, 438.2244]
[470, 353, 438.0803]
[470, 352, 437.8925]
[470, 351, 437.6386]
[470, 350, 437.4058]
[470, 349, 437.1534]
[470, 348, 436.8738]
[470, 347, 436.5647]
[470, 346, 436.2793]
[470, 345, 436.0243]
[470, 344, 435.7598]
[470, 343, 435.4805]
[470, 342, 435.2157]
[470, 341, 435.0052]
[470, 340, 434.8002]
[470, 339, 434.5941]
[470, 338, 434.3525]
[470, 337, 434.1193]
[470, 336, 433.8617]
[470, 335, 433.5438]
[470, 334, 433.3733]
[470, 333, 433.1409]
[470, 332, 432.8413]
[470, 331, 432.5102]
[470, 330, 432.2775]
[470, 329, 432.0421]
[470, 328, 431.8298]
[470, 327, 431.5437]
[470, 326, 431.2356]
[470, 325, 430.9811]
[470, 324, 430.6361]
[470, 323, 430.3014]
[470, 322, 430.1095]
[470, 321, 429.9137]
[470, 320, 429.5717]
[470, 319, 429.2221]
[470, 318, 428.9052]
[470, 317, 428.6242]
[470, 316, 428.3884]
[470, 315, 428.1176]
[470, 314, 427.8412]
[470, 313, 427.5522]
[470, 312, 427.27]
[470, 311, 426.96]
[470, 310, 426.665]
[470, 309, 426.3925]
[470, 308, 426.02]
[470, 307, 425.76]
[470, 306, 425.4575]
[470, 305, 425.105]
[470, 304, 424.77]
[470, 303, 424.505]
[470, 302, 424.145]
[470, 301, 423.7175]
[470, 300, 423.33]
[470, 299, 422.9175]
[470, 298, 422.505]
[470, 297, 422.08]
[470, 296, 421.7525]
[470, 295, 421.4625]
[470, 294, 421.1975]
[470, 293, 420.875]
[470, 292, 420.6025]
[470, 291, 420.395]
[470, 290, 420.125]
[470, 289, 419.7525]
[470, 288, 419.3425]
[470, 287, 418.94]
[470, 286, 418.6275]
[470, 285, 418.3925]
[470, 284, 418.1725]
[470, 283, 417.95]
[470, 282, 417.725]
[470, 281, 417.565]
[470, 280, 417.3425]
[470, 279, 417.115]
[470, 278, 416.915]
[470, 277, 416.7375]
[470, 276, 416.5625]
[470, 275, 416.36]
[470, 274, 416.1075]
[470, 273, 415.735]
[470, 272, 415.4375]
[470, 271, 415.2025]
[470, 270, 414.84]
[470, 269, 414.515]
[470, 268, 414.115]
[470, 267, 413.615]
[470, 266, 413.14]
[470, 265, 412.6925]
[470, 264, 412.0325]
[470, 263, 411.5225]
[470, 262, 411.0675]
[470, 261, 410.49]
[470, 260, 409.7625]
[470, 259, 408.91]
[470, 258, 407.93]
[470, 257, 406.87]
[470, 256, 405.4175]
[470, 255, 404.2925]
[470, 254, 403.25]
[470, 253, 402.375]
[470, 252, 401.445]
[470, 251, 400.325]
[470, 250, 399.355]
[470, 249, 398.5775]
[470, 248, 397.85]
[470, 247, 397.265]
[470, 246, 396.8225]
[470, 245, 397.0225]
[470, 244, 397.985]
[470, 243, 399.715]
[470, 242, 401.895]
[470, 241, 403.765]
[470, 240, 405.545]
[470, 239, 406.8225]
[470, 238, 407.5325]
[470, 237, 408.0625]
[470, 236, 408.305]
[470, 235, 408.5275]
[470, 234, 408.7225]
[470, 233, 408.89]
[470, 232, 408.9375]
[470, 231, 409.0225]
[470, 230, 409.0475]
[470, 229, 409.1025]
[470, 228, 409.2425]
[470, 227, 409.3975]
[470, 226, 409.5425]
[470, 225, 409.77]
[470, 224, 409.85]
[470, 223, 409.8825]
[470, 222, 409.895]
[470, 221, 409.975]
[470, 220, 410.2375]
[470, 219, 410.58]
[470, 218, 410.8575]
[470, 217, 411.265]
[470, 216, 411.7925]
[470, 215, 412.205]
[470, 214, 412.515]
[470, 213, 412.805]
[470, 212, 413.0825]
[470, 211, 413.3775]
[470, 210, 413.5375]
[470, 209, 413.63]
[470, 208, 413.6825]
[470, 207, 413.74]
[470, 206, 413.845]
[470, 205, 414.0]
[470, 204, 414.0425]
[470, 203, 414.06]
[470, 202, 414.0375]
[470, 201, 414.07]
[470, 200, 414.1975]
[470, 199, 414.2925]
[470, 198, 414.43]
[470, 197, 414.475]
[470, 196, 414.5375]
[470, 195, 414.5575]
[470, 194, 414.6325]
[470, 193, 414.5525]
[470, 192, 414.365]
[470, 191, 414.2025]
[470, 190, 413.995]
[470, 189, 413.6075]
[470, 188, 413.27]
[470, 187, 413.2075]
[470, 186, 413.4775]
[470, 185, 413.9825]
[470, 184, 414.4725]
[470, 183, 414.8625]
[470, 182, 415.125]
[470, 181, 414.89]
[470, 180, 414.51]
[470, 179, 414.07]
[470, 178, 413.8675]
[470, 177, 413.6175]
[470, 176, 413.3725]
[470, 175, 413.395]
[470, 174, 413.52]
[470, 173, 413.8]
[470, 172, 414.1525]
[470, 171, 414.255]
[470, 170, 414.5025]
[470, 169, 415.23]
[470, 168, 415.7025]
[470, 167, 415.955]
[470, 166, 415.86]
[470, 165, 415.5725]
[470, 164, 415.3575]
[470, 163, 415.4275]
[470, 162, 415.56]
[470, 161, 415.805]
[470, 160, 416.2425]
[470, 159, 416.705]
[470, 158, 417.03]
[470, 157, 417.3225]
[470, 156, 417.4025]
[470, 155, 417.26]
[470, 154, 417.275]
[470, 153, 417.2625]
[470, 152, 417.03]
[470, 151, 417.035]
[470, 150, 416.96]
[470, 149, 416.865]
[470, 148, 417.09]
[470, 147, 418.065]
[470, 146, 419.43]
[470, 145, 420.6225]
[470, 144, 421.8125]
[470, 143, 422.785]
[470, 142, 423.83]
[470, 141, 424.9675]
[470, 140, 426.0]
[470, 139, 426.6525]
[470, 138, 426.66]
[470, 137, 426.3025]
[470, 136, 426.5475]
[470, 135, 427.15]
[470, 134, 427.95]
[470, 133, 428.7325]
[470, 132, 429.485]
[470, 131, 430.32]
[470, 130, 431.0325]
[470, 129, 431.725]
[470, 128, 432.47]
[470, 127, 433.46]
[470, 126, 434.315]
[470, 125, 434.7725]
[470, 124, 435.35]
[470, 123, 436.0125]
[470, 122, 436.975]
[470, 121, 437.9225]
[470, 120, 438.87]
[470, 119, 440.105]
[470, 118, 441.045]
[470, 117, 441.9325]
[470, 116, 442.69]
[470, 115, 443.285]
[470, 114, 444.115]
[470, 113, 444.6525]
[470, 112, 444.995]
[470, 111, 445.4325]
[470, 110, 445.83]
[470, 109, 446.11]
[470, 108, 446.51]
[470, 107, 446.7825]
[470, 106, 447.145]
[470, 105, 447.6425]
[470, 104, 448.28]
[470, 103, 449.3175]
[470, 102, 450.325]
[470, 101, 450.8325]
[470, 100, 451.3575]
[470, 99, 452.1025]
[470, 98, 453.2975]
[470, 97, 454.3375]
[470, 96, 455.09]
[470, 95, 455.97]
[470, 94, 456.9025]
[470, 93, 457.3875]
[470, 92, 457.84]
[470, 91, 458.155]
[470, 90, 458.375]
[470, 89, 458.66]
[470, 88, 458.9425]
[470, 87, 459.5925]
[470, 86, 460.425]
[470, 85, 461.2525]
[470, 84, 462.065]
[470, 83, 462.7025]
[470, 82, 463.305]
[470, 81, 463.8775]
[470, 80, 464.45]
[470, 79, 464.895]
[470, 78, 465.4025]
[470, 77, 466.22]
[470, 76, 467.105]
[470, 75, 468.2425]
[470, 74, 469.45]
[470, 73, 470.6825]
[470, 72, 471.79]
[470, 71, 472.5325]
[470, 70, 473.1875]
[470, 69, 473.8525]
[470, 68, 474.63]
[470, 67, 475.395]
[470, 66, 476.0725]
[470, 65, 476.8275]
[470, 64, 477.565]
[470, 63, 478.4]
[470, 62, 479.2475]
[470, 61, 480.075]
[470, 60, 480.8325]
[470, 59, 481.6975]
[470, 58, 482.495]
[470, 57, 483.24]
[470, 56, 484.005]
[470, 55, 484.77]
[470, 54, 485.375]
[470, 53, 486.0875]
[470, 52, 486.7525]
[470, 51, 487.395]
[470, 50, 487.955]
[470, 49, 488.495]
[470, 48, 488.99]
[470, 47, 489.5825]
[470, 46, 490.1775]
[470, 45, 490.695]
[470, 44, 491.2525]
[470, 43, 491.885]
[470, 42, 492.4875]
[470, 41, 493.1]
[470, 40, 493.7025]
[470, 39, 494.2725]
[470, 38, 494.9425]
[470, 37, 495.5375]
[470, 36, 496.14]
[470, 35, 496.7125]
[470, 34, 497.3575]
[470, 33, 497.975]
[470, 32, 498.5375]
[470, 31, 499.1775]
[470, 30, 499.79]
[470, 29, 500.3275]
[470, 28, 500.85]
[470, 27, 501.39]
[470, 26, 501.8825]
[470, 25, 502.4625]
[470, 24, 502.985]
[470, 23, 503.4775]
[470, 22, 503.9575]
[470, 21, 504.34]
[470, 20, 504.7425]
[470, 19, 505.1525]
[470, 18, 505.5475]
[470, 17, 505.9025]
[470, 16, 506.1925]
[470, 15, 506.5975]
[470, 14, 507.01]
[470, 13, 507.37]
[470, 12, 507.7625]
[470, 11, 508.1625]
[470, 10, 508.5925]
[470, 9, 508.935]
[470, 8, 509.1875]
[470, 7, 509.5825]
[470, 6, 509.89]
[470, 5, 510.2775]
[470, 4, 510.6475]
[470, 3, 511.005]
[470, 2, 511.3675]
[470, 1, 511.7575]
[470, 0, 512.1675]
[480, 0, 512.8725]
[480, 1, 512.605]
[480, 2, 512.2850000000001]
[480, 3, 511.8525]
[480, 4, 511.53]
[480, 5, 511.175]
[480, 6, 510.79]
[480, 7, 510.4225]
[480, 8, 510.015]
[480, 9, 509.6525]
[480, 10, 509.2975]
[480, 11, 508.935]
[480, 12, 508.485]
[480, 13, 508.05]
[480, 14, 507.61]
[480, 15, 507.205]
[480, 16, 506.7625]
[480, 17, 506.3]
[480, 18, 505.7875]
[480, 19, 505.285]
[480, 20, 504.7975]
[480, 21, 504.2175]
[480, 22, 503.6275]
[480, 23, 503.0975]
[480, 24, 502.55]
[480, 25, 502.1325]
[480, 26, 501.53]
[480, 27, 500.95]
[480, 28, 500.355]
[480, 29, 499.7525]
[480, 30, 499.1675]
[480, 31, 498.59]
[480, 32, 497.9025]
[480, 33, 497.2275]
[480, 34, 496.605]
[480, 35, 496.0175]
[480, 36, 495.3275]
[480, 37, 494.695]
[480, 38, 494.0825]
[480, 39, 493.445]
[480, 40, 492.745]
[480, 41, 492.0175]
[480, 42, 491.33]
[480, 43, 490.6425]
[480, 44, 489.84]
[480, 45, 489.0825]
[480, 46, 488.3775]
[480, 47, 487.7025]
[480, 48, 486.955]
[480, 49, 486.1675]
[480, 50, 485.4375]
[480, 51, 484.6625]
[480, 52, 483.875]
[480, 53, 483.12]
[480, 54, 482.29]
[480, 55, 481.48]
[480, 56, 480.5725]
[480, 57, 479.6725]
[480, 58, 478.8325]
[480, 59, 478.0275]
[480, 60, 477.185]
[480, 61, 476.25]
[480, 62, 475.085]
[480, 63, 473.625]
[480, 64, 472.2775]
[480, 65, 471.1875]
[480, 66, 470.2675]
[480, 67, 469.355]
[480, 68, 468.4125]
[480, 69, 467.8025]
[480, 70, 467.2875]
[480, 71, 466.815]
[480, 72, 465.945]
[480, 73, 464.78]
[480, 74, 463.6375]
[480, 75, 462.095]
[480, 76, 460.6725]
[480, 77, 459.725]
[480, 78, 458.8375]
[480, 79, 457.8925]
[480, 80, 457.0725]
[480, 81, 456.255]
[480, 82, 455.4825]
[480, 83, 454.7725]
[480, 84, 454.015]
[480, 85, 453.245]
[480, 86, 452.7525]
[480, 87, 452.365]
[480, 88, 451.84]
[480, 89, 451.1075]
[480, 90, 450.3575]
[480, 91, 449.6625]
[480, 92, 448.915]
[480, 93, 448.1425]
[480, 94, 447.29]
[480, 95, 446.9325]
[480, 96, 446.515]
[480, 97, 446.0725]
[480, 98, 445.6175]
[480, 99, 445.13]
[480, 100, 444.62]
[480, 101, 444.01]
[480, 102, 443.17]
[480, 103, 442.655]
[480, 104, 442.245]
[480, 105, 441.515]
[480, 106, 441.11]
[480, 107, 440.65]
[480, 108, 440.4475]
[480, 109, 440.125]
[480, 110, 439.4025]
[480, 111, 438.5925]
[480, 112, 437.705]
[480, 113, 436.655]
[480, 114, 436.1]
[480, 115, 435.5125]
[480, 116, 434.885]
[480, 117, 434.12]
[480, 118, 433.47]
[480, 119, 432.89]
[480, 120, 432.42]
[480, 121, 431.9725]
[480, 122, 431.2575]
[480, 123, 430.535]
[480, 124, 429.94]
[480, 125, 429.305]
[480, 126, 428.2425]
[480, 127, 427.3625]
[480, 128, 426.8425]
[480, 129, 426.4675]
[480, 130, 426.025]
[480, 131, 425.59]
[480, 132, 425.1325]
[480, 133, 425.395]
[480, 134, 426.2425]
[480, 135, 426.99]
[480, 136, 427.7925]
[480, 137, 428.315]
[480, 138, 428.8525]
[480, 139, 429.33]
[480, 140, 429.73]
[480, 141, 430.1525]
[480, 142, 430.4725]
[480, 143, 430.815]
[480, 144, 430.835]
[480, 145, 430.87]
[480, 146, 430.93]
[480, 147, 430.8575]
[480, 148, 430.8075]
[480, 149, 430.6175]
[480, 150, 430.4675]
[480, 151, 430.35]
[480, 152, 430.1875]
[480, 153, 430.0625]
[480, 154, 429.96]
[480, 155, 429.8375]
[480, 156, 429.6625]
[480, 157, 429.5325]
[480, 158, 429.4225]
[480, 159, 429.1725]
[480, 160, 429.0375]
[480, 161, 429.0]
[480, 162, 428.8775]
[480, 163, 428.705]
[480, 164, 428.505]
[480, 165, 428.2425]
[480, 166, 428.0425]
[480, 167, 427.8225]
[480, 168, 427.56]
[480, 169, 427.3125]
[480, 170, 427.055]
[480, 171, 426.7775]
[480, 172, 426.5675]
[480, 173, 426.4475]
[480, 174, 426.3025]
[480, 175, 426.13]
[480, 176, 425.945]
[480, 177, 425.7575]
[480, 178, 425.5325]
[480, 179, 425.365]
[480, 180, 425.0975]
[480, 181, 424.8225]
[480, 182, 424.535]
[480, 183, 424.3725]
[480, 184, 424.1825]
[480, 185, 423.935]
[480, 186, 423.715]
[480, 187, 423.495]
[480, 188, 423.415]
[480, 189, 423.3525]
[480, 190, 423.1625]
[480, 191, 422.9175]
[480, 192, 422.5925]
[480, 193, 422.3]
[480, 194, 422.0675]
[480, 195, 421.695]
[480, 196, 421.385]
[480, 197, 421.0925]
[480, 198, 420.8275]
[480, 199, 420.5175]
[480, 200, 420.24]
[480, 201, 420.045]
[480, 202, 419.885]
[480, 203, 419.68]
[480, 204, 419.515]
[480, 205, 419.4075]
[480, 206, 419.255]
[480, 207, 419.1425]
[480, 208, 419.0425]
[480, 209, 418.9125]
[480, 210, 418.79]
[480, 211, 418.62]
[480, 212, 418.3675]
[480, 213, 418.12]
[480, 214, 417.875]
[480, 215, 417.6875]
[480, 216, 417.4]
[480, 217, 417.035]
[480, 218, 416.8325]
[480, 219, 416.5325]
[480, 220, 416.2125]
[480, 221, 415.945]
[480, 222, 415.6975]
[480, 223, 415.445]
[480, 224, 415.275]
[480, 225, 415.0675]
[480, 226, 414.9125]
[480, 227, 414.795]
[480, 228, 414.5375]
[480, 229, 414.235]
[480, 230, 413.9725]
[480, 231, 413.6175]
[480, 232, 413.1525]
[480, 233, 412.59]
[480, 234, 411.58]
[480, 235, 410.4225]
[480, 236, 408.965]
[480, 237, 407.485]
[480, 238, 406.0475]
[480, 239, 404.8825]
[480, 240, 403.36]
[480, 241, 401.75]
[480, 242, 401.0575]
[480, 243, 400.965]
[480, 244, 401.2675]
[480, 245, 402.175]
[480, 246, 402.8625]
[480, 247, 403.7625]
[480, 248, 404.8125]
[480, 249, 406.0925]
[480, 250, 407.6075]
[480, 251, 408.5425]
[480, 252, 409.235]
[480, 253, 410.0625]
[480, 254, 410.86]
[480, 255, 411.72]
[480, 256, 412.3525]
[480, 257, 412.86]
[480, 258, 413.29]
[480, 259, 413.6075]
[480, 260, 413.995]
[480, 261, 414.41]
[480, 262, 414.9725]
[480, 263, 415.54]
[480, 264, 416.045]
[480, 265, 416.545]
[480, 266, 417.0475]
[480, 267, 417.645]
[480, 268, 418.0925]
[480, 269, 418.535]
[480, 270, 418.9525]
[480, 271, 419.3175]
[480, 272, 419.735]
[480, 273, 419.9925]
[480, 274, 420.09]
[480, 275, 420.3925]
[480, 276, 420.755]
[480, 277, 421.0425]
[480, 278, 421.34]
[480, 279, 421.64]
[480, 280, 421.8775]
[480, 281, 422.1375]
[480, 282, 422.4025]
[480, 283, 422.6775]
[480, 284, 423.03]
[480, 285, 423.3425]
[480, 286, 423.645]
[480, 287, 423.965]
[480, 288, 424.2275]
[480, 289, 424.5575]
[480, 290, 424.7975]
[480, 291, 425.085]
[480, 292, 425.3775]
[480, 293, 425.5875]
[480, 294, 425.8325]
[480, 295, 426.09]
[480, 296, 426.4]
[480, 297, 426.6525]
[480, 298, 427.0225]
[480, 299, 427.36]
[480, 300, 427.72]
[480, 301, 428.0075]
[480, 302, 428.3825]
[480, 303, 428.785]
[480, 304, 429.175]
[480, 305, 429.5]
[480, 306, 429.8225]
[480, 307, 430.0475]
[480, 308, 430.35]
[480, 309, 430.58]
[480, 310, 430.8325]
[480, 311, 431.055]
[480, 312, 431.2775]
[480, 313, 431.6025]
[480, 314, 431.9025]
[480, 315, 432.2197]
[480, 316, 432.4714]
[480, 317, 432.7527]
[480, 318, 433.0143]
[480, 319, 433.2312]
[480, 320, 433.5092]
[480, 321, 433.8078]
[480, 322, 434.0757]
[480, 323, 434.4076]
[480, 324, 434.7637]
[480, 325, 435.0322]
[480, 326, 435.3221]
[480, 327, 435.6229]
[480, 328, 435.9093]
[480, 329, 436.2526]
[480, 330, 436.5473]
[480, 331, 436.805]
[480, 332, 437.0966]
[480, 333, 437.3025]
[480, 334, 437.4975]
[480, 335, 437.64]
[480, 336, 437.71]
[480, 337, 437.79]
[480, 338, 437.91]
[480, 339, 438.1025]
[480, 340, 438.2725]
[480, 341, 438.455]
[480, 342, 438.605]
[480, 343, 438.7875]
[480, 344, 439.1233]
[480, 345, 439.5026]
[480, 346, 439.8539]
[480, 347, 440.1388]
[480, 348, 440.405]
[480, 349, 440.6162]
[480, 350, 440.7742]
[480, 351, 441.0163]
[480, 352, 441.2985]
[480, 353, 441.459]
[480, 354, 441.58]
[480, 355, 441.6863]
[480, 356, 441.8349]
[480, 357, 441.9259]
[480, 358, 442.0439]
[480, 359, 442.2391]
[480, 360, 442.4653]
[480, 361, 442.7418]
[480, 362, 443.1757]
[480, 363, 443.4613]
[480, 364, 443.7225]
[480, 365, 444.0463]
[480, 366, 444.242]
[480, 367, 444.5744]
[480, 368, 444.932]
[480, 369, 445.2978]
[480, 370, 445.7492]
[480, 371, 446.1397]
[480, 372, 446.4341]
[480, 373, 446.7508]
[480, 374, 447.1425]
[480, 375, 447.2965]
[480, 376, 447.506]
[480, 377, 447.717]
[480, 378, 447.8856]
[480, 379, 447.9733]
[480, 380, 448.1496]
[480, 381, 448.4403]
[480, 382, 448.8193]
[480, 383, 449.2649]
[480, 384, 449.8431]
[480, 385, 450.4225]
[480, 386, 451.0125]
[480, 387, 451.5525]
[480, 388, 451.8923]
[480, 389, 452.1943]
[480, 390, 452.235]
[480, 391, 452.5922]
[480, 392, 452.9294]
[480, 393, 453.1763]
[480, 394, 453.3496]
[480, 395, 453.4779]
[480, 396, 453.7593]
[480, 397, 453.8436]
[480, 398, 453.9925]
[480, 399, 454.1886]
[480, 400, 454.4821]
[480, 401, 454.7125]
[480, 402, 454.929]
[480, 403, 455.1383]
[480, 404, 455.3675]
[480, 405, 455.5475]
[480, 406, 455.7746]
[480, 407, 456.0383]
[480, 408, 456.3724]
[480, 409, 456.6113]
[480, 410, 456.84]
[480, 411, 457.038]
[480, 412, 457.1158]
[480, 413, 457.2017]
[480, 414, 457.3661]
[480, 415, 457.6832]
[480, 416, 458.0521]
[480, 417, 458.3375]
[480, 418, 458.6322]
[480, 419, 458.9461]
[480, 420, 459.3295]
[480, 421, 459.6308]
[480, 422, 459.9103]
[480, 423, 460.2788]
[480, 424, 460.5669]
[480, 425, 461.0213]
[480, 426, 461.3624]
[480, 427, 461.5968]
[480, 428, 461.8942]
[480, 429, 462.2621]
[480, 430, 462.5399]
[480, 431, 462.9475]
[480, 432, 463.4333]
[480, 433, 463.835]
[480, 434, 464.1571]
[480, 435, 464.3816]
[480, 436, 464.41]
[480, 437, 464.3765]
[480, 438, 464.489]
[480, 439, 464.8375]
[480, 440, 465.0971]
[480, 441, 465.601]
[480, 442, 466.0462]
[480, 443, 466.295]
[480, 444, 466.4045]
[480, 445, 466.5211]
[480, 446, 466.6659]
[480, 447, 466.9741]
[480, 448, 467.1753]
[480, 449, 467.3417]
[480, 450, 467.5627]
[480, 451, 467.6925]
[480, 452, 467.9062]
[480, 453, 468.0981]
[480, 454, 468.3048]
[480, 455, 468.6375]
[480, 456, 468.8625]
[480, 457, 468.9968]
[480, 458, 469.1807]
[480, 459, 469.3015]
[480, 460, 469.4886]
[480, 461, 469.6801]
[480, 462, 469.785]
[480, 463, 469.9372]
[480, 464, 470.1179]
[480, 465, 470.2241]
[480, 466, 470.2318]
[480, 467, 470.3283]
[480, 468, 470.5245]
[480, 469, 470.577]
[480, 470, 470.7318]
[480, 471, 470.8058]
[480, 472, 470.9018]
[480, 473, 471.0323]
[480, 474, 471.1614]
[480, 475, 471.2822]
[480, 476, 471.43]
[480, 477, 471.4571]
[480, 478, 471.6115]
[480, 479, 471.6524]
[480, 480, 471.6875]
[480, 481, 471.7616]
[480, 482, 471.821]
[480, 483, 471.8657]
[480, 484, 471.9254]
[480, 485, 471.9733]
[480, 486, 471.9625]
[480, 487, 471.9206]
[480, 488, 471.9275]
[480, 489, 471.8902]
[480, 490, 471.8545]
[480, 491, 471.845]
[480, 492, 471.7978]
[480, 493, 471.7125]
[480, 494, 471.7014]
[480, 495, 471.7625]
[480, 496, 471.8205]
[480, 497, 471.6619]
[480, 498, 471.5343]
[480, 499, 471.4607]
[490, 499, 482.3875]
[490, 498, 482.5538]
[490, 497, 482.765]
[490, 496, 482.9287]
[490, 495, 483.0721]
[490, 494, 483.1019]
[490, 493, 483.1239]
[490, 492, 483.1639]
[490, 491, 483.1939]
[490, 490, 483.1516]
[490, 489, 483.2254]
[490, 488, 483.3383]
[490, 487, 483.4089]
[490, 486, 483.3811]
[490, 485, 483.3322]
[490, 484, 483.2657]
[490, 483, 483.303]
[490, 482, 483.2645]
[490, 481, 483.1725]
[490, 480, 483.074]
[490, 479, 482.9515]
[490, 478, 482.9702]
[490, 477, 482.8342]
[490, 476, 482.8308]
[490, 475, 482.7867]
[490, 474, 482.7475]
[490, 473, 482.7622]
[490, 472, 482.5641]
[490, 471, 482.3821]
[490, 470, 482.3]
[490, 469, 482.2233]
[490, 468, 482.1485]
[490, 467, 482.1135]
[490, 466, 482.0273]
[490, 465, 481.9642]
[490, 464, 481.885]
[490, 463, 481.7475]
[490, 462, 481.6275]
[490, 461, 481.5597]
[490, 460, 481.5669]
[490, 459, 481.42]
[490, 458, 481.173]
[490, 457, 481.0927]
[490, 456, 480.9379]
[490, 455, 480.8207]
[490, 454, 480.5969]
[490, 453, 480.4043]
[490, 452, 480.1679]
[490, 451, 479.9428]
[490, 450, 479.7425]
[490, 449, 479.5734]
[490, 448, 479.3179]
[490, 447, 479.0971]
[490, 446, 478.9566]
[490, 445, 478.6471]
[490, 444, 478.2721]
[490, 443, 478.045]
[490, 442, 477.7304]
[490, 441, 477.5072]
[490, 440, 477.1815]
[490, 439, 477.0166]
[490, 438, 476.7824]
[490, 437, 476.4725]
[490, 436, 476.12]
[490, 435, 475.8072]
[490, 434, 475.4125]
[490, 433, 475.0055]
[490, 432, 474.6308]
[490, 431, 474.2714]
[490, 430, 473.7639]
[490, 429, 473.2987]
[490, 428, 472.9095]
[490, 427, 472.4965]
[490, 426, 471.9752]
[490, 425, 471.6085]
[490, 424, 471.18]
[490, 423, 470.7292]
[490, 422, 470.3143]
[490, 421, 470.0687]
[490, 420, 469.5252]
[490, 419, 469.1404]
[490, 418, 468.6225]
[490, 417, 468.1416]
[490, 416, 467.7323]
[490, 415, 467.3055]
[490, 414, 466.935]
[490, 413, 466.6025]
[490, 412, 466.2565]
[490, 411, 465.8897]
[490, 410, 465.6584]
[490, 409, 465.2675]
[490, 408, 464.8653]
[490, 407, 464.5225]
[490, 406, 464.0998]
[490, 405, 463.7668]
[490, 404, 463.3125]
[490, 403, 462.8337]
[490, 402, 462.265]
[490, 401, 461.737]
[490, 400, 461.1912]
[490, 399, 460.7784]
[490, 398, 460.4212]
[490, 397, 460.0513]
[490, 396, 459.7116]
[490, 395, 459.3053]
[490, 394, 458.84]
[490, 393, 458.5874]
[490, 392, 458.5249]
[490, 391, 458.3075]
[490, 390, 458.105]
[490, 389, 457.9825]
[490, 388, 457.8775]
[490, 387, 457.7852]
[490, 386, 457.5885]
[490, 385, 457.2296]
[490, 384, 456.9375]
[490, 383, 456.6253]
[490, 382, 456.2625]
[490, 381, 455.7792]
[490, 380, 455.3344]
[490, 379, 454.9628]
[490, 378, 454.6961]
[490, 377, 454.4849]
[490, 376, 454.3216]
[490, 375, 454.115]
[490, 374, 453.7603]
[490, 373, 453.3436]
[490, 372, 452.875]
[490, 371, 452.425]
[490, 370, 452.0252]
[490, 369, 451.6327]
[490, 368, 451.2361]
[490, 367, 451.0031]
[490, 366, 450.7]
[490, 365, 450.36]
[490, 364, 450.165]
[490, 363, 449.9685]
[490, 362, 449.7665]
[490, 361, 449.5151]
[490, 360, 449.1959]
[490, 359, 448.8831]
[490, 358, 448.49]
[490, 357, 448.1049]
[490, 356, 447.6747]
[490, 355, 447.3204]
[490, 354, 446.9751]
[490, 353, 446.6901]
[490, 352, 446.3858]
[490, 351, 446.0481]
[490, 350, 445.7775]
[490, 349, 445.4279]
[490, 348, 444.9914]
[490, 347, 444.5134]
[490, 346, 444.2323]
[490, 345, 443.805]
[490, 344, 443.2789]
[490, 343, 442.8019]
[490, 342, 442.3759]
[490, 341, 442.0427]
[490, 340, 441.7255]
[490, 339, 441.4575]
[490, 338, 441.2193]
[490, 337, 440.9397]
[490, 336, 440.6499]
[490, 335, 440.2816]
[490, 334, 439.9388]
[490, 333, 439.5005]
[490, 332, 438.993]
[490, 331, 438.3802]
[490, 330, 437.8898]
[490, 329, 437.4279]
[490, 328, 437.0061]
[490, 327, 436.5906]
[490, 326, 436.2101]
[490, 325, 435.8477]
[490, 324, 435.5375]
[490, 323, 435.2443]
[490, 322, 434.9319]
[490, 321, 434.6185]
[490, 320, 434.369]
[490, 319, 434.1444]
[490, 318, 433.9375]
[490, 317, 433.69]
[490, 316, 433.4375]
[490, 315, 433.1925]
[490, 314, 432.95]
[490, 313, 432.7475]
[490, 312, 432.4575]
[490, 311, 432.165]
[490, 310, 431.89]
[490, 309, 431.575]
[490, 308, 431.285]
[490, 307, 431.015]
[490, 306, 430.7475]
[490, 305, 430.4775]
[490, 304, 430.245]
[490, 303, 429.905]
[490, 302, 429.65]
[490, 301, 429.425]
[490, 300, 429.1075]
[490, 299, 428.705]
[490, 298, 428.505]
[490, 297, 428.3175]
[490, 296, 428.0775]
[490, 295, 427.855]
[490, 294, 427.665]
[490, 293, 427.485]
[490, 292, 427.1375]
[490, 291, 426.89]
[490, 290, 426.705]
[490, 289, 426.5375]
[490, 288, 426.36]
[490, 287, 426.17]
[490, 286, 426.0075]
[490, 285, 425.825]
[490, 284, 425.69]
[490, 283, 425.5525]
[490, 282, 425.475]
[490, 281, 425.345]
[490, 280, 425.27]
[490, 279, 425.1375]
[490, 278, 424.6975]
[490, 277, 424.395]
[490, 276, 424.2125]
[490, 275, 424.1075]
[490, 274, 424.0]
[490, 273, 423.805]
[490, 272, 423.5475]
[490, 271, 423.3]
[490, 270, 422.9875]
[490, 269, 422.56]
[490, 268, 422.1725]
[490, 267, 421.7525]
[490, 266, 421.3175]
[490, 265, 420.835]
[490, 264, 420.3475]
[490, 263, 419.88]
[490, 262, 419.345]
[490, 261, 418.825]
[490, 260, 418.3425]
[490, 259, 417.785]
[490, 258, 417.2825]
[490, 257, 416.84]
[490, 256, 416.4175]
[490, 255, 415.8725]
[490, 254, 415.3]
[490, 253, 414.68]
[490, 252, 414.25]
[490, 251, 413.7825]
[490, 250, 413.16]
[490, 249, 412.505]
[490, 248, 411.7275]
[490, 247, 410.5425]
[490, 246, 408.9275]
[490, 245, 407.285]
[490, 244, 406.0325]
[490, 243, 405.3725]
[490, 242, 405.2475]
[490, 241, 405.7875]
[490, 240, 406.585]
[490, 239, 407.475]
[490, 238, 408.585]
[490, 237, 409.9975]
[490, 236, 411.4525]
[490, 235, 412.93]
[490, 234, 414.585]
[490, 233, 416.0675]
[490, 232, 417.035]
[490, 231, 417.7125]
[490, 230, 418.355]
[490, 229, 418.8525]
[490, 228, 419.3875]
[490, 227, 419.81]
[490, 226, 420.13]
[490, 225, 420.3675]
[490, 224, 420.6325]
[490, 223, 420.87]
[490, 222, 421.03]
[490, 221, 421.2725]
[490, 220, 421.5625]
[490, 219, 421.94]
[490, 218, 422.31]
[490, 217, 422.7575]
[490, 216, 422.98]
[490, 215, 423.205]
[490, 214, 423.47]
[490, 213, 423.7275]
[490, 212, 424.025]
[490, 211, 424.2375]
[490, 210, 424.4725]
[490, 209, 424.6975]
[490, 208, 424.8825]
[490, 207, 425.0325]
[490, 206, 425.145]
[490, 205, 425.325]
[490, 204, 425.5]
[490, 203, 425.64]
[490, 202, 425.71]
[490, 201, 425.9125]
[490, 200, 426.24]
[490, 199, 426.5525]
[490, 198, 426.795]
[490, 197, 426.985]
[490, 196, 427.12]
[490, 195, 427.2675]
[490, 194, 427.5925]
[490, 193, 427.8375]
[490, 192, 428.145]
[490, 191, 428.435]
[490, 190, 428.7275]
[490, 189, 428.955]
[490, 188, 429.1375]
[490, 187, 429.4525]
[490, 186, 429.755]
[490, 185, 430.0025]
[490, 184, 430.19]
[490, 183, 430.36]
[490, 182, 430.6225]
[490, 181, 430.8575]
[490, 180, 431.1575]
[490, 179, 431.5225]
[490, 178, 431.7675]
[490, 177, 432.01]
[490, 176, 432.2625]
[490, 175, 432.5825]
[490, 174, 432.8675]
[490, 173, 433.26]
[490, 172, 433.5425]
[490, 171, 433.8375]
[490, 170, 434.07]
[490, 169, 434.305]
[490, 168, 434.54]
[490, 167, 434.735]
[490, 166, 435.03]
[490, 165, 435.255]
[490, 164, 435.4675]
[490, 163, 435.665]
[490, 162, 435.985]
[490, 161, 436.3025]
[490, 160, 436.5775]
[490, 159, 436.915]
[490, 158, 437.2575]
[490, 157, 437.6525]
[490, 156, 438.115]
[490, 155, 438.6075]
[490, 154, 439.0725]
[490, 153, 439.445]
[490, 152, 439.7525]
[490, 151, 440.125]
[490, 150, 440.33]
[490, 149, 440.4975]
[490, 148, 440.66]
[490, 147, 440.8375]
[490, 146, 441.0425]
[490, 145, 441.2425]
[490, 144, 441.4625]
[490, 143, 441.645]
[490, 142, 441.8225]
[490, 141, 441.93]
[490, 140, 442.0175]
[490, 139, 442.065]
[490, 138, 442.03]
[490, 137, 442.005]
[490, 136, 441.9525]
[490, 135, 441.8]
[490, 134, 441.585]
[490, 133, 441.365]
[490, 132, 441.145]
[490, 131, 440.8225]
[490, 130, 440.3625]
[490, 129, 440.025]
[490, 128, 439.6725]
[490, 127, 439.3125]
[490, 126, 439.16]
[490, 125, 438.9725]
[490, 124, 438.9525]
[490, 123, 438.7425]
[490, 122, 438.2675]
[490, 121, 437.9525]
[490, 120, 437.6]
[490, 119, 437.27]
[490, 118, 437.1275]
[490, 117, 436.875]
[490, 116, 436.56]
[490, 115, 436.6425]
[490, 114, 436.6525]
[490, 113, 436.5825]
[490, 112, 436.345]
[490, 111, 436.025]
[490, 110, 435.5325]
[490, 109, 435.17]
[490, 108, 434.825]
[490, 107, 434.8875]
[490, 106, 435.24]
[490, 105, 435.8975]
[490, 104, 436.4075]
[490, 103, 436.7025]
[490, 102, 436.9375]
[490, 101, 437.3525]
[490, 100, 438.015]
[490, 99, 438.57]
[490, 98, 439.0825]
[490, 97, 439.3425]
[490, 96, 439.3775]
[490, 95, 439.525]
[490, 94, 439.6575]
[490, 93, 439.8675]
[490, 92, 440.255]
[490, 91, 440.99]
[490, 90, 441.935]
[490, 89, 442.855]
[490, 88, 443.705]
[490, 87, 444.8725]
[490, 86, 446.1125]
[490, 85, 447.4325]
[490, 84, 448.185]
[490, 83, 448.65]
[490, 82, 448.8925]
[490, 81, 449.1875]
[490, 80, 449.73]
[490, 79, 450.5475]
[490, 78, 451.5925]
[490, 77, 452.505]
[490, 76, 453.23]
[490, 75, 453.82]
[490, 74, 454.2975]
[490, 73, 454.7175]
[490, 72, 455.7075]
[490, 71, 456.6375]
[490, 70, 457.7775]
[490, 69, 458.8325]
[490, 68, 459.76]
[490, 67, 460.7425]
[490, 66, 461.805]
[490, 65, 462.715]
[490, 64, 463.61]
[490, 63, 464.5125]
[490, 62, 465.7075]
[490, 61, 466.7225]
[490, 60, 467.3425]
[490, 59, 467.9125]
[490, 58, 468.4975]
[490, 57, 468.985]
[490, 56, 469.5025]
[490, 55, 470.55]
[490, 54, 471.745]
[490, 53, 473.12]
[490, 52, 474.665]
[490, 51, 476.0925]
[490, 50, 477.645]
[490, 49, 478.965]
[490, 48, 479.9175]
[490, 47, 480.3975]
[490, 46, 480.915]
[490, 45, 481.88]
[490, 44, 482.725]
[490, 43, 483.41]
[490, 42, 484.0225]
[490, 41, 484.49]
[490, 40, 484.715]
[490, 39, 484.6225]
[490, 38, 484.6775]
[490, 37, 485.39]
[490, 36, 486.355]
[490, 35, 487.2125]
[490, 34, 488.3125]
[490, 33, 489.44]
[490, 32, 490.525]
[490, 31, 491.3075]
[490, 30, 492.27]
[490, 29, 493.2775]
[490, 28, 494.2825]
[490, 27, 495.205]
[490, 26, 496.405]
[490, 25, 497.5975]
[490, 24, 498.9925]
[490, 23, 500.145]
[490, 22, 500.8875]
[490, 21, 501.4625]
[490, 20, 502.26]
[490, 19, 503.305]
[490, 18, 504.2425]
[490, 17, 504.965]
[490, 16, 505.6325]
[490, 15, 506.3]
[490, 14, 506.865]
[490, 13, 507.2775]
[490, 12, 507.565]
[490, 11, 508.0575]
[490, 10, 508.7]
[490, 9, 509.2925]
[490, 8, 509.7975]
[490, 7, 510.335]
[490, 6, 510.9625]
[490, 5, 511.5675]
[490, 4, 511.9575]
[490, 3, 512.37]
[490, 2, 512.78]
[490, 1, 513.175]
[490, 0, 513.515]
